[
    {
        "input": "What if the 2013 Lexus RC F had retained its original engines? How might its performance differ by 2014 US release?",
        "actual_output": null,
        "expected_output": null,
        "context": [
            "Launched at the 2013 Tokyo show for production in 2014 the Lexus RC F was a smartly styled coupe powered by a small range of four- and six-cylinder engines. Not all of these powertrains were up to the task of delivering serious performance in what was quite a weighty machine, but the RC F that we\u2019re looking at today didn\u2019t suffer from that problem.\u00a0\n\nThe F in RC F stood for Radical Cup, while the F stood for \u2018flagship\u2019 and Fuji Speedway where Lexus did most of its sporting car development. Released at the 2014 Detroit show for sales starting in the US in the later part of that year, the RC F had the IS F super-saloon\u2019s Yamaha-designed naturally aspirated 2UR-GSE 5.0 litre V8 but upgraded through new internals and a higher compression ratio to put out 467hp at a hammering 7,100rpm. That was enough to make it Lexus\u2019s most powerful V8 production coupe ever."
        ],
        "source_file": "10c3d6d5-c2b9-4512-b592-9b60013ff154"
    },
    {
        "input": "If Lexus had released a turbocharged version of the RC F's 5.0L V8, how would its performance specs and output compare to the naturally aspirated 467hp at 7,100rpm version introduced in 2014?",
        "actual_output": null,
        "expected_output": null,
        "context": [
            "Launched at the 2013 Tokyo show for production in 2014 the Lexus RC F was a smartly styled coupe powered by a small range of four- and six-cylinder engines. Not all of these powertrains were up to the task of delivering serious performance in what was quite a weighty machine, but the RC F that we\u2019re looking at today didn\u2019t suffer from that problem.\u00a0\n\nThe F in RC F stood for Radical Cup, while the F stood for \u2018flagship\u2019 and Fuji Speedway where Lexus did most of its sporting car development. Released at the 2014 Detroit show for sales starting in the US in the later part of that year, the RC F had the IS F super-saloon\u2019s Yamaha-designed naturally aspirated 2UR-GSE 5.0 litre V8 but upgraded through new internals and a higher compression ratio to put out 467hp at a hammering 7,100rpm. That was enough to make it Lexus\u2019s most powerful V8 production coupe ever."
        ],
        "source_file": "10c3d6d5-c2b9-4512-b592-9b60013ff154"
    },
    {
        "input": "What makes the RC F's 5.0L V8 engine, with its enhanced internals and compression ratio, unique?",
        "actual_output": null,
        "expected_output": null,
        "context": [
            "Launched at the 2013 Tokyo show for production in 2014 the Lexus RC F was a smartly styled coupe powered by a small range of four- and six-cylinder engines. Not all of these powertrains were up to the task of delivering serious performance in what was quite a weighty machine, but the RC F that we\u2019re looking at today didn\u2019t suffer from that problem.\u00a0\n\nThe F in RC F stood for Radical Cup, while the F stood for \u2018flagship\u2019 and Fuji Speedway where Lexus did most of its sporting car development. Released at the 2014 Detroit show for sales starting in the US in the later part of that year, the RC F had the IS F super-saloon\u2019s Yamaha-designed naturally aspirated 2UR-GSE 5.0 litre V8 but upgraded through new internals and a higher compression ratio to put out 467hp at a hammering 7,100rpm. That was enough to make it Lexus\u2019s most powerful V8 production coupe ever."
        ],
        "source_file": "10c3d6d5-c2b9-4512-b592-9b60013ff154"
    },
    {
        "input": "How do the dual meanings of 'F' in Lexus RC F highlight its Radical Cup origins and Fuji Speedway development?",
        "actual_output": null,
        "expected_output": null,
        "context": [
            "Launched at the 2013 Tokyo show for production in 2014 the Lexus RC F was a smartly styled coupe powered by a small range of four- and six-cylinder engines. Not all of these powertrains were up to the task of delivering serious performance in what was quite a weighty machine, but the RC F that we\u2019re looking at today didn\u2019t suffer from that problem.\u00a0\n\nThe F in RC F stood for Radical Cup, while the F stood for \u2018flagship\u2019 and Fuji Speedway where Lexus did most of its sporting car development. Released at the 2014 Detroit show for sales starting in the US in the later part of that year, the RC F had the IS F super-saloon\u2019s Yamaha-designed naturally aspirated 2UR-GSE 5.0 litre V8 but upgraded through new internals and a higher compression ratio to put out 467hp at a hammering 7,100rpm. That was enough to make it Lexus\u2019s most powerful V8 production coupe ever."
        ],
        "source_file": "10c3d6d5-c2b9-4512-b592-9b60013ff154"
    },
    {
        "input": "What is the price difference between a new RC F (\u00a376.5k) and its Carbon variant (\u00a383.5k) in mid-2023, considering their market value retention and availability of used models?",
        "actual_output": null,
        "expected_output": null,
        "context": [
            "Today, in mid-2023, the RC F is still part of the Lexus offering but prices for a new F now start from \u00a376.5k, or \u00a383.5k if you want the Carbon model. Used RC Fs are pretty thin on the ground and hold their value well. Early examples with 50-60,000 miles will still cost you around \u00a330,000. 2018-on phase two cars with 30,000 miles recorded are available from around \u00a343k.\n\nENGINE & GEARBOX\n\nThe RC F version of the 5.0 V8 engine was significantly different to the IS F\u2019s. The pistons, conrods and crankshaft were all new, as were the wider throttled fuel injection system, dual length intakes and improved head porting. New camshaft profiling with revised VVT-iE variable valve timing and titanium valves helped to lift the redline to 7,300rpm and deliver 54hp more than the IS F. Unusually the RC F went into \u2018Atkinson cycle\u2019 mode when pottering to boost economy."
        ],
        "source_file": "2d7e0458-43f0-469d-8f88-31edee3c8aef"
    },
    {
        "input": "How do current market trends affect pricing and availability of a 2018-on RC F with 30k miles?",
        "actual_output": null,
        "expected_output": null,
        "context": [
            "Today, in mid-2023, the RC F is still part of the Lexus offering but prices for a new F now start from \u00a376.5k, or \u00a383.5k if you want the Carbon model. Used RC Fs are pretty thin on the ground and hold their value well. Early examples with 50-60,000 miles will still cost you around \u00a330,000. 2018-on phase two cars with 30,000 miles recorded are available from around \u00a343k.\n\nENGINE & GEARBOX\n\nThe RC F version of the 5.0 V8 engine was significantly different to the IS F\u2019s. The pistons, conrods and crankshaft were all new, as were the wider throttled fuel injection system, dual length intakes and improved head porting. New camshaft profiling with revised VVT-iE variable valve timing and titanium valves helped to lift the redline to 7,300rpm and deliver 54hp more than the IS F. Unusually the RC F went into \u2018Atkinson cycle\u2019 mode when pottering to boost economy."
        ],
        "source_file": "2d7e0458-43f0-469d-8f88-31edee3c8aef"
    },
    {
        "input": "How do the new pistons, conrods, crankshaft, and variable valve timing in the RC F enhance its performance compared to the IS F?",
        "actual_output": null,
        "expected_output": null,
        "context": [
            "Today, in mid-2023, the RC F is still part of the Lexus offering but prices for a new F now start from \u00a376.5k, or \u00a383.5k if you want the Carbon model. Used RC Fs are pretty thin on the ground and hold their value well. Early examples with 50-60,000 miles will still cost you around \u00a330,000. 2018-on phase two cars with 30,000 miles recorded are available from around \u00a343k.\n\nENGINE & GEARBOX\n\nThe RC F version of the 5.0 V8 engine was significantly different to the IS F\u2019s. The pistons, conrods and crankshaft were all new, as were the wider throttled fuel injection system, dual length intakes and improved head porting. New camshaft profiling with revised VVT-iE variable valve timing and titanium valves helped to lift the redline to 7,300rpm and deliver 54hp more than the IS F. Unusually the RC F went into \u2018Atkinson cycle\u2019 mode when pottering to boost economy."
        ],
        "source_file": "2d7e0458-43f0-469d-8f88-31edee3c8aef"
    },
    {
        "input": "How do mileage, model year, and pricing of used RC Fs, especially early examples and phase two cars, impact their market longevity and value retention?",
        "actual_output": null,
        "expected_output": null,
        "context": [
            "Today, in mid-2023, the RC F is still part of the Lexus offering but prices for a new F now start from \u00a376.5k, or \u00a383.5k if you want the Carbon model. Used RC Fs are pretty thin on the ground and hold their value well. Early examples with 50-60,000 miles will still cost you around \u00a330,000. 2018-on phase two cars with 30,000 miles recorded are available from around \u00a343k.\n\nENGINE & GEARBOX\n\nThe RC F version of the 5.0 V8 engine was significantly different to the IS F\u2019s. The pistons, conrods and crankshaft were all new, as were the wider throttled fuel injection system, dual length intakes and improved head porting. New camshaft profiling with revised VVT-iE variable valve timing and titanium valves helped to lift the redline to 7,300rpm and deliver 54hp more than the IS F. Unusually the RC F went into \u2018Atkinson cycle\u2019 mode when pottering to boost economy."
        ],
        "source_file": "2d7e0458-43f0-469d-8f88-31edee3c8aef"
    },
    {
        "input": "If Lexus extended service intervals to 10k miles, how would costs for 5k, intermediate, full, and 60k services change?",
        "actual_output": null,
        "expected_output": null,
        "context": [
            "On the plus side, those long ratios encouraged you to hang onto the gears, a very pleasurable experience indeed as the sound the RC F made through its pipes and under-dash Active Sound Control speaker in the top two modes especially was nothing short of brilliant, or incredible with a good set of aftermarket headers and/or backbox fitted. Nothing else sounded like it. OK, Mustang apart, there wasn\u2019t much competition in the non-turbo V8 class. \u00a0\n\nF models are the most expensive Lexuses to service. After the initial checkover at 5k miles/6 months, an intermediate now costs \u00a3415 and a full service \u00a3770. Replacement of the spark plugs and the non-oil fluids, like for the diff and brakes, is part of the 60k/6-year service, making that one more expensive at over \u00a31,000. After the expiry of the 3-year/60,000 mile new car warranty you could buy new 12-month/10,000 mile Lexus \u2018activated\u2019 warranties at each service until the RC F reached the 10-year/100,000 mile mark."
        ],
        "source_file": "09ef2969-4249-4ce7-af49-de7fc13d4d2b"
    },
    {
        "input": "How would the RC F\u2019s exhaust note be altered with aftermarket headers but without Active Sound Control?",
        "actual_output": null,
        "expected_output": null,
        "context": [
            "On the plus side, those long ratios encouraged you to hang onto the gears, a very pleasurable experience indeed as the sound the RC F made through its pipes and under-dash Active Sound Control speaker in the top two modes especially was nothing short of brilliant, or incredible with a good set of aftermarket headers and/or backbox fitted. Nothing else sounded like it. OK, Mustang apart, there wasn\u2019t much competition in the non-turbo V8 class. \u00a0\n\nF models are the most expensive Lexuses to service. After the initial checkover at 5k miles/6 months, an intermediate now costs \u00a3415 and a full service \u00a3770. Replacement of the spark plugs and the non-oil fluids, like for the diff and brakes, is part of the 60k/6-year service, making that one more expensive at over \u00a31,000. After the expiry of the 3-year/60,000 mile new car warranty you could buy new 12-month/10,000 mile Lexus \u2018activated\u2019 warranties at each service until the RC F reached the 10-year/100,000 mile mark."
        ],
        "source_file": "09ef2969-4249-4ce7-af49-de7fc13d4d2b"
    },
    {
        "input": "What are Lexus RC F service costs, intervals, and warranty details, especially at the 60k/6-year mark?",
        "actual_output": null,
        "expected_output": null,
        "context": [
            "On the plus side, those long ratios encouraged you to hang onto the gears, a very pleasurable experience indeed as the sound the RC F made through its pipes and under-dash Active Sound Control speaker in the top two modes especially was nothing short of brilliant, or incredible with a good set of aftermarket headers and/or backbox fitted. Nothing else sounded like it. OK, Mustang apart, there wasn\u2019t much competition in the non-turbo V8 class. \u00a0\n\nF models are the most expensive Lexuses to service. After the initial checkover at 5k miles/6 months, an intermediate now costs \u00a3415 and a full service \u00a3770. Replacement of the spark plugs and the non-oil fluids, like for the diff and brakes, is part of the 60k/6-year service, making that one more expensive at over \u00a31,000. After the expiry of the 3-year/60,000 mile new car warranty you could buy new 12-month/10,000 mile Lexus \u2018activated\u2019 warranties at each service until the RC F reached the 10-year/100,000 mile mark."
        ],
        "source_file": "09ef2969-4249-4ce7-af49-de7fc13d4d2b"
    },
    {
        "input": "How do the maintenance regimen and unique auditory characteristics of Lexus F models affect their service costs and intervals compared to other non-turbo V8s?",
        "actual_output": null,
        "expected_output": null,
        "context": [
            "On the plus side, those long ratios encouraged you to hang onto the gears, a very pleasurable experience indeed as the sound the RC F made through its pipes and under-dash Active Sound Control speaker in the top two modes especially was nothing short of brilliant, or incredible with a good set of aftermarket headers and/or backbox fitted. Nothing else sounded like it. OK, Mustang apart, there wasn\u2019t much competition in the non-turbo V8 class. \u00a0\n\nF models are the most expensive Lexuses to service. After the initial checkover at 5k miles/6 months, an intermediate now costs \u00a3415 and a full service \u00a3770. Replacement of the spark plugs and the non-oil fluids, like for the diff and brakes, is part of the 60k/6-year service, making that one more expensive at over \u00a31,000. After the expiry of the 3-year/60,000 mile new car warranty you could buy new 12-month/10,000 mile Lexus \u2018activated\u2019 warranties at each service until the RC F reached the 10-year/100,000 mile mark."
        ],
        "source_file": "09ef2969-4249-4ce7-af49-de7fc13d4d2b"
    },
    {
        "input": "If the RC F were driven exclusively in Eco mode, how might its fuel efficiency (30-38mpg) influence long-distance travel compared to spirited driving (high teens-low 20s)?",
        "actual_output": null,
        "expected_output": null,
        "context": [
            "One owner claimed to have achieved 38mpg on a gentle run, and 30mpg was more than doable in normal Eco mode motoring, but hitting the official combined fuel consumption figure of 26.2mpg was difficult when driving enthusiastically. High teens or low 20s were the norm.\n\nCHASSIS\n\nDouble wishbone front and a multi-link rear was the RC F\u2019s tried and tested suspension mix, with the front arms made of forged aluminium. Even so, the RC F wasn\u2019t a small or light car. You could never describe it as agile, but hard development yards put in by Lexus at Fuji and the N\u00fcrburgring went a long way towards keeping it tidy enough even on difficult roads.\u00a0\n\nNew Sport and Expert modes were added to Lexus\u2019s VDIM system to give it four modes in all, Expert only butting in if it sensed the car was about to do a pirouette. There wasn\u2019t much connection through the electronic steering, and you\u2019d definitely prefer the Track Edition for circuits, but the regular car was fine for ambling (if not so much gambling) on public roads."
        ],
        "source_file": "8d5b3559-2b55-4aa6-a244-7457b370c52b"
    },
    {
        "input": "If Lexus fully upgraded RC F's suspension with forged aluminium and superior VDIM modes, how would its handling on tough terrains evolve?",
        "actual_output": null,
        "expected_output": null,
        "context": [
            "One owner claimed to have achieved 38mpg on a gentle run, and 30mpg was more than doable in normal Eco mode motoring, but hitting the official combined fuel consumption figure of 26.2mpg was difficult when driving enthusiastically. High teens or low 20s were the norm.\n\nCHASSIS\n\nDouble wishbone front and a multi-link rear was the RC F\u2019s tried and tested suspension mix, with the front arms made of forged aluminium. Even so, the RC F wasn\u2019t a small or light car. You could never describe it as agile, but hard development yards put in by Lexus at Fuji and the N\u00fcrburgring went a long way towards keeping it tidy enough even on difficult roads.\u00a0\n\nNew Sport and Expert modes were added to Lexus\u2019s VDIM system to give it four modes in all, Expert only butting in if it sensed the car was about to do a pirouette. There wasn\u2019t much connection through the electronic steering, and you\u2019d definitely prefer the Track Edition for circuits, but the regular car was fine for ambling (if not so much gambling) on public roads."
        ],
        "source_file": "8d5b3559-2b55-4aa6-a244-7457b370c52b"
    },
    {
        "input": "Evaluate the RC F's handling and fuel efficiency from gentle runs to enthusiastic driving in various modes.",
        "actual_output": null,
        "expected_output": null,
        "context": [
            "One owner claimed to have achieved 38mpg on a gentle run, and 30mpg was more than doable in normal Eco mode motoring, but hitting the official combined fuel consumption figure of 26.2mpg was difficult when driving enthusiastically. High teens or low 20s were the norm.\n\nCHASSIS\n\nDouble wishbone front and a multi-link rear was the RC F\u2019s tried and tested suspension mix, with the front arms made of forged aluminium. Even so, the RC F wasn\u2019t a small or light car. You could never describe it as agile, but hard development yards put in by Lexus at Fuji and the N\u00fcrburgring went a long way towards keeping it tidy enough even on difficult roads.\u00a0\n\nNew Sport and Expert modes were added to Lexus\u2019s VDIM system to give it four modes in all, Expert only butting in if it sensed the car was about to do a pirouette. There wasn\u2019t much connection through the electronic steering, and you\u2019d definitely prefer the Track Edition for circuits, but the regular car was fine for ambling (if not so much gambling) on public roads."
        ],
        "source_file": "8d5b3559-2b55-4aa6-a244-7457b370c52b"
    },
    {
        "input": "Imagine the Lexus RC F's VDIM system had an additional mode. How would this affect driving dynamics?",
        "actual_output": null,
        "expected_output": null,
        "context": [
            "One owner claimed to have achieved 38mpg on a gentle run, and 30mpg was more than doable in normal Eco mode motoring, but hitting the official combined fuel consumption figure of 26.2mpg was difficult when driving enthusiastically. High teens or low 20s were the norm.\n\nCHASSIS\n\nDouble wishbone front and a multi-link rear was the RC F\u2019s tried and tested suspension mix, with the front arms made of forged aluminium. Even so, the RC F wasn\u2019t a small or light car. You could never describe it as agile, but hard development yards put in by Lexus at Fuji and the N\u00fcrburgring went a long way towards keeping it tidy enough even on difficult roads.\u00a0\n\nNew Sport and Expert modes were added to Lexus\u2019s VDIM system to give it four modes in all, Expert only butting in if it sensed the car was about to do a pirouette. There wasn\u2019t much connection through the electronic steering, and you\u2019d definitely prefer the Track Edition for circuits, but the regular car was fine for ambling (if not so much gambling) on public roads."
        ],
        "source_file": "8d5b3559-2b55-4aa6-a244-7457b370c52b"
    },
    {
        "input": "What if RC F values tripled overnight? How might this impact owner retention and market availability?",
        "actual_output": null,
        "expected_output": null,
        "context": [
            "RC F values have been pretty much static for the last four years. This, along with the fact that there were just two RC Fs for sale on PH Classifieds at the time of going to press, and very few elsewhere, tells you something about the bond that RC F owners can form with their cars."
        ],
        "source_file": "e4a01677-1e41-4cd2-99db-5acb17bf7f3a"
    },
    {
        "input": "Compare the static RC F values with the scarcity on PH Classifieds to determine owner loyalty and turnover.",
        "actual_output": null,
        "expected_output": null,
        "context": [
            "RC F values have been pretty much static for the last four years. This, along with the fact that there were just two RC Fs for sale on PH Classifieds at the time of going to press, and very few elsewhere, tells you something about the bond that RC F owners can form with their cars."
        ],
        "source_file": "e4a01677-1e41-4cd2-99db-5acb17bf7f3a"
    },
    {
        "input": "How does the strong bond RC F owners have, reflected in static values and rarity, compare to other car models' owner attachment?",
        "actual_output": null,
        "expected_output": null,
        "context": [
            "RC F values have been pretty much static for the last four years. This, along with the fact that there were just two RC Fs for sale on PH Classifieds at the time of going to press, and very few elsewhere, tells you something about the bond that RC F owners can form with their cars."
        ],
        "source_file": "e4a01677-1e41-4cd2-99db-5acb17bf7f3a"
    },
    {
        "input": "If RC F values suddenly spiked, how would this reflect owners' attachment to their cars?",
        "actual_output": null,
        "expected_output": null,
        "context": [
            "RC F values have been pretty much static for the last four years. This, along with the fact that there were just two RC Fs for sale on PH Classifieds at the time of going to press, and very few elsewhere, tells you something about the bond that RC F owners can form with their cars."
        ],
        "source_file": "e4a01677-1e41-4cd2-99db-5acb17bf7f3a"
    },
    {
        "input": "How do RC F Carbon's CFRP components, torque vectoring differential, and 17-speaker ML audio system improve performance compared to the standard RC F?",
        "actual_output": null,
        "expected_output": null,
        "context": [
            "That was enough to make it Lexus\u2019s most powerful V8 production coupe ever.\u00a0\n\nWith an in-house built eight-speed torque converter Sports Direct Shift auto gearbox attached, the rear-drive F was good for a 0-62mph time of 4.5 seconds. Along with all the expected-for-Lexus driver aids there was a Torsen mechanical limited-slip diff, aero-optimised underbody panels and an active rear spoiler which, in the RC F Carbon, was made of carbon fibre-reinforced plastic. The Carbon also had a CFRP bonnet and roof and a torque vectoring differential, a first in a front-engined, rear-wheel drive car. The TDV was available as an option on the straight RC F, as was the Carbon\u2019s 17-speaker Mark Levinson audio system.\n\nOddly, you could only get TVD on Levinson-equipped cars, but in the real world very few RC Fs didn\u2019t have the ML kit. Sunroofs, Adaptive Cruise Control (ACC) and Pre-Crash Safety systems were all optional."
        ],
        "source_file": "cb469d1f-ab48-421f-ba94-edbc9831c9f4"
    },
    {
        "input": "Compare the gearbox specs, differential options, and aero features of the RC F and RC F Carbon.",
        "actual_output": null,
        "expected_output": null,
        "context": [
            "That was enough to make it Lexus\u2019s most powerful V8 production coupe ever.\u00a0\n\nWith an in-house built eight-speed torque converter Sports Direct Shift auto gearbox attached, the rear-drive F was good for a 0-62mph time of 4.5 seconds. Along with all the expected-for-Lexus driver aids there was a Torsen mechanical limited-slip diff, aero-optimised underbody panels and an active rear spoiler which, in the RC F Carbon, was made of carbon fibre-reinforced plastic. The Carbon also had a CFRP bonnet and roof and a torque vectoring differential, a first in a front-engined, rear-wheel drive car. The TDV was available as an option on the straight RC F, as was the Carbon\u2019s 17-speaker Mark Levinson audio system.\n\nOddly, you could only get TVD on Levinson-equipped cars, but in the real world very few RC Fs didn\u2019t have the ML kit. Sunroofs, Adaptive Cruise Control (ACC) and Pre-Crash Safety systems were all optional."
        ],
        "source_file": "cb469d1f-ab48-421f-ba94-edbc9831c9f4"
    },
    {
        "input": "How would replacing the RC F Carbon's CFRP bonnet and roof with heavier materials impact its TVD performance and overall efficiency, considering its use of a torque vectoring differential and aero-optimised underbody panels?",
        "actual_output": null,
        "expected_output": null,
        "context": [
            "That was enough to make it Lexus\u2019s most powerful V8 production coupe ever.\u00a0\n\nWith an in-house built eight-speed torque converter Sports Direct Shift auto gearbox attached, the rear-drive F was good for a 0-62mph time of 4.5 seconds. Along with all the expected-for-Lexus driver aids there was a Torsen mechanical limited-slip diff, aero-optimised underbody panels and an active rear spoiler which, in the RC F Carbon, was made of carbon fibre-reinforced plastic. The Carbon also had a CFRP bonnet and roof and a torque vectoring differential, a first in a front-engined, rear-wheel drive car. The TDV was available as an option on the straight RC F, as was the Carbon\u2019s 17-speaker Mark Levinson audio system.\n\nOddly, you could only get TVD on Levinson-equipped cars, but in the real world very few RC Fs didn\u2019t have the ML kit. Sunroofs, Adaptive Cruise Control (ACC) and Pre-Crash Safety systems were all optional."
        ],
        "source_file": "cb469d1f-ab48-421f-ba94-edbc9831c9f4"
    },
    {
        "input": "Imagine a scenario where every RC F included TDV, ACC, and CFRP components. How would this impact its performance?",
        "actual_output": null,
        "expected_output": null,
        "context": [
            "That was enough to make it Lexus\u2019s most powerful V8 production coupe ever.\u00a0\n\nWith an in-house built eight-speed torque converter Sports Direct Shift auto gearbox attached, the rear-drive F was good for a 0-62mph time of 4.5 seconds. Along with all the expected-for-Lexus driver aids there was a Torsen mechanical limited-slip diff, aero-optimised underbody panels and an active rear spoiler which, in the RC F Carbon, was made of carbon fibre-reinforced plastic. The Carbon also had a CFRP bonnet and roof and a torque vectoring differential, a first in a front-engined, rear-wheel drive car. The TDV was available as an option on the straight RC F, as was the Carbon\u2019s 17-speaker Mark Levinson audio system.\n\nOddly, you could only get TVD on Levinson-equipped cars, but in the real world very few RC Fs didn\u2019t have the ML kit. Sunroofs, Adaptive Cruise Control (ACC) and Pre-Crash Safety systems were all optional."
        ],
        "source_file": "cb469d1f-ab48-421f-ba94-edbc9831c9f4"
    },
    {
        "input": "How do high-restraint mpg, increased oil usage, and fuel line recalls impact an old-school V8 with fuel leak risks and high-pressure fuel pump issues?",
        "actual_output": null,
        "expected_output": null,
        "context": [
            "Some owners have reported high-restraint mpg figures in the high 30s which is pretty amazing for an old-school naturally aspirated V8.\u00a0\n\nThere was a recall for a delaminating fuel line which could cause petrol to leak directly onto the engine, and there was some trouble with the dampers in the high-pressure fuel pumps (there are two on the RC F) which \u2018chirp\u2019 when they start to go bad. Replacement pumps out of warranty were getting on for \u00a31,000 each.\u00a0\n\nWe have heard of heavier-than-normal oil usage on higher-mileage cars but carbon buildup hasn\u2019t been an issue because the engine is both port- and direct-injected. Lexus has an excellent reputation for quickly resolving what few complaints they have had. \u00a0\n\nThe eight-speed torque converter auto had five modes from Eco to Sport S+, with a sixth Custom setting arriving in the 2018 refresh. In Sport S+ the Sport mode of the car\u2019s VDIM (Vehicle Dynamics Integrated Management) system was activated."
        ],
        "source_file": "b1690bfc-a8c1-46ef-9c9d-4fcf7768c4b9"
    },
    {
        "input": "What are the effects of fuel line delamination and high-pressure fuel pump damper issues on old-school V8s?",
        "actual_output": null,
        "expected_output": null,
        "context": [
            "Some owners have reported high-restraint mpg figures in the high 30s which is pretty amazing for an old-school naturally aspirated V8.\u00a0\n\nThere was a recall for a delaminating fuel line which could cause petrol to leak directly onto the engine, and there was some trouble with the dampers in the high-pressure fuel pumps (there are two on the RC F) which \u2018chirp\u2019 when they start to go bad. Replacement pumps out of warranty were getting on for \u00a31,000 each.\u00a0\n\nWe have heard of heavier-than-normal oil usage on higher-mileage cars but carbon buildup hasn\u2019t been an issue because the engine is both port- and direct-injected. Lexus has an excellent reputation for quickly resolving what few complaints they have had. \u00a0\n\nThe eight-speed torque converter auto had five modes from Eco to Sport S+, with a sixth Custom setting arriving in the 2018 refresh. In Sport S+ the Sport mode of the car\u2019s VDIM (Vehicle Dynamics Integrated Management) system was activated."
        ],
        "source_file": "b1690bfc-a8c1-46ef-9c9d-4fcf7768c4b9"
    },
    {
        "input": "How does Lexus tackle recurring RC F fuel pump failures and their \u00a31,000 replacement costs?",
        "actual_output": null,
        "expected_output": null,
        "context": [
            "Some owners have reported high-restraint mpg figures in the high 30s which is pretty amazing for an old-school naturally aspirated V8.\u00a0\n\nThere was a recall for a delaminating fuel line which could cause petrol to leak directly onto the engine, and there was some trouble with the dampers in the high-pressure fuel pumps (there are two on the RC F) which \u2018chirp\u2019 when they start to go bad. Replacement pumps out of warranty were getting on for \u00a31,000 each.\u00a0\n\nWe have heard of heavier-than-normal oil usage on higher-mileage cars but carbon buildup hasn\u2019t been an issue because the engine is both port- and direct-injected. Lexus has an excellent reputation for quickly resolving what few complaints they have had. \u00a0\n\nThe eight-speed torque converter auto had five modes from Eco to Sport S+, with a sixth Custom setting arriving in the 2018 refresh. In Sport S+ the Sport mode of the car\u2019s VDIM (Vehicle Dynamics Integrated Management) system was activated."
        ],
        "source_file": "b1690bfc-a8c1-46ef-9c9d-4fcf7768c4b9"
    },
    {
        "input": "How would the integration of autonomous driving mode interact with the RC F\u2019s Eco, Sport S+, and Custom modes, considering potential impacts on fuel efficiency and VDIM activation?",
        "actual_output": null,
        "expected_output": null,
        "context": [
            "Some owners have reported high-restraint mpg figures in the high 30s which is pretty amazing for an old-school naturally aspirated V8.\u00a0\n\nThere was a recall for a delaminating fuel line which could cause petrol to leak directly onto the engine, and there was some trouble with the dampers in the high-pressure fuel pumps (there are two on the RC F) which \u2018chirp\u2019 when they start to go bad. Replacement pumps out of warranty were getting on for \u00a31,000 each.\u00a0\n\nWe have heard of heavier-than-normal oil usage on higher-mileage cars but carbon buildup hasn\u2019t been an issue because the engine is both port- and direct-injected. Lexus has an excellent reputation for quickly resolving what few complaints they have had. \u00a0\n\nThe eight-speed torque converter auto had five modes from Eco to Sport S+, with a sixth Custom setting arriving in the 2018 refresh. In Sport S+ the Sport mode of the car\u2019s VDIM (Vehicle Dynamics Integrated Management) system was activated."
        ],
        "source_file": "b1690bfc-a8c1-46ef-9c9d-4fcf7768c4b9"
    },
    {
        "input": "How does Sport S utilize G-sensor data for gear shifts, and how does Sport S+ enhance downshifting speed and engine performance?",
        "actual_output": null,
        "expected_output": null,
        "context": [
            "One level below Sport S+ was Sport S which used G-sensor information to pick the best gear for fast driving, automatically downshifting during hard braking and holding a low gear for good corner exits. Sport S+ sped up downshifts and kept the engine running at higher speeds.\n\nThe box shifted well for a non-dual-clutcher, with a throttle blip between paddle downshifts and the ability to hold onto a gear. In the right circumstances, the box would drop fairly instantaneously from 7th to 2nd, but really you were better off using it in manual mode. The ratios were quite long \u2013\u00a0nearly 80mph in 2nd and 110mph in 3rd \u2013 adding to the underlying sensation of there not being that much urge below 3,000rpm. If you spent a lot of time in towns the intelligent transmission would get lazy and begin to introduce noticeable delays or rethinks into the quick-downchange process."
        ],
        "source_file": "cfee5611-1119-4094-97ae-fca4431b5a27"
    },
    {
        "input": "Compare the gear selection strategies and engine speed maintenance between Sport S and Sport S+ modes during dynamic driving.",
        "actual_output": null,
        "expected_output": null,
        "context": [
            "One level below Sport S+ was Sport S which used G-sensor information to pick the best gear for fast driving, automatically downshifting during hard braking and holding a low gear for good corner exits. Sport S+ sped up downshifts and kept the engine running at higher speeds.\n\nThe box shifted well for a non-dual-clutcher, with a throttle blip between paddle downshifts and the ability to hold onto a gear. In the right circumstances, the box would drop fairly instantaneously from 7th to 2nd, but really you were better off using it in manual mode. The ratios were quite long \u2013\u00a0nearly 80mph in 2nd and 110mph in 3rd \u2013 adding to the underlying sensation of there not being that much urge below 3,000rpm. If you spent a lot of time in towns the intelligent transmission would get lazy and begin to introduce noticeable delays or rethinks into the quick-downchange process."
        ],
        "source_file": "cfee5611-1119-4094-97ae-fca4431b5a27"
    },
    {
        "input": "How do Sport S mode's long gear ratios, transmission intelligence, and throttle blip impact downshift delays in urban driving?",
        "actual_output": null,
        "expected_output": null,
        "context": [
            "One level below Sport S+ was Sport S which used G-sensor information to pick the best gear for fast driving, automatically downshifting during hard braking and holding a low gear for good corner exits. Sport S+ sped up downshifts and kept the engine running at higher speeds.\n\nThe box shifted well for a non-dual-clutcher, with a throttle blip between paddle downshifts and the ability to hold onto a gear. In the right circumstances, the box would drop fairly instantaneously from 7th to 2nd, but really you were better off using it in manual mode. The ratios were quite long \u2013\u00a0nearly 80mph in 2nd and 110mph in 3rd \u2013 adding to the underlying sensation of there not being that much urge below 3,000rpm. If you spent a lot of time in towns the intelligent transmission would get lazy and begin to introduce noticeable delays or rethinks into the quick-downchange process."
        ],
        "source_file": "cfee5611-1119-4094-97ae-fca4431b5a27"
    },
    {
        "input": "How do Sport S and Sport S+ modes differ in gear shifting responsiveness and speed retention?",
        "actual_output": null,
        "expected_output": null,
        "context": [
            "One level below Sport S+ was Sport S which used G-sensor information to pick the best gear for fast driving, automatically downshifting during hard braking and holding a low gear for good corner exits. Sport S+ sped up downshifts and kept the engine running at higher speeds.\n\nThe box shifted well for a non-dual-clutcher, with a throttle blip between paddle downshifts and the ability to hold onto a gear. In the right circumstances, the box would drop fairly instantaneously from 7th to 2nd, but really you were better off using it in manual mode. The ratios were quite long \u2013\u00a0nearly 80mph in 2nd and 110mph in 3rd \u2013 adding to the underlying sensation of there not being that much urge below 3,000rpm. If you spent a lot of time in towns the intelligent transmission would get lazy and begin to introduce noticeable delays or rethinks into the quick-downchange process."
        ],
        "source_file": "cfee5611-1119-4094-97ae-fca4431b5a27"
    },
    {
        "input": "Considering the discomfort taller RC F owners experienced with high seat bases and sunroof, elaborate on their additional concerns with delaminating dashboards and exterior carbon pieces.",
        "actual_output": null,
        "expected_output": null,
        "context": [
            "Some RC Fs had poorly-applied rear wheelarch sealer which could lead to water ingress and eventual rust, especially in high salt-use regions (step forward UK)\n\nINTERIOR\u00a0\n\nThe RC F driving position didn\u2019t suit everybody. Taller folk found the seat bases to be too high, especially with the sunroof fitted, promoting a hunched, bent-neck posture. The dashtop also seemed quite high. Humans don\u2019t really fit in the rear seats. You could get a child seat in there but belting the little \u2018un in wasn\u2019t that easy. The boot was usefully capacious but we\u2019re not suggesting that as an alternative.\u00a0\n\nLexus went for a simplistic dash design which you might think was either a design masterpiece or a bit dull. The instrument panel was inspired though and great to watch as it went through its party pieces.\u00a0One thing you\u2019d think there\u2019d be little dispute about was the quality of Lexus materials and the way they were bonded together but American owners in particular have reported problems with cracking/delaminating dashboards and trim panels. Similar issues were reported on exterior carbon pieces."
        ],
        "source_file": "62d61536-0c22-4522-aa38-fa77033eb9d6"
    },
    {
        "input": "Imagine if the RC F's seating configuration suited all drivers. How might its material quality and durability issues then influence buyer satisfaction?",
        "actual_output": null,
        "expected_output": null,
        "context": [
            "Some RC Fs had poorly-applied rear wheelarch sealer which could lead to water ingress and eventual rust, especially in high salt-use regions (step forward UK)\n\nINTERIOR\u00a0\n\nThe RC F driving position didn\u2019t suit everybody. Taller folk found the seat bases to be too high, especially with the sunroof fitted, promoting a hunched, bent-neck posture. The dashtop also seemed quite high. Humans don\u2019t really fit in the rear seats. You could get a child seat in there but belting the little \u2018un in wasn\u2019t that easy. The boot was usefully capacious but we\u2019re not suggesting that as an alternative.\u00a0\n\nLexus went for a simplistic dash design which you might think was either a design masterpiece or a bit dull. The instrument panel was inspired though and great to watch as it went through its party pieces.\u00a0One thing you\u2019d think there\u2019d be little dispute about was the quality of Lexus materials and the way they were bonded together but American owners in particular have reported problems with cracking/delaminating dashboards and trim panels. Similar issues were reported on exterior carbon pieces."
        ],
        "source_file": "62d61536-0c22-4522-aa38-fa77033eb9d6"
    },
    {
        "input": "Assess the effect of the RC F\u2019s high seat bases on taller drivers and the dashboard cracking/delaminating issues, especially among American owners.",
        "actual_output": null,
        "expected_output": null,
        "context": [
            "Some RC Fs had poorly-applied rear wheelarch sealer which could lead to water ingress and eventual rust, especially in high salt-use regions (step forward UK)\n\nINTERIOR\u00a0\n\nThe RC F driving position didn\u2019t suit everybody. Taller folk found the seat bases to be too high, especially with the sunroof fitted, promoting a hunched, bent-neck posture. The dashtop also seemed quite high. Humans don\u2019t really fit in the rear seats. You could get a child seat in there but belting the little \u2018un in wasn\u2019t that easy. The boot was usefully capacious but we\u2019re not suggesting that as an alternative.\u00a0\n\nLexus went for a simplistic dash design which you might think was either a design masterpiece or a bit dull. The instrument panel was inspired though and great to watch as it went through its party pieces.\u00a0One thing you\u2019d think there\u2019d be little dispute about was the quality of Lexus materials and the way they were bonded together but American owners in particular have reported problems with cracking/delaminating dashboards and trim panels. Similar issues were reported on exterior carbon pieces."
        ],
        "source_file": "62d61536-0c22-4522-aa38-fa77033eb9d6"
    },
    {
        "input": "Considering the dashboard and trim cracking in U.S. RC F owners' cars, predict the long-term effects of continuous UV exposure on both interior and exterior materials.",
        "actual_output": null,
        "expected_output": null,
        "context": [
            "Some RC Fs had poorly-applied rear wheelarch sealer which could lead to water ingress and eventual rust, especially in high salt-use regions (step forward UK)\n\nINTERIOR\u00a0\n\nThe RC F driving position didn\u2019t suit everybody. Taller folk found the seat bases to be too high, especially with the sunroof fitted, promoting a hunched, bent-neck posture. The dashtop also seemed quite high. Humans don\u2019t really fit in the rear seats. You could get a child seat in there but belting the little \u2018un in wasn\u2019t that easy. The boot was usefully capacious but we\u2019re not suggesting that as an alternative.\u00a0\n\nLexus went for a simplistic dash design which you might think was either a design masterpiece or a bit dull. The instrument panel was inspired though and great to watch as it went through its party pieces.\u00a0One thing you\u2019d think there\u2019d be little dispute about was the quality of Lexus materials and the way they were bonded together but American owners in particular have reported problems with cracking/delaminating dashboards and trim panels. Similar issues were reported on exterior carbon pieces."
        ],
        "source_file": "62d61536-0c22-4522-aa38-fa77033eb9d6"
    },
    {
        "input": "How might the RC F's desirability and market stability evolve post-LC500, given its reliability and value constancy?",
        "actual_output": null,
        "expected_output": null,
        "context": [
            "The RC F stood up very well as a fast and fine-sounding sports coupe as long as you weren\u2019t troubled by the inevitable \u2018why didn\u2019t you get an M3 or an M4?\u2019 questions.\n\nDespite the arrival of the similar from a distance but more \u2018special\u2019 (and therefore somewhat more expensive) LC500, Lexus is still happily making the RC F and the changes they have made to it over the years have been relatively minor. That\u2019s fine because there\u2019s never really been anything wrong with it. The combination of that constancy and a reassuring reliability record means that you can fully tap into the F experience from behind the wheel of a low-priced early example without feeling short-changed.\n\nHow low? Well, as mentioned at the beginning, higher-mileage cars (but still with under 60,000 miles) can be found at under \u00a330,000. With a \u00a335k budget, you can be in something with half that mileage. RC F values have been pretty much static for the last four years."
        ],
        "source_file": "daaf1d98-b71c-4f79-8e09-8e4353eb3ca8"
    },
    {
        "input": "If RC F's price halved, would its reliability and exclusivity still rival the M3/M4?",
        "actual_output": null,
        "expected_output": null,
        "context": [
            "The RC F stood up very well as a fast and fine-sounding sports coupe as long as you weren\u2019t troubled by the inevitable \u2018why didn\u2019t you get an M3 or an M4?\u2019 questions.\n\nDespite the arrival of the similar from a distance but more \u2018special\u2019 (and therefore somewhat more expensive) LC500, Lexus is still happily making the RC F and the changes they have made to it over the years have been relatively minor. That\u2019s fine because there\u2019s never really been anything wrong with it. The combination of that constancy and a reassuring reliability record means that you can fully tap into the F experience from behind the wheel of a low-priced early example without feeling short-changed.\n\nHow low? Well, as mentioned at the beginning, higher-mileage cars (but still with under 60,000 miles) can be found at under \u00a330,000. With a \u00a335k budget, you can be in something with half that mileage. RC F values have been pretty much static for the last four years."
        ],
        "source_file": "daaf1d98-b71c-4f79-8e09-8e4353eb3ca8"
    },
    {
        "input": "How do minor updates and steadfast reliability sustain the RC F's market value amid the pricier LC500?",
        "actual_output": null,
        "expected_output": null,
        "context": [
            "The RC F stood up very well as a fast and fine-sounding sports coupe as long as you weren\u2019t troubled by the inevitable \u2018why didn\u2019t you get an M3 or an M4?\u2019 questions.\n\nDespite the arrival of the similar from a distance but more \u2018special\u2019 (and therefore somewhat more expensive) LC500, Lexus is still happily making the RC F and the changes they have made to it over the years have been relatively minor. That\u2019s fine because there\u2019s never really been anything wrong with it. The combination of that constancy and a reassuring reliability record means that you can fully tap into the F experience from behind the wheel of a low-priced early example without feeling short-changed.\n\nHow low? Well, as mentioned at the beginning, higher-mileage cars (but still with under 60,000 miles) can be found at under \u00a330,000. With a \u00a335k budget, you can be in something with half that mileage. RC F values have been pretty much static for the last four years."
        ],
        "source_file": "daaf1d98-b71c-4f79-8e09-8e4353eb3ca8"
    },
    {
        "input": "If the RC F were discontinued, how might its costs and mileage compare to the BMW M3 and M4 over time?",
        "actual_output": null,
        "expected_output": null,
        "context": [
            "The RC F stood up very well as a fast and fine-sounding sports coupe as long as you weren\u2019t troubled by the inevitable \u2018why didn\u2019t you get an M3 or an M4?\u2019 questions.\n\nDespite the arrival of the similar from a distance but more \u2018special\u2019 (and therefore somewhat more expensive) LC500, Lexus is still happily making the RC F and the changes they have made to it over the years have been relatively minor. That\u2019s fine because there\u2019s never really been anything wrong with it. The combination of that constancy and a reassuring reliability record means that you can fully tap into the F experience from behind the wheel of a low-priced early example without feeling short-changed.\n\nHow low? Well, as mentioned at the beginning, higher-mileage cars (but still with under 60,000 miles) can be found at under \u00a330,000. With a \u00a335k budget, you can be in something with half that mileage. RC F values have been pretty much static for the last four years."
        ],
        "source_file": "daaf1d98-b71c-4f79-8e09-8e4353eb3ca8"
    },
    {
        "input": "Imagine TVD fails mid-track event. How would turn-in, throttle response, and drift control differ vs. Torsen diff, and what financial impact would result?",
        "actual_output": null,
        "expected_output": null,
        "context": [
            "The switchable three-mode torque-vectoring differential that was standard on the Track Edition was available as a \u00a34,000 option to the Torsen mechanical limited-slip diff on the standard RC F. TVD gave a useful sensation of \u2018centredness\u2019 on initial turn-in and it provided the most natural experience in Track setting, engaging and locking the diff on any kind of throttle input and allowing you to control a drift on the right-hand pedal, but some of those who tried it found the multiplate-clutch TVD to be less predictable than the mech diff. If for whatever reason you needed to replace the TVD that would be big money, figures of \u00a320,000 being mentioned, so unless you were going to be tracking the car all the time you were often better off without it.\u00a0\n\nPost-refresh cars with the adaptive suspension rode better over big road changes. The low-speed ride could feel lumpy in any RC F, however, the car\u2019s weight very much conditioning the choice of spring rates."
        ],
        "source_file": "8124b298-49fd-4e96-9b46-4efb84e53191"
    },
    {
        "input": "How do the financial and functional aspects of TVD and Torsen diff compare in RC F models?",
        "actual_output": null,
        "expected_output": null,
        "context": [
            "The switchable three-mode torque-vectoring differential that was standard on the Track Edition was available as a \u00a34,000 option to the Torsen mechanical limited-slip diff on the standard RC F. TVD gave a useful sensation of \u2018centredness\u2019 on initial turn-in and it provided the most natural experience in Track setting, engaging and locking the diff on any kind of throttle input and allowing you to control a drift on the right-hand pedal, but some of those who tried it found the multiplate-clutch TVD to be less predictable than the mech diff. If for whatever reason you needed to replace the TVD that would be big money, figures of \u00a320,000 being mentioned, so unless you were going to be tracking the car all the time you were often better off without it.\u00a0\n\nPost-refresh cars with the adaptive suspension rode better over big road changes. The low-speed ride could feel lumpy in any RC F, however, the car\u2019s weight very much conditioning the choice of spring rates."
        ],
        "source_file": "8124b298-49fd-4e96-9b46-4efb84e53191"
    },
    {
        "input": "If a Track Edition RC F's TVD failed during a race, what would be the financial implications of replacing it, considering the high replacement costs and the potential advisability of opting for a mechanical limited-slip differential for non-track use?",
        "actual_output": null,
        "expected_output": null,
        "context": [
            "The switchable three-mode torque-vectoring differential that was standard on the Track Edition was available as a \u00a34,000 option to the Torsen mechanical limited-slip diff on the standard RC F. TVD gave a useful sensation of \u2018centredness\u2019 on initial turn-in and it provided the most natural experience in Track setting, engaging and locking the diff on any kind of throttle input and allowing you to control a drift on the right-hand pedal, but some of those who tried it found the multiplate-clutch TVD to be less predictable than the mech diff. If for whatever reason you needed to replace the TVD that would be big money, figures of \u00a320,000 being mentioned, so unless you were going to be tracking the car all the time you were often better off without it.\u00a0\n\nPost-refresh cars with the adaptive suspension rode better over big road changes. The low-speed ride could feel lumpy in any RC F, however, the car\u2019s weight very much conditioning the choice of spring rates."
        ],
        "source_file": "8124b298-49fd-4e96-9b46-4efb84e53191"
    },
    {
        "input": "Compare the ride quality and handling of adaptive suspension versus standard suspension in the RC F.",
        "actual_output": null,
        "expected_output": null,
        "context": [
            "The switchable three-mode torque-vectoring differential that was standard on the Track Edition was available as a \u00a34,000 option to the Torsen mechanical limited-slip diff on the standard RC F. TVD gave a useful sensation of \u2018centredness\u2019 on initial turn-in and it provided the most natural experience in Track setting, engaging and locking the diff on any kind of throttle input and allowing you to control a drift on the right-hand pedal, but some of those who tried it found the multiplate-clutch TVD to be less predictable than the mech diff. If for whatever reason you needed to replace the TVD that would be big money, figures of \u00a320,000 being mentioned, so unless you were going to be tracking the car all the time you were often better off without it.\u00a0\n\nPost-refresh cars with the adaptive suspension rode better over big road changes. The low-speed ride could feel lumpy in any RC F, however, the car\u2019s weight very much conditioning the choice of spring rates."
        ],
        "source_file": "8124b298-49fd-4e96-9b46-4efb84e53191"
    },
    {
        "input": "What are the unique characteristics of the 2018 10th Anniversary F model, considering its specialized finish, interior, and high-tech features?",
        "actual_output": null,
        "expected_output": null,
        "context": [
            "To celebrate the F high-performance sub-brand\u2019s tenth birthday a 10th Anniversary model was inserted into the 2018 model-year range. These cars were finished in Matt Grey with a blue leather interior and had a packed spec which included the Mark Levinson audio and Adaptive Variable Suspension as well as the CFRP roof and bonnet. \u00a0\n\nA phase two RC F was shown at the Paris show in 2018 for sales in 2019. New one-piece headlights and all-LED rear lights sharpened up the look although WLTP regs made these cars marginally less powerful at 458hp. Adaptive suspension became standard and a Plus Pack was offered incorporating the Levinson stereo.\n\nThe F\u2019s biggest problem was its high 1.8-tonne-plus weight combined with \u2018toppy\u2019 power and torque. Relative to the new generation of heavily turbocharged M cars from BMW \u2013\u00a0the M4 was 300kg lighter than the Lexus \u2013 the F felt decidedly old-generation, but that didn\u2019t really matter to many of those who wanted an RC F for other reasons, i.e."
        ],
        "source_file": "19e88045-6445-471d-b396-3a98f83d1e58"
    },
    {
        "input": "How do the phase two RC F's weight, power, and suspension compare to the turbocharged BMW M4?",
        "actual_output": null,
        "expected_output": null,
        "context": [
            "To celebrate the F high-performance sub-brand\u2019s tenth birthday a 10th Anniversary model was inserted into the 2018 model-year range. These cars were finished in Matt Grey with a blue leather interior and had a packed spec which included the Mark Levinson audio and Adaptive Variable Suspension as well as the CFRP roof and bonnet. \u00a0\n\nA phase two RC F was shown at the Paris show in 2018 for sales in 2019. New one-piece headlights and all-LED rear lights sharpened up the look although WLTP regs made these cars marginally less powerful at 458hp. Adaptive suspension became standard and a Plus Pack was offered incorporating the Levinson stereo.\n\nThe F\u2019s biggest problem was its high 1.8-tonne-plus weight combined with \u2018toppy\u2019 power and torque. Relative to the new generation of heavily turbocharged M cars from BMW \u2013\u00a0the M4 was 300kg lighter than the Lexus \u2013 the F felt decidedly old-generation, but that didn\u2019t really matter to many of those who wanted an RC F for other reasons, i.e."
        ],
        "source_file": "19e88045-6445-471d-b396-3a98f83d1e58"
    },
    {
        "input": "How do the 2019 RC F's weight, power, and features compare to the tenth-anniversary model?",
        "actual_output": null,
        "expected_output": null,
        "context": [
            "To celebrate the F high-performance sub-brand\u2019s tenth birthday a 10th Anniversary model was inserted into the 2018 model-year range. These cars were finished in Matt Grey with a blue leather interior and had a packed spec which included the Mark Levinson audio and Adaptive Variable Suspension as well as the CFRP roof and bonnet. \u00a0\n\nA phase two RC F was shown at the Paris show in 2018 for sales in 2019. New one-piece headlights and all-LED rear lights sharpened up the look although WLTP regs made these cars marginally less powerful at 458hp. Adaptive suspension became standard and a Plus Pack was offered incorporating the Levinson stereo.\n\nThe F\u2019s biggest problem was its high 1.8-tonne-plus weight combined with \u2018toppy\u2019 power and torque. Relative to the new generation of heavily turbocharged M cars from BMW \u2013\u00a0the M4 was 300kg lighter than the Lexus \u2013 the F felt decidedly old-generation, but that didn\u2019t really matter to many of those who wanted an RC F for other reasons, i.e."
        ],
        "source_file": "19e88045-6445-471d-b396-3a98f83d1e58"
    },
    {
        "input": "How do the RC F\u2019s weight and power compare to the BMW M4's, considering their performance and appeal?",
        "actual_output": null,
        "expected_output": null,
        "context": [
            "To celebrate the F high-performance sub-brand\u2019s tenth birthday a 10th Anniversary model was inserted into the 2018 model-year range. These cars were finished in Matt Grey with a blue leather interior and had a packed spec which included the Mark Levinson audio and Adaptive Variable Suspension as well as the CFRP roof and bonnet. \u00a0\n\nA phase two RC F was shown at the Paris show in 2018 for sales in 2019. New one-piece headlights and all-LED rear lights sharpened up the look although WLTP regs made these cars marginally less powerful at 458hp. Adaptive suspension became standard and a Plus Pack was offered incorporating the Levinson stereo.\n\nThe F\u2019s biggest problem was its high 1.8-tonne-plus weight combined with \u2018toppy\u2019 power and torque. Relative to the new generation of heavily turbocharged M cars from BMW \u2013\u00a0the M4 was 300kg lighter than the Lexus \u2013 the F felt decidedly old-generation, but that didn\u2019t really matter to many of those who wanted an RC F for other reasons, i.e."
        ],
        "source_file": "19e88045-6445-471d-b396-3a98f83d1e58"
    },
    {
        "input": "What additional modifications could achieve a 100kg weight reduction in an RC F Track Edition, considering existing ceramic brakes, CFRP roof/bonnet, carbon fiber aero parts, and titanium exhaust?",
        "actual_output": null,
        "expected_output": null,
        "context": [
            "its easygoing nature, superb finish and build quality and purposeful V8 shout.\u00a0\n\nIf it did matter, then the Track Edition (or Performance Package) version launched at the 2019 Detroit show was the one for you. This came with the TVD as standard along with weight-reducing items such as ceramic brakes, CFRP roof and bonnet, carbon fibre aero parts (including a front splitter and fixed rear wing), BBS 19-inch forged alloy wheels and a titanium exhaust. The total weight saving was a worthwhile 80kg. For one of the 50 allocated to the UK you would have been paying just over \u00a393,000. If you missed out on the Track Edition you could pay \u00a39,750 to have a Track Pack fitted to your regular RC F. This had the forged wheels, ceramic brakes and TVD.\u00a0\n\nOn the RC F\u2019s release in the UK in late 2014 for deliveries in early 2015 the standard F was \u00a359,995 and the Carbon was \u00a367,995."
        ],
        "source_file": "2dcd48e4-3a41-48c1-853c-426772447622"
    },
    {
        "input": "How much would the 2014 UK release prices for the RC F and Carbon be if doubled?",
        "actual_output": null,
        "expected_output": null,
        "context": [
            "its easygoing nature, superb finish and build quality and purposeful V8 shout.\u00a0\n\nIf it did matter, then the Track Edition (or Performance Package) version launched at the 2019 Detroit show was the one for you. This came with the TVD as standard along with weight-reducing items such as ceramic brakes, CFRP roof and bonnet, carbon fibre aero parts (including a front splitter and fixed rear wing), BBS 19-inch forged alloy wheels and a titanium exhaust. The total weight saving was a worthwhile 80kg. For one of the 50 allocated to the UK you would have been paying just over \u00a393,000. If you missed out on the Track Edition you could pay \u00a39,750 to have a Track Pack fitted to your regular RC F. This had the forged wheels, ceramic brakes and TVD.\u00a0\n\nOn the RC F\u2019s release in the UK in late 2014 for deliveries in early 2015 the standard F was \u00a359,995 and the Carbon was \u00a367,995."
        ],
        "source_file": "2dcd48e4-3a41-48c1-853c-426772447622"
    },
    {
        "input": "What impact would integrating Track Edition components, achieving an 80kg weight reduction, have on an RC F's performance and cost?",
        "actual_output": null,
        "expected_output": null,
        "context": [
            "its easygoing nature, superb finish and build quality and purposeful V8 shout.\u00a0\n\nIf it did matter, then the Track Edition (or Performance Package) version launched at the 2019 Detroit show was the one for you. This came with the TVD as standard along with weight-reducing items such as ceramic brakes, CFRP roof and bonnet, carbon fibre aero parts (including a front splitter and fixed rear wing), BBS 19-inch forged alloy wheels and a titanium exhaust. The total weight saving was a worthwhile 80kg. For one of the 50 allocated to the UK you would have been paying just over \u00a393,000. If you missed out on the Track Edition you could pay \u00a39,750 to have a Track Pack fitted to your regular RC F. This had the forged wheels, ceramic brakes and TVD.\u00a0\n\nOn the RC F\u2019s release in the UK in late 2014 for deliveries in early 2015 the standard F was \u00a359,995 and the Carbon was \u00a367,995."
        ],
        "source_file": "2dcd48e4-3a41-48c1-853c-426772447622"
    },
    {
        "input": "Compare the initial UK prices, standard features, and weight-saving components of the RC F Carbon, Track Edition, and Track Pack.",
        "actual_output": null,
        "expected_output": null,
        "context": [
            "its easygoing nature, superb finish and build quality and purposeful V8 shout.\u00a0\n\nIf it did matter, then the Track Edition (or Performance Package) version launched at the 2019 Detroit show was the one for you. This came with the TVD as standard along with weight-reducing items such as ceramic brakes, CFRP roof and bonnet, carbon fibre aero parts (including a front splitter and fixed rear wing), BBS 19-inch forged alloy wheels and a titanium exhaust. The total weight saving was a worthwhile 80kg. For one of the 50 allocated to the UK you would have been paying just over \u00a393,000. If you missed out on the Track Edition you could pay \u00a39,750 to have a Track Pack fitted to your regular RC F. This had the forged wheels, ceramic brakes and TVD.\u00a0\n\nOn the RC F\u2019s release in the UK in late 2014 for deliveries in early 2015 the standard F was \u00a359,995 and the Carbon was \u00a367,995."
        ],
        "source_file": "2dcd48e4-3a41-48c1-853c-426772447622"
    },
    {
        "input": "Imagine a scenario where UK roads were exclusively used for daily commuting. How would the RC F's comfort and reliability compare to BMW's sporty performance in this context?",
        "actual_output": null,
        "expected_output": null,
        "context": [
            "The BMWs are undoubtedly more sporty but the opportunities for using cars like that to the full extent are few and far between. The RC F\u2019s performance envelope was smaller but you could see that as a positive: lower limits are more easily approached and they\u2019re still big enough on an RC F to deliver an engaging drive.\u00a0\n\nOn top of that the F was comfy, beautifully made, sounded great and very rarely gave you any trouble, all attributes you could appreciate on a 24/7 basis and not just when you were caning it around a track. If, like the vast majority of owners, you were planning on using it on roads rather than tracks it made a lot of sense. A different maker\u2019s badge, one more clearly associated with Euro thoroughbreds, would surely have made the RC F a much more common sight on UK roads. Well, that and a slightly less negative review by a certain globally-known car journo which effectively put the brakes on early sales here."
        ],
        "source_file": "540d9eb6-fca2-4bf0-bf6d-da8422a44799"
    },
    {
        "input": "How do the RC F\u2019s usability, craftsmanship, and reviews compare to sporty BMWs in influencing UK market presence?",
        "actual_output": null,
        "expected_output": null,
        "context": [
            "The BMWs are undoubtedly more sporty but the opportunities for using cars like that to the full extent are few and far between. The RC F\u2019s performance envelope was smaller but you could see that as a positive: lower limits are more easily approached and they\u2019re still big enough on an RC F to deliver an engaging drive.\u00a0\n\nOn top of that the F was comfy, beautifully made, sounded great and very rarely gave you any trouble, all attributes you could appreciate on a 24/7 basis and not just when you were caning it around a track. If, like the vast majority of owners, you were planning on using it on roads rather than tracks it made a lot of sense. A different maker\u2019s badge, one more clearly associated with Euro thoroughbreds, would surely have made the RC F a much more common sight on UK roads. Well, that and a slightly less negative review by a certain globally-known car journo which effectively put the brakes on early sales here."
        ],
        "source_file": "540d9eb6-fca2-4bf0-bf6d-da8422a44799"
    },
    {
        "input": "How do the RC F's daily usability and comfort compare to BMW's sportiness in the UK market?",
        "actual_output": null,
        "expected_output": null,
        "context": [
            "The BMWs are undoubtedly more sporty but the opportunities for using cars like that to the full extent are few and far between. The RC F\u2019s performance envelope was smaller but you could see that as a positive: lower limits are more easily approached and they\u2019re still big enough on an RC F to deliver an engaging drive.\u00a0\n\nOn top of that the F was comfy, beautifully made, sounded great and very rarely gave you any trouble, all attributes you could appreciate on a 24/7 basis and not just when you were caning it around a track. If, like the vast majority of owners, you were planning on using it on roads rather than tracks it made a lot of sense. A different maker\u2019s badge, one more clearly associated with Euro thoroughbreds, would surely have made the RC F a much more common sight on UK roads. Well, that and a slightly less negative review by a certain globally-known car journo which effectively put the brakes on early sales here."
        ],
        "source_file": "540d9eb6-fca2-4bf0-bf6d-da8422a44799"
    },
    {
        "input": "Given BMWs' reduced sportiness, how do the RC F\u2019s comfort, reliability, and accessibility make it ideal for daily driving and occasional track use, and how might a different maker's badge influence its popularity in the UK?",
        "actual_output": null,
        "expected_output": null,
        "context": [
            "The BMWs are undoubtedly more sporty but the opportunities for using cars like that to the full extent are few and far between. The RC F\u2019s performance envelope was smaller but you could see that as a positive: lower limits are more easily approached and they\u2019re still big enough on an RC F to deliver an engaging drive.\u00a0\n\nOn top of that the F was comfy, beautifully made, sounded great and very rarely gave you any trouble, all attributes you could appreciate on a 24/7 basis and not just when you were caning it around a track. If, like the vast majority of owners, you were planning on using it on roads rather than tracks it made a lot of sense. A different maker\u2019s badge, one more clearly associated with Euro thoroughbreds, would surely have made the RC F a much more common sight on UK roads. Well, that and a slightly less negative review by a certain globally-known car journo which effectively put the brakes on early sales here."
        ],
        "source_file": "540d9eb6-fca2-4bf0-bf6d-da8422a44799"
    },
    {
        "input": "Assess the impact of wheel spacers and aftermarket carbon bonnets on the RC F Carbon\u2019s handling, aesthetics, and aero-stabilising features.",
        "actual_output": null,
        "expected_output": null,
        "context": [
            "Both RC F models came with 19-inch forged aluminium wheels, the Carbon having twin sets of ten spokes, the standard car having five pairs of double thin machine-finish spokes. Tyres were staggered, 255 front and 275 rear. Brakes were by Brembo, 380mm/6-piston front and 345mm/4-piston rear. Spacers have been put in by a few owners to help the wheels to fill out the arches more satisfyingly.\n\nBODYWORK\n\nThere was plenty going on with the RC F\u2019s body, with loads of interesting details and features like aero-stabilising fins in the door frames and rear light assemblies, cooling fans behind the three-LED headlight units and vents in nifty places. The rear wing automatically deployed at 50mph and went down at 25mph but you could manually toggle it up and down in Sainsburys car park if you wanted to.\u00a0\n\nIf a car you\u2019re thinking of buying doesn\u2019t have the carbon bonnet and you\u2019re sad about that, fret not, aftermarket alternatives are available from the likes of Seibon."
        ],
        "source_file": "cf49bf62-18b3-4429-a7fc-be8337ceabee"
    },
    {
        "input": "What impact would replacing RC F's Brembo brakes with standard ones have on braking performance and overall handling given its 19-inch forged aluminium wheels, staggered tyres, and aero-stabilising bodywork features?",
        "actual_output": null,
        "expected_output": null,
        "context": [
            "Both RC F models came with 19-inch forged aluminium wheels, the Carbon having twin sets of ten spokes, the standard car having five pairs of double thin machine-finish spokes. Tyres were staggered, 255 front and 275 rear. Brakes were by Brembo, 380mm/6-piston front and 345mm/4-piston rear. Spacers have been put in by a few owners to help the wheels to fill out the arches more satisfyingly.\n\nBODYWORK\n\nThere was plenty going on with the RC F\u2019s body, with loads of interesting details and features like aero-stabilising fins in the door frames and rear light assemblies, cooling fans behind the three-LED headlight units and vents in nifty places. The rear wing automatically deployed at 50mph and went down at 25mph but you could manually toggle it up and down in Sainsburys car park if you wanted to.\u00a0\n\nIf a car you\u2019re thinking of buying doesn\u2019t have the carbon bonnet and you\u2019re sad about that, fret not, aftermarket alternatives are available from the likes of Seibon."
        ],
        "source_file": "cf49bf62-18b3-4429-a7fc-be8337ceabee"
    },
    {
        "input": "Compare the functionality and design differences of the RC F's rear wing and its wheel designs.",
        "actual_output": null,
        "expected_output": null,
        "context": [
            "Both RC F models came with 19-inch forged aluminium wheels, the Carbon having twin sets of ten spokes, the standard car having five pairs of double thin machine-finish spokes. Tyres were staggered, 255 front and 275 rear. Brakes were by Brembo, 380mm/6-piston front and 345mm/4-piston rear. Spacers have been put in by a few owners to help the wheels to fill out the arches more satisfyingly.\n\nBODYWORK\n\nThere was plenty going on with the RC F\u2019s body, with loads of interesting details and features like aero-stabilising fins in the door frames and rear light assemblies, cooling fans behind the three-LED headlight units and vents in nifty places. The rear wing automatically deployed at 50mph and went down at 25mph but you could manually toggle it up and down in Sainsburys car park if you wanted to.\u00a0\n\nIf a car you\u2019re thinking of buying doesn\u2019t have the carbon bonnet and you\u2019re sad about that, fret not, aftermarket alternatives are available from the likes of Seibon."
        ],
        "source_file": "cf49bf62-18b3-4429-a7fc-be8337ceabee"
    },
    {
        "input": "Consider a scenario where the RC F is driven at high speeds on a winding track. How do its aero-stabilising fins, cooling fans, vent placements, and rear wing functionality enhance performance?",
        "actual_output": null,
        "expected_output": null,
        "context": [
            "Both RC F models came with 19-inch forged aluminium wheels, the Carbon having twin sets of ten spokes, the standard car having five pairs of double thin machine-finish spokes. Tyres were staggered, 255 front and 275 rear. Brakes were by Brembo, 380mm/6-piston front and 345mm/4-piston rear. Spacers have been put in by a few owners to help the wheels to fill out the arches more satisfyingly.\n\nBODYWORK\n\nThere was plenty going on with the RC F\u2019s body, with loads of interesting details and features like aero-stabilising fins in the door frames and rear light assemblies, cooling fans behind the three-LED headlight units and vents in nifty places. The rear wing automatically deployed at 50mph and went down at 25mph but you could manually toggle it up and down in Sainsburys car park if you wanted to.\u00a0\n\nIf a car you\u2019re thinking of buying doesn\u2019t have the carbon bonnet and you\u2019re sad about that, fret not, aftermarket alternatives are available from the likes of Seibon."
        ],
        "source_file": "cf49bf62-18b3-4429-a7fc-be8337ceabee"
    },
    {
        "input": "What if Lexus GB introduced a universal Warranty Enhancement? How would UK owners' expenses change?",
        "actual_output": null,
        "expected_output": null,
        "context": [
            "Similar issues were reported on exterior carbon pieces. After some initial head-scratching, Lexus USA issued a Warranty Enhancement for this but Lexus GB weren\u2019t as helpful for British owners who began to notice this happening to their cars, saying that US examples weren\u2019t relevant and quoting one UK owner \u00a33,000 for a replacement rear spoiler and \u00a31,800 (including a goodwill discount) for two pieces of dash trim and a driver\u2019s door card. Creaks or rattles were generally, not to say literally, unheard of in an RC F cabin, but you might hear the occasional squeak from the seat back during adjustment.\n\nRemember trackpads? You might even still use one on your \u2018puter at home but whether you would want one in a car is another question. Lexus thought you did so that\u2019s part of what you have to use in the RC F to access your infotainment. It wasn\u2019t a massively fulfilling exercise as the whole system looked old, there was very little intuitiveness to it and the sat nav wasn\u2019t great."
        ],
        "source_file": "e04a8e25-ea66-4d55-9950-ab36fd4abf73"
    },
    {
        "input": "Analyze the disparities between Lexus USA\u2019s Warranty Enhancement policy and Lexus GB\u2019s costly (\u00a33,000) replacement approach for exterior carbon issues, considering the implications for British owners.",
        "actual_output": null,
        "expected_output": null,
        "context": [
            "Similar issues were reported on exterior carbon pieces. After some initial head-scratching, Lexus USA issued a Warranty Enhancement for this but Lexus GB weren\u2019t as helpful for British owners who began to notice this happening to their cars, saying that US examples weren\u2019t relevant and quoting one UK owner \u00a33,000 for a replacement rear spoiler and \u00a31,800 (including a goodwill discount) for two pieces of dash trim and a driver\u2019s door card. Creaks or rattles were generally, not to say literally, unheard of in an RC F cabin, but you might hear the occasional squeak from the seat back during adjustment.\n\nRemember trackpads? You might even still use one on your \u2018puter at home but whether you would want one in a car is another question. Lexus thought you did so that\u2019s part of what you have to use in the RC F to access your infotainment. It wasn\u2019t a massively fulfilling exercise as the whole system looked old, there was very little intuitiveness to it and the sat nav wasn\u2019t great."
        ],
        "source_file": "e04a8e25-ea66-4d55-9950-ab36fd4abf73"
    },
    {
        "input": "Consider if Lexus GB had adopted the same Warranty Enhancement as Lexus USA. How might UK owners' financial burdens have changed?",
        "actual_output": null,
        "expected_output": null,
        "context": [
            "Similar issues were reported on exterior carbon pieces. After some initial head-scratching, Lexus USA issued a Warranty Enhancement for this but Lexus GB weren\u2019t as helpful for British owners who began to notice this happening to their cars, saying that US examples weren\u2019t relevant and quoting one UK owner \u00a33,000 for a replacement rear spoiler and \u00a31,800 (including a goodwill discount) for two pieces of dash trim and a driver\u2019s door card. Creaks or rattles were generally, not to say literally, unheard of in an RC F cabin, but you might hear the occasional squeak from the seat back during adjustment.\n\nRemember trackpads? You might even still use one on your \u2018puter at home but whether you would want one in a car is another question. Lexus thought you did so that\u2019s part of what you have to use in the RC F to access your infotainment. It wasn\u2019t a massively fulfilling exercise as the whole system looked old, there was very little intuitiveness to it and the sat nav wasn\u2019t great."
        ],
        "source_file": "e04a8e25-ea66-4d55-9950-ab36fd4abf73"
    },
    {
        "input": "How do infotainment and trackpads in RC F affect user experience compared to other cabin issues?",
        "actual_output": null,
        "expected_output": null,
        "context": [
            "Similar issues were reported on exterior carbon pieces. After some initial head-scratching, Lexus USA issued a Warranty Enhancement for this but Lexus GB weren\u2019t as helpful for British owners who began to notice this happening to their cars, saying that US examples weren\u2019t relevant and quoting one UK owner \u00a33,000 for a replacement rear spoiler and \u00a31,800 (including a goodwill discount) for two pieces of dash trim and a driver\u2019s door card. Creaks or rattles were generally, not to say literally, unheard of in an RC F cabin, but you might hear the occasional squeak from the seat back during adjustment.\n\nRemember trackpads? You might even still use one on your \u2018puter at home but whether you would want one in a car is another question. Lexus thought you did so that\u2019s part of what you have to use in the RC F to access your infotainment. It wasn\u2019t a massively fulfilling exercise as the whole system looked old, there was very little intuitiveness to it and the sat nav wasn\u2019t great."
        ],
        "source_file": "e04a8e25-ea66-4d55-9950-ab36fd4abf73"
    },
    {
        "input": "How do HVAC, seat, and audio system issues in Lexus RC F at ~25,000 miles compare to BMW M3/M4?",
        "actual_output": null,
        "expected_output": null,
        "context": [
            "Some owners have had an HVAC servo motor malfunction, usually at around 25,000 miles, which prevented the passenger side vent from blowing cold air. Others have experienced a section of the heated/ventilated seat becoming very hot when the cooling function was engaged. Ironically that was often down to the blower mechanism itself heating up. Again, Lexus was good on warranty claims. The amplifier for the ML sound system sat in the boot and could play up when it got hot. They can be rebuilt.\n\nPH VERDICT\n\nFor many, \u2018Lexus\u2019 conjures up negativity. Folk will grudgingly accept the marque\u2019s peerless manufacturing reputation but then won\u2019t be able to get past the lounge-lizard image established by cars like the LS400.\u00a0\n\nThe Japan-built RC F proves how shortsighted that approach can be. When you look objectively at the package \u2013\u00a0a wonderful naturally aspirated V8, sharp coupe looks, great build quality \u2013\u00a0it readily presents itself as an interesting alternative to an M3 or an M4."
        ],
        "source_file": "132f6f7f-d724-4d4a-8d02-769a91685dc7"
    },
    {
        "input": "What HVAC and seat cooling issues arise near 25,000 miles, affecting vent performance and blower mechanisms?",
        "actual_output": null,
        "expected_output": null,
        "context": [
            "Some owners have had an HVAC servo motor malfunction, usually at around 25,000 miles, which prevented the passenger side vent from blowing cold air. Others have experienced a section of the heated/ventilated seat becoming very hot when the cooling function was engaged. Ironically that was often down to the blower mechanism itself heating up. Again, Lexus was good on warranty claims. The amplifier for the ML sound system sat in the boot and could play up when it got hot. They can be rebuilt.\n\nPH VERDICT\n\nFor many, \u2018Lexus\u2019 conjures up negativity. Folk will grudgingly accept the marque\u2019s peerless manufacturing reputation but then won\u2019t be able to get past the lounge-lizard image established by cars like the LS400.\u00a0\n\nThe Japan-built RC F proves how shortsighted that approach can be. When you look objectively at the package \u2013\u00a0a wonderful naturally aspirated V8, sharp coupe looks, great build quality \u2013\u00a0it readily presents itself as an interesting alternative to an M3 or an M4."
        ],
        "source_file": "132f6f7f-d724-4d4a-8d02-769a91685dc7"
    },
    {
        "input": "How do HVAC, seat heating, and ML sound system issues in Lexus at 25k miles compare in causes and warranty solutions?",
        "actual_output": null,
        "expected_output": null,
        "context": [
            "Some owners have had an HVAC servo motor malfunction, usually at around 25,000 miles, which prevented the passenger side vent from blowing cold air. Others have experienced a section of the heated/ventilated seat becoming very hot when the cooling function was engaged. Ironically that was often down to the blower mechanism itself heating up. Again, Lexus was good on warranty claims. The amplifier for the ML sound system sat in the boot and could play up when it got hot. They can be rebuilt.\n\nPH VERDICT\n\nFor many, \u2018Lexus\u2019 conjures up negativity. Folk will grudgingly accept the marque\u2019s peerless manufacturing reputation but then won\u2019t be able to get past the lounge-lizard image established by cars like the LS400.\u00a0\n\nThe Japan-built RC F proves how shortsighted that approach can be. When you look objectively at the package \u2013\u00a0a wonderful naturally aspirated V8, sharp coupe looks, great build quality \u2013\u00a0it readily presents itself as an interesting alternative to an M3 or an M4."
        ],
        "source_file": "132f6f7f-d724-4d4a-8d02-769a91685dc7"
    },
    {
        "input": "Evaluate how the Japan-built RC F's V8 engine and coupe aesthetics compare to the M3/M4, considering build quality and typical HVAC and seat malfunctions.",
        "actual_output": null,
        "expected_output": null,
        "context": [
            "Some owners have had an HVAC servo motor malfunction, usually at around 25,000 miles, which prevented the passenger side vent from blowing cold air. Others have experienced a section of the heated/ventilated seat becoming very hot when the cooling function was engaged. Ironically that was often down to the blower mechanism itself heating up. Again, Lexus was good on warranty claims. The amplifier for the ML sound system sat in the boot and could play up when it got hot. They can be rebuilt.\n\nPH VERDICT\n\nFor many, \u2018Lexus\u2019 conjures up negativity. Folk will grudgingly accept the marque\u2019s peerless manufacturing reputation but then won\u2019t be able to get past the lounge-lizard image established by cars like the LS400.\u00a0\n\nThe Japan-built RC F proves how shortsighted that approach can be. When you look objectively at the package \u2013\u00a0a wonderful naturally aspirated V8, sharp coupe looks, great build quality \u2013\u00a0it readily presents itself as an interesting alternative to an M3 or an M4."
        ],
        "source_file": "132f6f7f-d724-4d4a-8d02-769a91685dc7"
    }
]