{
  "generate_answer": {
    "lm": null,
    "traces": [],
    "train": [],
    "demos": [
      {
        "augmented": true,
        "context": [
          "Adding Nodes\n\r\nOnce you have tested and validated a basic installation of RadiantOne, and have determined your throughput and high availability needs require a cluster deployment, you can start to put in place the number of nodes required for high availability and needed throughput. This section describes steps to add nodes to a cluster.\r\n\r\nPlease see the System Requirements document and the RadiantOne Hardware Sizing Guide for proper sizing of the machines.\r\n\r\n>[!warning]\r\n>When deploying a cluster, nodes must be running on hardware that is configured for optimal redundancy and highly reliable connectivity between the cluster nodes\/machines.\r\n\r\nIf you received a cluster-based license key, the same key value can be used for all nodes you install in a given cluster. If you received a server-based\/single node license key, each RadiantOne server you deploy requires its own Radiant Logic license key.",
          "Adding a Core Cluster Node\n\r\nIf you are not using a separate ZooKeeper ensemble, before attempting to add nodes to an existing cluster, please make sure the ZooKeeper process on the first cluster node (installed following the steps in the Installing a Single Node is running).\r\n\r\n>[!warning]\r\n>Do NOT attempt to install multiple new nodes at the same time. Wait until each new node is successfully added and ZooKeeper is running properly on the node (if you are using local ZooKeeper) before installing additional nodes to the cluster.\r\n\r\nIf you are using a separate ZooKeeper ensemble, before attempting to add RadiantOne nodes to an existing cluster, please make sure that at least two ZooKeepers servers are up and running.\r\n\r\n1. At the \u201cSystem Check Report\u201d step, verify that the system passed all checks and click Next.\r\n\r\n    >[!warning]\r\n    >Hardware sizing is a critical component of directory service planning and deployment. The system check report verifies that important RadiantOne system requirements are met. If a test fails, an X is shown, like in the screenshot below. The failure should be addressed before continuing with the installation. Refer to the RadiantOne Hardware Sizing Guide for more information.\r\n\r\n    !An image showing \r\n\r\n2. When adding a new RadiantOne node to an existing cluster, select the Join An Existing\r\n    Cluster option.\r\n\r\n    !An image showing \r\n\r\n3. Enter the server name or IP address for the machine where the ZooKeeper is currently running and the ZooKeeper client port. Enter the existing ZooKeeper login and password. Click Next.\r\n\r\n    >[!warning]\r\n    >Do not use underscores in the Hostname.\r\n\r\n    !An image showing \r\n\r\n4. Select the RadiantOne cluster that this node is joining and click Next. Leave the follower-only box unchecked. Click Next.\r\n\r\n5. At the Network Check step, verify that the system passed all checks and click Next.\r\n\r\n    !An image showing \r\n\r\n    >[!warning]\r\n    >RadiantOne is a network-intensive application. The network check verifies that the network connections between RadiantOne nodes are fast, with plenty of bandwidth and low latency. Refer to the RadiantOne Hardware Sizing Guide for more information.\r\n\r\n6. Next, you are prompted to enter your license key. If you have your license key, paste it into the window. If you would like a temporary key, leave the license key field blank. The evaluation license is valid for 14 days. If you would like a longer temporary license, contact Radiant Logic, Inc at support@radiantlogic.com.\r\n\r\n    >[!warning]\r\n    >If you received a cluster-based license key, the same key value can be used for all nodes you install in a given cluster. If you received a server-based\/single node license key, each RadiantOne server you deploy requires its own Radiant Logic license key.\r\n \r\n    !An image showing \r\n\r\n7. Finally, you are shown a pre-installation summary where you can review your settings and then click Start Installation.\r\n    \r\n   >[!note]\r\n   >All settings (ports, user passwords, etc.) are the same as used for the first node in the cluster, so you will not see this step during the install. The only configuration that varies from the first node in the cluster is the server SSL certificate (for LDAPS communication between clients and the RadiantOne service). A default, self-signed certificate is generated for each node you add to the cluster. Details on replacing the default self-signed certificate can be found in the RadiantOne System Administration Guide.\r\n\r\n\r\n8. Start the Main Control Panel (\/bin\/openControl.bat\/.sh) and then start the RadiantOne service (Main Control Panel > Dashboard Tab).\r\n\r\n9. Repeat the steps in this section for each node you want to add in your cluster. Once all nodes are installed and the services on each are running, the Main Control Panel, > Dashboard tab > Overview section displays the cluster details. The following image shows two cluster nodes.\r\n\r\n!An image showing",
          "Adding Nodes\n\nTo install nodes to an existing cluster, you need the following details:\n\n- The server name of an existing core RadiantOne cluster node.\n- The server names and ports of the ZooKeeper ensemble.\n- The cluster name.\n- The ZooKeeper login and password.\n- A valid RadiantOne license key. Keys can be enforced at the cluster level or the node\nlevel. Please check with your Radiant Logic representative to verify your license key type.\n\nFor exact installation steps, please see the RadiantOne Installation Guide.",
          "Adding Nodes\n\nTo install nodes to an existing cluster, you need the following details:\n\n- The server name of an existing core RadiantOne cluster node.\n- The server names and ports of the ZooKeeper ensemble.\n- The cluster name.\n- The ZooKeeper login and password.\n- A valid RadiantOne license key. Keys can be enforced at the cluster level or the node\nlevel. Please check with your Radiant Logic representative to verify your license key type.\n\nFor exact installation steps, please see the RadiantOne Installation Guide.",
          "Adding a Follower-Only Node\n\r\nWithin a cluster, follower-only nodes are special nodes that can never become a leader. These nodes are installed on the same network\/data center as the core cluster nodes to provide additional throughput.\r\n\r\nThese are a lightweight node that do not require the additional functions\/features of a leader or follower node. Follower-only nodes do not process write requests. If the follower-only node receives a write request, they forward the request to the designated leader node and then it becomes the responsibility of this node to replicate the change out to all follower and follower- only nodes.\r\n\r\nThe steps to install a follower-only node are the same as for adding a node to an existing cluster except for when you choose the node type, select the option to be a follower only.\r\n\r\n!An image showing \r\n\r\nFor details on the different types of nodes in a cluster, please see the RadiantOne Architect Guide."
        ],
        "question": "What do I need in order to add more nodes to a cluster?",
        "answer": "To add more nodes to a cluster, you will need the following details:\n- The server name of an existing core RadiantOne cluster node.\n- The server names and ports of the ZooKeeper ensemble.\n- The cluster name.\n- The ZooKeeper login and password.\n- A valid RadiantOne license key. Keys can be enforced at the cluster level or the node level. Please verify your license key type with your Radiant Logic representative. For detailed installation steps, refer to the RadiantOne Installation Guide."
      },
      {
        "question": "What are all of the authentication methods supported in RadiantOne?",
        "answer": "RadiantOne supports the following authentication methods:\n\n1. Anonymous: This occurs when clients send an LDAP request without doing a \"bind\" or bind to RadiantOne without providing a password.\n\n2. Simple: This consists of sending the LDAP server the fully qualified DN of the client (user) and the client's clear-text password. Using SSL is recommended to avoid exposing the password over the network.\n\n3. SASL: This includes several mechanisms:\n   - Kerberos (GSS-SPNEGO)\n   - MD5 (DIGEST-MD5)\n   - Certificate (EXTERNAL)\n\nThe SASL EXTERNAL mechanism requires configuration of the Client Certificate to DN Mapping in RadiantOne."
      },
      {
        "question": "Where do I find the Pipeline ID for my topology in Global Sync?",
        "answer": "To find the Pipeline ID for your topology in Global Sync, follow these steps: 1. Go to the Main Control Panel. 2. Click on the Global Sync tab. 3. Select the desired topology from the list on the left. 4. On the right side, hover over the name of the pipeline. 5. The Pipeline ID will be displayed. You can also find the pipeline ID using the vdsconfig command line utility with the list-topologies command. The \u201cpipelinesIdentifiers\u201d property returns the pipeline ID. That's it! You have now found the Pipeline ID for your topology in Global Sync. Let me know if you need any further assistance."
      },
      {
        "question": "How do I enable SSL logging?",
        "answer": "To enable SSL logging, follow these steps:\n\n1. Open the Main Control Panel.\n2. Click on Settings, then go to Logs, and select Log Settings.\n3. From the \"Log Settings to Configure\" drop-down menu, choose VDS \u2013 Server.\n4. Make sure the Log Level is set to INFO, DEBUG, or TRACE. If you need to change the log level, select the appropriate one and click Save.\n5. Navigate to Security and then select SSL.\n6. In the SSL section, check the box for Debug SSL.\n7. Click Save.\n8. Go to the Dashboard tab on the Main Control Panel and restart the RadiantOne service."
      }
    ],
    "signature_instructions": "Given the fields `context`, `question`, produce the fields `answer`.",
    "signature_prefix": "Answer:"
  }
}