{
  "generate_answer": {
    "lm": null,
    "traces": [],
    "train": [],
    "demos": [
      {
        "augmented": true,
        "context": [
          "Adding Nodes\n\r\nOnce you have tested and validated a basic installation of RadiantOne, and have determined your throughput and high availability needs require a cluster deployment, you can start to put in place the number of nodes required for high availability and needed throughput. This section describes steps to add nodes to a cluster.\r\n\r\nPlease see the System Requirements document and the RadiantOne Hardware Sizing Guide for proper sizing of the machines.\r\n\r\n>[!warning]\r\n>When deploying a cluster, nodes must be running on hardware that is configured for optimal redundancy and highly reliable connectivity between the cluster nodes\/machines.\r\n\r\nIf you received a cluster-based license key, the same key value can be used for all nodes you install in a given cluster. If you received a server-based\/single node license key, each RadiantOne server you deploy requires its own Radiant Logic license key.",
          "Adding a Core Cluster Node\n\r\nIf you are not using a separate ZooKeeper ensemble, before attempting to add nodes to an existing cluster, please make sure the ZooKeeper process on the first cluster node (installed following the steps in the Installing a Single Node is running).\r\n\r\n>[!warning]\r\n>Do NOT attempt to install multiple new nodes at the same time. Wait until each new node is successfully added and ZooKeeper is running properly on the node (if you are using local ZooKeeper) before installing additional nodes to the cluster.\r\n\r\nIf you are using a separate ZooKeeper ensemble, before attempting to add RadiantOne nodes to an existing cluster, please make sure that at least two ZooKeepers servers are up and running.\r\n\r\n1. At the \u201cSystem Check Report\u201d step, verify that the system passed all checks and click Next.\r\n\r\n    >[!warning]\r\n    >Hardware sizing is a critical component of directory service planning and deployment. The system check report verifies that important RadiantOne system requirements are met. If a test fails, an X is shown, like in the screenshot below. The failure should be addressed before continuing with the installation. Refer to the RadiantOne Hardware Sizing Guide for more information.\r\n\r\n    !An image showing \r\n\r\n2. When adding a new RadiantOne node to an existing cluster, select the Join An Existing\r\n    Cluster option.\r\n\r\n    !An image showing \r\n\r\n3. Enter the server name or IP address for the machine where the ZooKeeper is currently running and the ZooKeeper client port. Enter the existing ZooKeeper login and password. Click Next.\r\n\r\n    >[!warning]\r\n    >Do not use underscores in the Hostname.\r\n\r\n    !An image showing \r\n\r\n4. Select the RadiantOne cluster that this node is joining and click Next. Leave the follower-only box unchecked. Click Next.\r\n\r\n5. At the Network Check step, verify that the system passed all checks and click Next.\r\n\r\n    !An image showing \r\n\r\n    >[!warning]\r\n    >RadiantOne is a network-intensive application. The network check verifies that the network connections between RadiantOne nodes are fast, with plenty of bandwidth and low latency. Refer to the RadiantOne Hardware Sizing Guide for more information.\r\n\r\n6. Next, you are prompted to enter your license key. If you have your license key, paste it into the window. If you would like a temporary key, leave the license key field blank. The evaluation license is valid for 14 days. If you would like a longer temporary license, contact Radiant Logic, Inc at support@radiantlogic.com.\r\n\r\n    >[!warning]\r\n    >If you received a cluster-based license key, the same key value can be used for all nodes you install in a given cluster. If you received a server-based\/single node license key, each RadiantOne server you deploy requires its own Radiant Logic license key.\r\n \r\n    !An image showing \r\n\r\n7. Finally, you are shown a pre-installation summary where you can review your settings and then click Start Installation.\r\n    \r\n   >[!note]\r\n   >All settings (ports, user passwords, etc.) are the same as used for the first node in the cluster, so you will not see this step during the install. The only configuration that varies from the first node in the cluster is the server SSL certificate (for LDAPS communication between clients and the RadiantOne service). A default, self-signed certificate is generated for each node you add to the cluster. Details on replacing the default self-signed certificate can be found in the RadiantOne System Administration Guide.\r\n\r\n\r\n8. Start the Main Control Panel (\/bin\/openControl.bat\/.sh) and then start the RadiantOne service (Main Control Panel > Dashboard Tab).\r\n\r\n9. Repeat the steps in this section for each node you want to add in your cluster. Once all nodes are installed and the services on each are running, the Main Control Panel, > Dashboard tab > Overview section displays the cluster details. The following image shows two cluster nodes.\r\n\r\n!An image showing",
          "Adding Nodes\n\nTo install nodes to an existing cluster, you need the following details:\n\n- The server name of an existing core RadiantOne cluster node.\n- The server names and ports of the ZooKeeper ensemble.\n- The cluster name.\n- The ZooKeeper login and password.\n- A valid RadiantOne license key. Keys can be enforced at the cluster level or the node\nlevel. Please check with your Radiant Logic representative to verify your license key type.\n\nFor exact installation steps, please see the RadiantOne Installation Guide.",
          "Adding Nodes\n\nTo install nodes to an existing cluster, you need the following details:\n\n- The server name of an existing core RadiantOne cluster node.\n- The server names and ports of the ZooKeeper ensemble.\n- The cluster name.\n- The ZooKeeper login and password.\n- A valid RadiantOne license key. Keys can be enforced at the cluster level or the node\nlevel. Please check with your Radiant Logic representative to verify your license key type.\n\nFor exact installation steps, please see the RadiantOne Installation Guide.",
          "Adding a Follower-Only Node\n\r\nWithin a cluster, follower-only nodes are special nodes that can never become a leader. These nodes are installed on the same network\/data center as the core cluster nodes to provide additional throughput.\r\n\r\nThese are a lightweight node that do not require the additional functions\/features of a leader or follower node. Follower-only nodes do not process write requests. If the follower-only node receives a write request, they forward the request to the designated leader node and then it becomes the responsibility of this node to replicate the change out to all follower and follower- only nodes.\r\n\r\nThe steps to install a follower-only node are the same as for adding a node to an existing cluster except for when you choose the node type, select the option to be a follower only.\r\n\r\n!An image showing \r\n\r\nFor details on the different types of nodes in a cluster, please see the RadiantOne Architect Guide."
        ],
        "question": "What do I need in order to add more nodes to a cluster?",
        "rationale": "Reasoning: Let's think step by step in order to determine what is required to add more nodes to a RadiantOne cluster. We need to gather all the necessary details and prerequisites mentioned in the context.\n\n1. **Server Name of an Existing Core Cluster Node**: This is essential to identify the cluster to which the new node will be added.\n2. **Server Names and Ports of the ZooKeeper Ensemble**: ZooKeeper coordinates the nodes in the cluster, so knowing its details is crucial.\n3. **Cluster Name**: This helps in identifying the specific cluster configuration.\n4. **ZooKeeper Login and Password**: Authentication details for ZooKeeper are required to join the cluster.\n5. **Valid RadiantOne License Key**: Depending on the type of license (cluster-based or node-based), a valid key is necessary for the installation.",
        "answer": "To add more nodes to a RadiantOne cluster, you need the following details:\n1. The server name of an existing core RadiantOne cluster node.\n2. The server names and ports of the ZooKeeper ensemble.\n3. The cluster name.\n4. The ZooKeeper login and password.\n5. A valid RadiantOne license key. Keys can be enforced at the cluster level or the node level. Please check with your Radiant Logic representative to verify your license key type.\n\nFor exact installation steps, please see the RadiantOne Installation Guide."
      },
      {
        "augmented": true,
        "context": [
          "Log Settings\n\r\nLog level, rollover size and number of files to keep in archive are configurable for each RadiantOne component. On the Logs > Log Settings section, select the component from the drop-down list. The default log level is INFO. The default rollover size is 100MB and the default number of log files to keep is 10.\r\n\r\nFor RadiantOne (FID and Universal Directory), the item in the drop-down list is VDS \u2013 Server. The default log file name and location is \/vds_server\/logs\/vds_server.log.\r\n\r\nFor VRS (SQL interface to RadiantOne) the items in the drop-down list are VDS -VRS Server and VDS - VRS Access, the default log file names and location are \/vds_server\/logs\/vrs\/vrs_server.log and vrs_access.log.\r\n\r\nFor the Scheduler, the items in the drop-down list are Scheduler \u2013 Scheduler server and Scheduler \u2013 Scheduler Tasks. The default log file name and location for the server is \/vds_server\/logs\/scheduler\/server.log. The default log file name and location for the tasks is \/vds_server\/logs\/scheduler\/task..log\r\n\r\nFor the Control Panels, the items in the drop-down list are Control Panel \u2013 Server and Control Panel \u2013 Access. The default log file name and location for the server is \/vds_server\/logs\/jetty\/web.log. The default log file name for the access information is \/vds_server\/logs\/jetty\/web_access.log.\r\n\r\nFor the Sync Agents used in real-time persistent cache refresh, the item in the drop-down list is Sync Agents \u2013 Agents. The default log file name and location is \/logs\/sync_agents\/agent_fid_sd_agent_real_time.log. \r\n\r\nFor some components, there is an Advanced section where finer-grained logging properties can be configured. For details on log levels and advanced log settings, please see the RadiantOne Logging and Troubleshooting Guide.",
          "Persistent Cache Refresh Log Level\n\nActivity performed against a persistent cache is logged below a branch in the RadiantOne namespace named cn=cacherefreshlog. This log is always enabled and the level can be set to all, status, or just errors. The level is set on the Classic Control Panel > Settings Tab > Logs section > Changelog sub-section, Persistent Cache Refresh Log Level parameter.\n\nIf *all* log level is selected, the cn=cacherefreshlog branch contains all requests (successful or not) to refresh the persistent cache. This includes information about the exact changes (what information changed). The attribute named \u2018changes\u2019 contains the attribute level changes. The format is compatible with the changelog format.\n\nThe latest IETF description of it is:\n\nhttp:\/\/www.mozilla.org\/directory\/ietf-docs\/draft-good-ldap-changelog-03.txt\n\nThe \u2018changes\u2019 attribute is actually an LDIF representation of the change as defined in:\n\nhttp:\/\/ietfreport.isoc.org\/rfc\/rfc2849.txt\n\nThe difference between *status* level and *all* level is that all only logs entries that have **actually** changed whereas status level logs all changes coming into the persistent cache whether the actual entry has changed or not. To provide an example, say you have cached data from a materialized view in a database and are using triggers to detect changes on the database. A materialized view may be rebuilt daily, triggering many \u201cchanges\u201d detected by the RadiantOne change capture connector. On a more simplistic level, updating an entry with the exact same value results in the connector picking up an update change. Therefore, the persistent cache connector sends a cache refresh to RadiantOne for the entry that was updated. If the cache refresh log level is set to *status*, this update is logged in the cn=cacherefreshlog. If the cache refresh log level is *all*, the existing entry in persistent cache is compared with the entry received in the message from the connector, if the entry really has changed, it is stored in the cache refresh log. If the entry did not change, then the \u201cchange\u201d is not documented in the cacherefresh log. Because of this, the *all* log level generates LESS entries in the cn=cacherefreshlog, and documents which attribute actually changed, but is more time consuming because of the comparison required. \n\nOn the new Control Panel > Manage > Directory Browser, navigate to the cn=cacherefreshlog branch to view the persistent cache activity.\n\nThe information logged can be used for the following purposes:\n-\tTo update some other RadiantOne persistent caches that contains the same information.\n-\tAs a location where any user\/application can review to see what changes were made to the persistent cache and when.\n-\tTo monitor errors in case one of the underlying sources is down when RadiantOne attempts to get the latest image.\n\nAll changes to persistent cache branches are logged in the cn=changelog. Therefore, the persistent cache refresh log level is typically set to error to log only entries that could not be refreshed in the cache. The other log levels are still available to support backward compatibility (when changes to the persistent cache branches were not logged into the general change log).",
          "Log Settings\n\r\nLog level, rollover size and number of files to keep in archive are configurable for each RadiantOne component. On the Logs > Log Settings section, select the component from the drop-down list. The default log level is INFO. The default rollover size is 100MB and the default number of log files to keep is 10.\r\n\r\nFor RadiantOne (FID and Universal Directory), the item in the drop-down list is VDS \u2013 Server. The default log file name is vds_server.log.\r\n\r\nFor the Scheduler, the items in the drop-down list are Scheduler \u2013 Scheduler server and Scheduler \u2013 Scheduler Tasks. The default log file name for the server is server.log. The default log file name for the tasks is `task..log`. \r\n\r\nFor the Control Panels, the items in the drop-down list are Control Panel \u2013 Server and Control Panel \u2013 Access. The default log file name for the server is web.log. The default log file name for the access information is web_access.log.\r\n\r\nFor the Sync Agents used in real-time persistent cache refresh, the item in the drop-down list is Sync Agents \u2013 Agents. The default log file name is agent_fid_sd_agent_real_time.log.",
          "Scheduler Server\n\r\nThe task scheduler logging is configured from the Classic Control Panel > Settings tab > Logs > Logs Settings section. Select the Scheduler \u2013 Scheduler Server option from the Log Settings to Configure drop-down menu.\r\n\r\n!Scheduler Log Level\r\n\r\n\r\n**Log Level**\r\n\r\nSelect a log level from the drop-down list in the Log Settings section. \r\n\r\n**Rollover Size**\r\n\r\nBy default, the task scheduler log file rolls over once it reaches 100MB in size. Change this value if needed.\r\n\r\n**Log Location**\r\n\r\nThe task scheduler log file is server.log and can be viewed and downloaded from Server Control Panel > Log Viewer. \r\n\r\n**Log Archiving**\r\n\r\nBy default, 10 files are kept in the archive. Change this value in the How Many Files to Keep in Archive setting. The archived files are named `server-.log` and can be viewed and downloaded from the Server Control Panel > Log Viewer.",
          "Scheduled Tasks\n\r\nLogging for scheduled tasks is configured from the Classic Control Panel > Settings tab > Logs > Logs Settings section. Select the Scheduler \u2013 Scheduler Tasks option from the Log Settings to Configure drop-down menu.\r\n\r\n!Scheduled Tasks Log Level\r\n\r\n**Log Level**\r\n\r\nSelect a log level from the drop-down list in the Log Settings section. \r\n\r\n**Rollover Size**\r\n\r\nBy default, the task log file rolls over once it reaches 100MB in size. Change this value if needed.\r\n\r\n**Log Location**\r\n\r\nThe task log file is `task..log` and can be viewed and downloaded from the Server Control Panel > Log Viewer.\r\n\r\n**Log Archiving**\r\n\r\nBy default, 10 files are kept in the archive. Change this value in the How Many Files to Keep in Archive setting. The archived files are named `task.>.log` and can be viewed and downloaded from the Server Control Panel > Log Viewer."
        ],
        "question": "How do I change the log level for RadiantOne FID?",
        "rationale": "produce the answer. We need to identify the steps required to change the log level for RadiantOne FID. Based on the provided context, we know that log settings, including log level, can be configured for each RadiantOne component. Specifically, for RadiantOne FID, the component is listed as VDS \u2013 Server. The steps to change the log level should involve navigating to the appropriate settings section and selecting the desired log level.",
        "answer": "To change the log level for RadiantOne FID, follow these steps:\n1. Open the RadiantOne Control Panel.\n2. Navigate to the Logs > Log Settings section.\n3. From the drop-down list, select the component VDS \u2013 Server.\n4. In the Log Settings section, select the desired log level from the drop-down list.\n5. Save the changes.\n\nThat's it! You have successfully changed the log level for RadiantOne FID."
      },
      {
        "augmented": true,
        "context": [
          "Supported Virtualization & Container Platforms\n\r\nIf RadiantOne will be running on a virtual machine, the minimum recommendations detailed in the platform specific sections (Windows Platforms and Linux Platforms) are what should be allocated for the virtual machine. It should be noted that these minimums may not be sufficient for a production environment.\r\n\r\nRadiantOne supports the following virtualization platforms:\r\n\r\n-\tMicrosoft Windows Virtual Server\r\n-\tMicrosoft HYPER-V\r\n-\tVMWare ESX\r\n-\tCitrix XenServer\r\n\r\nFor other sizing considerations related to running RadiantOne on virtual machines, please see the RadiantOne Hardware Sizing Guide.\r\n\r\nRadiantOne supports the following container platforms:\r\n\r\n-\tDocker containers running in Kubernetes.\r\n\r\n** The design, installation, configuration, and testing of a Kubernetes deployment may require a Professional Services engagement with Radiant Logic. To discuss your Kubernetes deployment, recommendations, and best practices, contact your Radiant Logic Account representative.",
          "---\r\ntitle: System Requirements\r\ndescription: System Requirements\r\n---\r\n\r\nThis document describes the supported backend data sources and the recommended minimum system requirements for installing RadiantOne v7.4.X.\r\n\r\nFor detailed memory requirements for specific configurations, please see the RadiantOne Hardware Sizing Guide.",
          "RadiantOne Nodes\n\r\n**Hardware**\r\n\r\nCluster nodes must be deployed on hardware that is configured for optimal redundancy and highly reliable connectivity between the cluster nodes\/machines.\r\n\r\n-    Processor: Intel Pentium or AMD Opteron. Minimum dual core.\r\n-    Processor Speed: 2GHZ or higher\r\n-    Network Bandwidth: Minimum 1Gbps, low latency\r\n-    Memory: 16 GB minimum. For most production deployments, more than 16 GB of memory is required. For more details on sizing, see the RadiantOne Hardware Sizing Guide.\r\n-    Hard Drive: 500 GB of disk space, SSD (the hard disk usage will vary depending on log types\/levels that are enabled and the desired log history to maintain in addition to quantity of HDAP stores and Persistent Cache configurations). The recommended minimum data transfer rate is 150 MB\/sec.\r\n\r\n**Software**\r\n\r\nOperating Systems: Windows Server 2012 R2, Windows Server 2016, Windows Server 2019, Windows Server Core, Windows Server 2022, Red Hat Enterprise Linux v5\/v6\/v7\/v8+, Fedora v24+, CentOS v7+, SUSE Linux Enterprise v11+, Ubuntu 16+",
          "Database Servers\n\r\n- Oracle 8i, 9i, 10g, 11g, 12c\r\n- Microsoft SQL Server v2008, v2012, v2016, v2017\r\n- IBM DB2 (UDB) v7(+)\r\n- Sybase v12 and 12.5\r\n- MongoDB\r\n- Snowflake\r\n- Terradata\r\n- Any JDBC\/ODBC-accessible database\r\n\r\nThe only JDBC drivers installed with RadiantOne are: JDBC-ODBC Bridge from Sun, Oracle (thin), Oracle oci, Microsoft SQL Server, HSQL, MySQL (supports MariaDB too), IBM DB2, Sybase, and Derby. For all other databases, import your own JDBC driver.",
          "ZooKeeper Nodes\n\r\n**Hardware**\r\n\r\nCluster nodes must be deployed on hardware that is configured for optimal redundancy and highly reliable connectivity between the cluster nodes\/machines. For production environments, it is recommended that the ZooKeeper nodes be installed separate from the RadiantOne FID nodes.\r\n\r\n-    Processor: Intel Pentium or AMD Opteron. Minimum dual core.\r\n-    Processor Speed: 2GHZ or higher\r\n-    Network Bandwidth: Minimum 1Gbps, low latency\r\n-    Memory: 8 GB minimum.\r\n-    Hard Drive: 50 GB of disk space, SSD. The required minimum data transfer rate is 100 MB\/sec.\r\n\r\n**Software**\r\n\r\nOperating Systems: Windows Server 2012 R2, Windows Server 2016, Windows Server 2019, Windows Server Core, Windows Server 2022, Red Hat Enterprise Linux versions 5,6,7,8+, Fedora v24+, CentOS v7+, SUSE Linux Enterprise v11+, Ubuntu 16+"
        ],
        "question": "What are the system requirements to install RadiantOne on Windows?",
        "rationale": "Reasoning: Let's think step by step in order to determine the system requirements to install RadiantOne on Windows. We need to consider both the hardware and software requirements as specified in the provided context.\n\n1. **Hardware Requirements**:\n   - **Processor**: Intel Pentium or AMD Opteron, with a minimum of dual core.\n   - **Processor Speed**: 2GHz or higher.\n   - **Network Bandwidth**: Minimum 1Gbps, low latency.\n   - **Memory**: 16 GB minimum. For most production deployments, more than 16 GB of memory is required.\n   - **Hard Drive**: 500 GB of disk space, SSD. The recommended minimum data transfer rate is 150 MB\/sec.\n\n2. **Software Requirements**:\n   - **Operating Systems**: Windows Server 2012 R2, Windows Server 2016, Windows Server 2019, Windows Server Core, Windows Server 2022.",
        "answer": "The system requirements to install RadiantOne on Windows are as follows:\n\n**Hardware Requirements**:\n- **Processor**: Intel Pentium or AMD Opteron, with a minimum of dual core.\n- **Processor Speed**: 2GHz or higher.\n- **Network Bandwidth**: Minimum 1Gbps, low latency.\n- **Memory**: 16 GB minimum. For most production deployments, more than 16 GB of memory is required.\n- **Hard Drive**: 500 GB of disk space, SSD. The recommended minimum data transfer rate is 150 MB\/sec.\n\n**Software Requirements**:\n- **Operating Systems**: Windows Server 2012 R2, Windows Server 2016, Windows Server 2019, Windows Server Core, Windows Server 2022."
      },
      {
        "augmented": true,
        "context": [
          "Edit attribute mapping\n\nTo edit an attribute mapping:\n\n1. Select the topology on the Global Sync tab.\n1. Select **Configure** on the pipeline.\n1. Select the Transformation component.\n1. Expand below the Mappings section at the bottom.\n1. Select the pipeline mapping that contains the attribute mapping you want to edit and select **Edit**.\n1. Select the attribute mapping in the list and select **Edit**.\n1. When edits are finished, select **Save**.",
          "Edit attribute mapping\n\r\nTo edit an attribute mapping:\r\n\r\n1. Select the topology on the Global Sync tab.\r\n1. Select **Configure** on the pipeline.\r\n1. Select the Transformation component.\r\n1. Expand below the Mappings section at the bottom.\r\n1. Select the pipeline mapping that contains the attribute mapping you want to edit and select **Edit**.\r\n1. Select the attribute mapping in the list and select **Edit**.\r\n1. When edits are finished, select **Save**.",
          "Edit attribute mapping\n\nTo edit an attribute mapping:\n\n1. Select the topology on the Global Sync tab.\n1. Select **Configure** on the pipeline.\n1. Select the Transformation component.\n1. Expand below the Mappings section at the bottom.\n1. Select the pipeline mapping that contains the attribute mapping you want to edit and select **Edit**.\n1. Select the attribute mapping in the list and select **Edit**.\n1. When edits are finished, select **Save**.",
          "Test attribute mapping\n\nTest the attribute mappings by entering values for the source attributes.\n\n1. Select the topology on the Global Sync tab.\n1. Select **Configure** on the pipeline.\n1. Select the Transformation component.\n1. Expand below the Mappings section at the bottom.\n1. Select **TEST**.\n    !Test Attribute Mappings\n1. Select the source event type (e.g. **Insert**, **Update**, **Delete**) to test.\n1. Enter an Event ID. This is a DN that matches the location in the RadiantOne namespace for the source entries. (e.g. `uid=Aaron_Medler,ou=Accounting,o=companydirectory` assuming `o=companydirectory` is the source naming context in RadiantOne).\n1. Add source attribute names and values. Attribute names are in the left column and corresponding value in the right column. Click in the cell, type the value and select **Enter**. Attribute types can be simple or complex. The definitions for \"simple\" and \"complex\" are based on SCIM (). Use the red X button next to the attribute to remove it from the test.\n    !Example - Entering Simple Attributes for Testing\n1. Select **TEST**.\n1. The results of the Attribute Mappings are shown in the Output section.\n1. When you are finished testing the mappings, select **CLOSE** to go back to the \"Configure Pipeline\" screen.",
          "Test attribute mapping\n\r\nTest the attribute mappings by entering values for the source attributes.\r\n\r\n1. Select the topology on the Global Sync tab.\r\n1. Select **Configure** on the pipeline.\r\n1. Select the Transformation component.\r\n1. Expand below the Mappings section at the bottom.\r\n1. Select **TEST**.\r\n    !Test Attribute Mappings\r\n1. Select the source event type (e.g. **Insert**, **Update**, **Delete**) to test.\r\n1. Enter an Event ID. This is a DN that matches the location in the RadiantOne namespace for the source entries. (e.g. `uid=Aaron_Medler,ou=Accounting,o=companydirectory` assuming `o=companydirectory` is the source naming context in RadiantOne).\r\n1. Add source attribute names and values. Attribute names are in the left column and corresponding value in the right column. Click in the cell, type the value and select **Enter**. Attribute types can be simple or complex. The definitions for \"simple\" and \"complex\" are based on SCIM (). Use the red X button next to the attribute to remove it from the test.\r\n    !Example - Entering Simple Attributes for Testing\r\n1. Select **TEST**.\r\n1. The results of the Attribute Mappings are shown in the Output section.\r\n1. When you are finished testing the mappings, select **CLOSE** to go back to the \"Configure Pipeline\" screen."
        ],
        "question": "How do I edit attribute mappings in Global Sync?",
        "rationale": "Reasoning: Let's think step by step in order to edit attribute mappings in Global Sync. We need to follow a specific sequence of actions within the RadiantOne interface to locate and modify the desired attribute mappings. \n\n1. First, we need to access the Global Sync tab where the topologies are listed.\n2. Next, we select the topology that contains the pipeline we want to configure.\n3. We then click on the \"Configure\" option for the selected pipeline.\n4. Within the pipeline configuration, we navigate to the Transformation component.\n5. We expand the Mappings section at the bottom of the screen to view the available pipeline mappings.\n6. We select the specific pipeline mapping that contains the attribute mapping we want to edit and click on \"Edit\".\n7. We then select the attribute mapping from the list and click \"Edit\" again to make the necessary changes.\n8. Finally, after making the edits, we save the changes by clicking on the \"Save\" button.",
        "answer": "To edit an attribute mapping in Global Sync, follow these steps:\n\n1. Select the topology on the Global Sync tab.\n2. Select **Configure** on the pipeline.\n3. Select the Transformation component.\n4. Expand below the Mappings section at the bottom.\n5. Select the pipeline mapping that contains the attribute mapping you want to edit and select **Edit**.\n6. Select the attribute mapping in the list and select **Edit**.\n7. When edits are finished, select **Save**."
      },
      {
        "question": "How do I delete a root naming context?",
        "answer": "To delete a root naming context, follow these steps: 1. Open the RadiantOne Main Control Panel. 2. Go to the Directory Namespace Tab. 3. Find the naming context you want to delete under the Root Naming Contexts node. 4. Uncheck the Active option on the right side. 5. Click the Save button. 6. A prompt will appear asking if you want to apply the changes to the server. Click Yes. 7. Another prompt will appear confirming the deactivation. Click OK. 8. Click the delete button (trash can icon). 9. Confirm the deletion by clicking Yes. 10. Click OK to exit the confirmation. That's it! The root naming context has been successfully deleted. Please note that if the naming context contains levels with multiple backends mounted under it, each of these must be deleted prior to deleting the root naming context."
      },
      {
        "question": "How do I change the default storage path of a universal directory?",
        "answer": "To change the default storage path of a Universal Directory, follow these steps:\n\n1. Deactivate the Universal Directory store by unchecking the Active checkbox and then click Save.\n2. Confirm the change by clicking Yes when prompted.\n3. Enter the full path you want to set as the new Storage Location.\n4. Click Save and then click Yes to apply the change to the server.\n5. Reactivate the Universal Directory by checking the Active checkbox.\n6. Click Save again and confirm by clicking Yes.\n\n**Important**: If you have data in the current storage location that you want to retain, make sure to export it to an LDIF file before changing the storage location. After changing the storage path, you can import this LDIF file to retain your data."
      }
    ],
    "signature_instructions": "Given the fields `context`, `question`, produce the fields `answer`.",
    "signature_prefix": "Answer:",
    "extended_signature_instructions": "Given the fields `context`, `question`, produce the fields `answer`.",
    "extended_signature_prefix": "Answer:"
  }
}