[
    {
        "question": "What do I need in order to add more nodes to a cluster?",
        "answer": "To add more nodes to a cluster, you will need the following details:\n- The server name of an existing core RadiantOne cluster node.\n- The server names and ports of the ZooKeeper ensemble.\n- The cluster name.\n- The ZooKeeper login and password.\n- A valid RadiantOne license key (you might need to check with a Radiant Logic representative to verify your license key type).\n\nFor exact installation steps, please refer to the RadiantOne Installation Guide."
    },
    {
        "question": "How do I change the default storage path of a universal directory?",
        "answer": "To change the default storage path of a Universal Directory, follow these steps:\n\n1. Deactivate the Universal Directory store by unchecking the Active checkbox and then click Save.\n2. Confirm the change by clicking Yes when prompted.\n3. Enter the full path you want to set as the new Storage Location.\n4. Click Save and then click Yes to apply the change to the server.\n5. Reactivate the Universal Directory by checking the Active checkbox.\n6. Click Save again and confirm by clicking Yes.\n\n**Important**: If you have data in the current storage location that you want to retain, make sure to export it to an LDIF file before changing the storage location. After changing the storage path, you can import this LDIF file to retain your data."
    },
    {
        "question": "How do I delete a root naming context?",
        "answer": "To delete a root naming context, follow these steps: 1. Open the RadiantOne Main Control Panel. 2. Go to the Directory Namespace Tab. 3. Find the naming context you want to delete under the Root Naming Contexts node. 4. Uncheck the Active option on the right side. 5. Click the Save button. 6. A prompt will appear asking if you want to apply the changes to the server. Click Yes. 7. Another prompt will appear confirming the deactivation. Click OK. 8. Click the delete button (trash can icon). 9. Confirm the deletion by clicking Yes. 10. Click OK to exit the confirmation. That's it! The root naming context has been successfully deleted. Please note that if the naming context contains levels with multiple backends mounted under it, each of these must be deleted prior to deleting the root naming context."
    },
    {
        "question": "How do I change the log level for RadiantOne FID?",
        "answer": "To change the log level for RadiantOne FID, follow these steps: 1. Open the Main Control Panel of RadiantOne FID. 2. Navigate to the \"Settings\" section and click on \"Logs\". 3. In the \"Log Settings\" page, select \"VDS - Server\" from the \"Log Settings to Configure\" drop-down list. 4. Locate the \"Log Level\" drop-down list and choose the desired log level. 5. Click on the \"Save\" button to apply the changes. By following these steps, you will be able to increase the log level for RadiantOne FID. Let me know if you need further assistance!"
    },
    {
        "question": "What are the system requirements to install RadiantOne on Windows?",
        "answer": "To install RadiantOne on a Windows system, you need the following:\n\n- **Hardware**\n  - **Processor**: Intel Pentium or AMD Opteron, with at least a dual-core configuration.\n  - **Processor Speed**: 2 GHz or higher.\n  - **Network Bandwidth**: At least 1 Gbps with low latency.\n  - **Memory**: A minimum of 16 GB. Most production deployments will need more than 16 GB.\n  - **Hard Drive**: 500 GB of disk space, with a recommended data transfer rate of 150 MB/sec. The actual disk space required will vary based on the types and levels of logs enabled and the log history you want to maintain.\n  \n- **Software**\n  - **Operating Systems**: Windows Server 2016, Windows Server 2019, Windows Server 2022, or Windows Server Core.\n\nFor more detailed guidance on hardware requirements, including memory sizing, refer to the RadiantOne Hardware Sizing Guide."
    },
    {
        "question": "How do I edit attribute mappings in Global Sync?",
        "answer": "To edit attribute mappings in Global Sync, follow these steps: 1. Go to the Global Sync tab and select the desired topology. 2. Click on the pipeline you want to configure. 3. In the Transformation component, expand the Mappings section at the bottom. 4. Find the pipeline mapping that contains the attribute mapping you want to edit and click on the edit button (pencil icon). 5. Look for the attribute mapping you want to edit in the list and click on the edit button next to it. 6. Make the necessary edits to the attribute mapping. 7. Once you're done editing, click on the Save button to save your changes. That's it! You have successfully edited the attribute mapping in Global Sync."
    }
]