{
  "generate_query[0]": {
    "lm": null,
    "traces": [],
    "train": [],
    "demos": [
      {
        "augmented": true,
        "context": [],
        "question": "How do I change the log level for RadiantOne FID?",
        "rationale": "Context: N\/A\n\nQuestion: How do I change the log level for RadiantOne FID?\n\nReasoning: Let's think step by step in order to produce the query. We need to identify the specific software (RadiantOne FID) and the action we want to perform (change the log level). We should also consider including keywords that might bring up relevant documentation or guides, such as \"configuration,\" \"settings,\" or \"administration.\"",
        "query": "\"change log level RadiantOne FID configuration settings\""
      },
      {
        "augmented": true,
        "context": [],
        "question": "What are the system requirements to install RadiantOne on Windows?",
        "rationale": "Context: N\/A\n\nQuestion: What are the system requirements to install RadiantOne on Windows?\n\nReasoning: Let's think step by step in order to produce the query. We need to identify the specific system requirements for installing RadiantOne on a Windows operating system. This includes details such as the minimum hardware specifications, supported Windows versions, required software dependencies, and any other relevant installation prerequisites. By focusing on these aspects, we can construct a query that will retrieve the necessary information.",
        "query": "\"RadiantOne system requirements for Windows installation\""
      },
      {
        "augmented": true,
        "context": [],
        "question": "How do I edit attribute mappings in Global Sync?",
        "rationale": "Context: N\/A\n\nQuestion: How do I edit attribute mappings in Global Sync?\n\nReasoning: Let's think step by step in order to produce the query. We need to identify the key components of the question: \"edit attribute mappings\" and \"Global Sync.\" We should also consider including terms like \"guide,\" \"instructions,\" or \"steps\" to ensure we get detailed information.",
        "query": "How to edit attribute mappings in Global Sync guide instructions steps"
      },
      {
        "question": "How do I delete a root naming context?",
        "answer": "To delete a root naming context, follow these steps: 1. Open the RadiantOne Main Control Panel. 2. Go to the Directory Namespace Tab. 3. Find the naming context you want to delete under the Root Naming Contexts node. 4. Uncheck the Active option on the right side. 5. Click the Save button. 6. A prompt will appear asking if you want to apply the changes to the server. Click Yes. 7. Another prompt will appear confirming the deactivation. Click OK. 8. Click the delete button (trash can icon). 9. Confirm the deletion by clicking Yes. 10. Click OK to exit the confirmation. That's it! The root naming context has been successfully deleted. Please note that if the naming context contains levels with multiple backends mounted under it, each of these must be deleted prior to deleting the root naming context."
      },
      {
        "question": "How do I change the default storage path of a universal directory?",
        "answer": "To change the default storage path of a Universal Directory, follow these steps:\n\n1. Deactivate the Universal Directory store by unchecking the Active checkbox and then click Save.\n2. Confirm the change by clicking Yes when prompted.\n3. Enter the full path you want to set as the new Storage Location.\n4. Click Save and then click Yes to apply the change to the server.\n5. Reactivate the Universal Directory by checking the Active checkbox.\n6. Click Save again and confirm by clicking Yes.\n\n**Important**: If you have data in the current storage location that you want to retain, make sure to export it to an LDIF file before changing the storage location. After changing the storage path, you can import this LDIF file to retain your data."
      },
      {
        "question": "What do I need in order to add more nodes to a cluster?",
        "answer": "To add more nodes to a cluster, you will need the following details:\n- The server name of an existing core RadiantOne cluster node.\n- The server names and ports of the ZooKeeper ensemble.\n- The cluster name.\n- The ZooKeeper login and password.\n- A valid RadiantOne license key (you might need to check with a Radiant Logic representative to verify your license key type).\n\nFor exact installation steps, please refer to the RadiantOne Installation Guide."
      }
    ],
    "signature_instructions": "Write a simple search query that will help answer a complex question.",
    "signature_prefix": "Query:",
    "extended_signature_instructions": "Write a simple search query that will help answer a complex question.",
    "extended_signature_prefix": "Query:"
  },
  "generate_query[1]": {
    "lm": null,
    "traces": [],
    "train": [],
    "demos": [
      {
        "augmented": true,
        "context": [
          "Overview\n\nRadiantOne supports logging at different levels for different components. Logs for the different components are configured in the Classic Control Panel > Settings > Logs section. RadiantOne access logs are configured in the Access Logs section and RadiantOne changelog is configured in the Changelog section. An introduction to these sections is below. \n\nTo switch to Classic Control Panel from the new Control Panel, use the menu options for the logged in user in the upper right.\n\n!Classic Control Panel\n\nTo download log files, use the Server Control Panel > Log Viewer tab.\nTo access the Server Control Panel, click the link in the upper corner of the Classic Control Panel.\n\n!Server Control Panel",
          "Persistent Cache Refresh Log Level\n\nActivity performed against a persistent cache is logged below a branch in the RadiantOne namespace named cn=cacherefreshlog. This log is always enabled and the level can be set to all, status, or just errors. The level is set on the Classic Control Panel > Settings Tab > Logs section > Changelog sub-section, Persistent Cache Refresh Log Level parameter.\n\nIf *all* log level is selected, the cn=cacherefreshlog branch contains all requests (successful or not) to refresh the persistent cache. This includes information about the exact changes (what information changed). The attribute named \u2018changes\u2019 contains the attribute level changes. The format is compatible with the changelog format.\n\nThe latest IETF description of it is:\n\nhttp:\/\/www.mozilla.org\/directory\/ietf-docs\/draft-good-ldap-changelog-03.txt\n\nThe \u2018changes\u2019 attribute is actually an LDIF representation of the change as defined in:\n\nhttp:\/\/ietfreport.isoc.org\/rfc\/rfc2849.txt\n\nThe difference between *status* level and *all* level is that all only logs entries that have **actually** changed whereas status level logs all changes coming into the persistent cache whether the actual entry has changed or not. To provide an example, say you have cached data from a materialized view in a database and are using triggers to detect changes on the database. A materialized view may be rebuilt daily, triggering many \u201cchanges\u201d detected by the RadiantOne change capture connector. On a more simplistic level, updating an entry with the exact same value results in the connector picking up an update change. Therefore, the persistent cache connector sends a cache refresh to RadiantOne for the entry that was updated. If the cache refresh log level is set to *status*, this update is logged in the cn=cacherefreshlog. If the cache refresh log level is *all*, the existing entry in persistent cache is compared with the entry received in the message from the connector, if the entry really has changed, it is stored in the cache refresh log. If the entry did not change, then the \u201cchange\u201d is not documented in the cacherefresh log. Because of this, the *all* log level generates LESS entries in the cn=cacherefreshlog, and documents which attribute actually changed, but is more time consuming because of the comparison required. \n\nOn the new Control Panel > Manage > Directory Browser, navigate to the cn=cacherefreshlog branch to view the persistent cache activity.\n\nThe information logged can be used for the following purposes:\n-\tTo update some other RadiantOne persistent caches that contains the same information.\n-\tAs a location where any user\/application can review to see what changes were made to the persistent cache and when.\n-\tTo monitor errors in case one of the underlying sources is down when RadiantOne attempts to get the latest image.\n\nAll changes to persistent cache branches are logged in the cn=changelog. Therefore, the persistent cache refresh log level is typically set to error to log only entries that could not be refreshed in the cache. The other log levels are still available to support backward compatibility (when changes to the persistent cache branches were not logged into the general change log).",
          "Log Settings\n\r\nLog level, rollover size and number of files to keep in archive are configurable for each RadiantOne component. On the Logs > Log Settings section, select the component from the drop-down list. The default log level is INFO. The default rollover size is 100MB and the default number of log files to keep is 10.\r\n\r\nFor RadiantOne (FID and Universal Directory), the item in the drop-down list is VDS \u2013 Server. The default log file name is vds_server.log.\r\n\r\nFor the Scheduler, the items in the drop-down list are Scheduler \u2013 Scheduler server and Scheduler \u2013 Scheduler Tasks. The default log file name for the server is server.log. The default log file name for the tasks is `task..log`. \r\n\r\nFor the Control Panels, the items in the drop-down list are Control Panel \u2013 Server and Control Panel \u2013 Access. The default log file name for the server is web.log. The default log file name for the access information is web_access.log.\r\n\r\nFor the Sync Agents used in real-time persistent cache refresh, the item in the drop-down list is Sync Agents \u2013 Agents. The default log file name is agent_fid_sd_agent_real_time.log.",
          "Log Settings\n\r\nLog level, rollover size and number of files to keep in archive are configurable for each RadiantOne component. On the Logs > Log Settings section, select the component from the drop-down list. The default log level is INFO. The default rollover size is 100MB and the default number of log files to keep is 10.\r\n\r\nFor RadiantOne (FID and Universal Directory), the item in the drop-down list is VDS \u2013 Server. The default log file name and location is \/vds_server\/logs\/vds_server.log.\r\n\r\nFor VRS (SQL interface to RadiantOne) the items in the drop-down list are VDS -VRS Server and VDS - VRS Access, the default log file names and location are \/vds_server\/logs\/vrs\/vrs_server.log and vrs_access.log.\r\n\r\nFor the Scheduler, the items in the drop-down list are Scheduler \u2013 Scheduler server and Scheduler \u2013 Scheduler Tasks. The default log file name and location for the server is \/vds_server\/logs\/scheduler\/server.log. The default log file name and location for the tasks is \/vds_server\/logs\/scheduler\/task..log\r\n\r\nFor the Control Panels, the items in the drop-down list are Control Panel \u2013 Server and Control Panel \u2013 Access. The default log file name and location for the server is \/vds_server\/logs\/jetty\/web.log. The default log file name for the access information is \/vds_server\/logs\/jetty\/web_access.log.\r\n\r\nFor the Sync Agents used in real-time persistent cache refresh, the item in the drop-down list is Sync Agents \u2013 Agents. The default log file name and location is \/logs\/sync_agents\/agent_fid_sd_agent_real_time.log. \r\n\r\nFor some components, there is an Advanced section where finer-grained logging properties can be configured. For details on log levels and advanced log settings, please see the RadiantOne Logging and Troubleshooting Guide.",
          "Auditing RadiantOne Configuration Changes\n\r\nTo log configuration changes made through command line, using the vdsconfig utility, enable config logging with the following steps:\r\n\r\n>[!warning]\r\n>These steps require downtime since all services must be stopped. If RadiantOne is deployed in a cluster, perform the following steps on each node.\r\n\r\n1. Stop all RadiantOne services including ZooKeeper.\r\n2. Edit \\config\\advanced\\features.properties and set:\r\n    vdsconfig.logging.enabled=true\r\n3. Restart ZooKeeper.\r\n4. Restart all needed RadiantOne services.\r\n\r\nConfiguration changes are logged in: \/logs\/vdsconfig.log"
        ],
        "question": "How do I change the log level for RadiantOne FID?",
        "rationale": "---\n\nContext: may contain relevant facts\n\nQuestion: How do I change the log level for RadiantOne FID?\n\nReasoning: Let's think step by step in order to produce the query. We need to identify the specific component for which we want to change the log level, locate the section in the control panel where log settings can be adjusted, and understand the steps required to make the change. From the context, we know that log levels for different components can be configured in the Classic Control Panel under the Logs section. Specifically, for RadiantOne FID, the component is listed as VDS \u2013 Server. We need to find the exact steps to change the log level for this component.",
        "query": "\"How to change log level for VDS \u2013 Server in RadiantOne Classic Control Panel?\"\n\n---"
      },
      {
        "augmented": true,
        "context": [
          "Supported Virtualization & Container Platforms\n\r\nIf RadiantOne will be running on a virtual machine, the minimum recommendations detailed in the platform specific sections (Windows Platforms and Linux Platforms) are what should be allocated for the virtual machine. It should be noted that these minimums may not be sufficient for a production environment.\r\n\r\nRadiantOne supports the following virtualization platforms:\r\n\r\n-\tMicrosoft Windows Virtual Server\r\n-\tMicrosoft HYPER-V\r\n-\tVMWare ESX\r\n-\tCitrix XenServer\r\n\r\nFor other sizing considerations related to running RadiantOne on virtual machines, please see the RadiantOne Hardware Sizing Guide.\r\n\r\nRadiantOne supports the following container platforms:\r\n\r\n-\tDocker containers running in Kubernetes.\r\n\r\n** The design, installation, configuration, and testing of a Kubernetes deployment may require a Professional Services engagement with Radiant Logic. To discuss your Kubernetes deployment, recommendations, and best practices, contact your Radiant Logic Account representative.",
          "---\r\ntitle: System Requirements\r\ndescription: System Requirements\r\n---\r\n\r\nThis document describes the supported backend data sources and the recommended minimum system requirements for installing RadiantOne v7.4.X.\r\n\r\nFor detailed memory requirements for specific configurations, please see the RadiantOne Hardware Sizing Guide.",
          "RadiantOne Nodes\n\r\n**Hardware**\r\n\r\nCluster nodes must be deployed on hardware that is configured for optimal redundancy and highly reliable connectivity between the cluster nodes\/machines.\r\n\r\n-    Processor: Intel Pentium or AMD Opteron. Minimum dual core.\r\n-    Processor Speed: 2GHZ or higher\r\n-    Network Bandwidth: Minimum 1Gbps, low latency\r\n-    Memory: 16 GB minimum. For most production deployments, more than 16 GB of memory is required. For more details on sizing, see the RadiantOne Hardware Sizing Guide.\r\n-    Hard Drive: 500 GB of disk space, SSD (the hard disk usage will vary depending on log types\/levels that are enabled and the desired log history to maintain in addition to quantity of HDAP stores and Persistent Cache configurations). The recommended minimum data transfer rate is 150 MB\/sec.\r\n\r\n**Software**\r\n\r\nOperating Systems: Windows Server 2012 R2, Windows Server 2016, Windows Server 2019, Windows Server Core, Windows Server 2022, Red Hat Enterprise Linux v5\/v6\/v7\/v8+, Fedora v24+, CentOS v7+, SUSE Linux Enterprise v11+, Ubuntu 16+",
          "Windows 64-bit Platforms\n\r\nHardware\r\n Cluster nodes must be deployed on hardware that is configured for optimal redundancy and highly reliable connectivity between the cluster nodes\/machines.\r\n\r\nProcessor: Intel Pentium or AMD Opteron. Minimum dual core.\r\n\r\nProcessor Speed: 2GHZ or higher\r\n\r\nNetwork Bandwidth: Minimum 1Gbps, low latency\r\n\r\nMemory: 16 GB minimum. For most production deployments, more than 16 GB of memory is required. For more details on sizing, see the RadiantOne Hardware Sizing Guide.\r\n\r\nHard Drive: 500 GB of disk space (the hard disk usage will vary depending on log types\/levels that are enabled and the desired log history to maintain). The recommended minimum data transfer rate is 150 MB\/sec.\r\n\r\nSoftware Operating Systems: Windows Server 2016, Windows Server 2019, Windows Server 2022, Windows Server Core",
          "ZooKeeper Nodes\n\r\n**Hardware**\r\n\r\nCluster nodes must be deployed on hardware that is configured for optimal redundancy and highly reliable connectivity between the cluster nodes\/machines. For production environments, it is recommended that the ZooKeeper nodes be installed separate from the RadiantOne FID nodes.\r\n\r\n-    Processor: Intel Pentium or AMD Opteron. Minimum dual core.\r\n-    Processor Speed: 2GHZ or higher\r\n-    Network Bandwidth: Minimum 1Gbps, low latency\r\n-    Memory: 8 GB minimum.\r\n-    Hard Drive: 50 GB of disk space, SSD. The required minimum data transfer rate is 100 MB\/sec.\r\n\r\n**Software**\r\n\r\nOperating Systems: Windows Server 2012 R2, Windows Server 2016, Windows Server 2019, Windows Server Core, Windows Server 2022, Red Hat Enterprise Linux versions 5,6,7,8+, Fedora v24+, CentOS v7+, SUSE Linux Enterprise v11+, Ubuntu 16+"
        ],
        "question": "What are the system requirements to install RadiantOne on Windows?",
        "rationale": "produce the query. We need to gather all the relevant information about the system requirements for installing RadiantOne on Windows platforms. This includes hardware and software specifications. We will look for details such as processor type, processor speed, memory, network bandwidth, hard drive space, and supported operating systems.",
        "query": "\"RadiantOne system requirements for Windows installation\""
      },
      {
        "augmented": true,
        "context": [
          "Edit attribute mapping\n\nTo edit an attribute mapping:\n\n1. Select the topology on the Global Sync tab.\n1. Select **Configure** on the pipeline.\n1. Select the Transformation component.\n1. Expand below the Mappings section at the bottom.\n1. Select the pipeline mapping that contains the attribute mapping you want to edit and select **Edit**.\n1. Select the attribute mapping in the list and select **Edit**.\n1. When edits are finished, select **Save**.",
          "Edit attribute mapping\n\r\nTo edit an attribute mapping:\r\n\r\n1. Select the topology on the Global Sync tab.\r\n1. Select **Configure** on the pipeline.\r\n1. Select the Transformation component.\r\n1. Expand below the Mappings section at the bottom.\r\n1. Select the pipeline mapping that contains the attribute mapping you want to edit and select **Edit**.\r\n1. Select the attribute mapping in the list and select **Edit**.\r\n1. When edits are finished, select **Save**.",
          "Test attribute mapping\n\nTest the attribute mappings by entering values for the source attributes.\n\n1. Select the topology on the Global Sync tab.\n1. Select **Configure** on the pipeline.\n1. Select the Transformation component.\n1. Expand below the Mappings section at the bottom.\n1. Select **TEST**.\n    !Test Attribute Mappings\n1. Select the source event type (e.g. **Insert**, **Update**, **Delete**) to test.\n1. Enter an Event ID. This is a DN that matches the location in the RadiantOne namespace for the source entries. (e.g. `uid=Aaron_Medler,ou=Accounting,o=companydirectory` assuming `o=companydirectory` is the source naming context in RadiantOne).\n1. Add source attribute names and values. Attribute names are in the left column and corresponding value in the right column. Click in the cell, type the value and select **Enter**. Attribute types can be simple or complex. The definitions for \"simple\" and \"complex\" are based on SCIM (). Use the red X button next to the attribute to remove it from the test.\n    !Example - Entering Simple Attributes for Testing\n1. Select **TEST**.\n1. The results of the Attribute Mappings are shown in the Output section.\n1. When you are finished testing the mappings, select **CLOSE** to go back to the \"Configure Pipeline\" screen.",
          "Test attribute mapping\n\r\nTest the attribute mappings by entering values for the source attributes.\r\n\r\n1. Select the topology on the Global Sync tab.\r\n1. Select **Configure** on the pipeline.\r\n1. Select the Transformation component.\r\n1. Expand below the Mappings section at the bottom.\r\n1. Select **TEST**.\r\n    !Test Attribute Mappings\r\n1. Select the source event type (e.g. **Insert**, **Update**, **Delete**) to test.\r\n1. Enter an Event ID. This is a DN that matches the location in the RadiantOne namespace for the source entries. (e.g. `uid=Aaron_Medler,ou=Accounting,o=companydirectory` assuming `o=companydirectory` is the source naming context in RadiantOne).\r\n1. Add source attribute names and values. Attribute names are in the left column and corresponding value in the right column. Click in the cell, type the value and select **Enter**. Attribute types can be simple or complex. The definitions for \"simple\" and \"complex\" are based on SCIM (). Use the red X button next to the attribute to remove it from the test.\r\n    !Example - Entering Simple Attributes for Testing\r\n1. Select **TEST**.\r\n1. The results of the Attribute Mappings are shown in the Output section.\r\n1. When you are finished testing the mappings, select **CLOSE** to go back to the \"Configure Pipeline\" screen."
        ],
        "question": "How do I edit attribute mappings in Global Sync?",
        "rationale": "produce the query. We need to identify the steps involved in editing attribute mappings in Global Sync. The context provided contains detailed instructions on how to perform this task. By extracting the relevant steps, we can form a concise query.",
        "query": "\"Steps to edit attribute mappings in Global Sync\""
      },
      {
        "question": "How do I change the default storage path of a universal directory?",
        "answer": "To change the default storage path of a Universal Directory, follow these steps:\n\n1. Deactivate the Universal Directory store by unchecking the Active checkbox and then click Save.\n2. Confirm the change by clicking Yes when prompted.\n3. Enter the full path you want to set as the new Storage Location.\n4. Click Save and then click Yes to apply the change to the server.\n5. Reactivate the Universal Directory by checking the Active checkbox.\n6. Click Save again and confirm by clicking Yes.\n\n**Important**: If you have data in the current storage location that you want to retain, make sure to export it to an LDIF file before changing the storage location. After changing the storage path, you can import this LDIF file to retain your data."
      },
      {
        "question": "What do I need in order to add more nodes to a cluster?",
        "answer": "To add more nodes to a cluster, you will need the following details:\n- The server name of an existing core RadiantOne cluster node.\n- The server names and ports of the ZooKeeper ensemble.\n- The cluster name.\n- The ZooKeeper login and password.\n- A valid RadiantOne license key (you might need to check with a Radiant Logic representative to verify your license key type).\n\nFor exact installation steps, please refer to the RadiantOne Installation Guide."
      },
      {
        "question": "How do I delete a root naming context?",
        "answer": "To delete a root naming context, follow these steps: 1. Open the RadiantOne Main Control Panel. 2. Go to the Directory Namespace Tab. 3. Find the naming context you want to delete under the Root Naming Contexts node. 4. Uncheck the Active option on the right side. 5. Click the Save button. 6. A prompt will appear asking if you want to apply the changes to the server. Click Yes. 7. Another prompt will appear confirming the deactivation. Click OK. 8. Click the delete button (trash can icon). 9. Confirm the deletion by clicking Yes. 10. Click OK to exit the confirmation. That's it! The root naming context has been successfully deleted. Please note that if the naming context contains levels with multiple backends mounted under it, each of these must be deleted prior to deleting the root naming context."
      }
    ],
    "signature_instructions": "Write a simple search query that will help answer a complex question.",
    "signature_prefix": "Query:",
    "extended_signature_instructions": "Write a simple search query that will help answer a complex question.",
    "extended_signature_prefix": "Query:"
  },
  "generate_answer": {
    "lm": null,
    "traces": [],
    "train": [],
    "demos": [
      {
        "augmented": true,
        "context": [
          "Overview\n\nRadiantOne supports logging at different levels for different components. Logs for the different components are configured in the Classic Control Panel > Settings > Logs section. RadiantOne access logs are configured in the Access Logs section and RadiantOne changelog is configured in the Changelog section. An introduction to these sections is below. \n\nTo switch to Classic Control Panel from the new Control Panel, use the menu options for the logged in user in the upper right.\n\n!Classic Control Panel\n\nTo download log files, use the Server Control Panel > Log Viewer tab.\nTo access the Server Control Panel, click the link in the upper corner of the Classic Control Panel.\n\n!Server Control Panel",
          "Persistent Cache Refresh Log Level\n\nActivity performed against a persistent cache is logged below a branch in the RadiantOne namespace named cn=cacherefreshlog. This log is always enabled and the level can be set to all, status, or just errors. The level is set on the Classic Control Panel > Settings Tab > Logs section > Changelog sub-section, Persistent Cache Refresh Log Level parameter.\n\nIf *all* log level is selected, the cn=cacherefreshlog branch contains all requests (successful or not) to refresh the persistent cache. This includes information about the exact changes (what information changed). The attribute named \u2018changes\u2019 contains the attribute level changes. The format is compatible with the changelog format.\n\nThe latest IETF description of it is:\n\nhttp:\/\/www.mozilla.org\/directory\/ietf-docs\/draft-good-ldap-changelog-03.txt\n\nThe \u2018changes\u2019 attribute is actually an LDIF representation of the change as defined in:\n\nhttp:\/\/ietfreport.isoc.org\/rfc\/rfc2849.txt\n\nThe difference between *status* level and *all* level is that all only logs entries that have **actually** changed whereas status level logs all changes coming into the persistent cache whether the actual entry has changed or not. To provide an example, say you have cached data from a materialized view in a database and are using triggers to detect changes on the database. A materialized view may be rebuilt daily, triggering many \u201cchanges\u201d detected by the RadiantOne change capture connector. On a more simplistic level, updating an entry with the exact same value results in the connector picking up an update change. Therefore, the persistent cache connector sends a cache refresh to RadiantOne for the entry that was updated. If the cache refresh log level is set to *status*, this update is logged in the cn=cacherefreshlog. If the cache refresh log level is *all*, the existing entry in persistent cache is compared with the entry received in the message from the connector, if the entry really has changed, it is stored in the cache refresh log. If the entry did not change, then the \u201cchange\u201d is not documented in the cacherefresh log. Because of this, the *all* log level generates LESS entries in the cn=cacherefreshlog, and documents which attribute actually changed, but is more time consuming because of the comparison required. \n\nOn the new Control Panel > Manage > Directory Browser, navigate to the cn=cacherefreshlog branch to view the persistent cache activity.\n\nThe information logged can be used for the following purposes:\n-\tTo update some other RadiantOne persistent caches that contains the same information.\n-\tAs a location where any user\/application can review to see what changes were made to the persistent cache and when.\n-\tTo monitor errors in case one of the underlying sources is down when RadiantOne attempts to get the latest image.\n\nAll changes to persistent cache branches are logged in the cn=changelog. Therefore, the persistent cache refresh log level is typically set to error to log only entries that could not be refreshed in the cache. The other log levels are still available to support backward compatibility (when changes to the persistent cache branches were not logged into the general change log).",
          "Log Settings\n\r\nLog level, rollover size and number of files to keep in archive are configurable for each RadiantOne component. On the Logs > Log Settings section, select the component from the drop-down list. The default log level is INFO. The default rollover size is 100MB and the default number of log files to keep is 10.\r\n\r\nFor RadiantOne (FID and Universal Directory), the item in the drop-down list is VDS \u2013 Server. The default log file name is vds_server.log.\r\n\r\nFor the Scheduler, the items in the drop-down list are Scheduler \u2013 Scheduler server and Scheduler \u2013 Scheduler Tasks. The default log file name for the server is server.log. The default log file name for the tasks is `task..log`. \r\n\r\nFor the Control Panels, the items in the drop-down list are Control Panel \u2013 Server and Control Panel \u2013 Access. The default log file name for the server is web.log. The default log file name for the access information is web_access.log.\r\n\r\nFor the Sync Agents used in real-time persistent cache refresh, the item in the drop-down list is Sync Agents \u2013 Agents. The default log file name is agent_fid_sd_agent_real_time.log.",
          "Log Settings\n\r\nLog level, rollover size and number of files to keep in archive are configurable for each RadiantOne component. On the Logs > Log Settings section, select the component from the drop-down list. The default log level is INFO. The default rollover size is 100MB and the default number of log files to keep is 10.\r\n\r\nFor RadiantOne (FID and Universal Directory), the item in the drop-down list is VDS \u2013 Server. The default log file name and location is \/vds_server\/logs\/vds_server.log.\r\n\r\nFor VRS (SQL interface to RadiantOne) the items in the drop-down list are VDS -VRS Server and VDS - VRS Access, the default log file names and location are \/vds_server\/logs\/vrs\/vrs_server.log and vrs_access.log.\r\n\r\nFor the Scheduler, the items in the drop-down list are Scheduler \u2013 Scheduler server and Scheduler \u2013 Scheduler Tasks. The default log file name and location for the server is \/vds_server\/logs\/scheduler\/server.log. The default log file name and location for the tasks is \/vds_server\/logs\/scheduler\/task..log\r\n\r\nFor the Control Panels, the items in the drop-down list are Control Panel \u2013 Server and Control Panel \u2013 Access. The default log file name and location for the server is \/vds_server\/logs\/jetty\/web.log. The default log file name for the access information is \/vds_server\/logs\/jetty\/web_access.log.\r\n\r\nFor the Sync Agents used in real-time persistent cache refresh, the item in the drop-down list is Sync Agents \u2013 Agents. The default log file name and location is \/logs\/sync_agents\/agent_fid_sd_agent_real_time.log. \r\n\r\nFor some components, there is an Advanced section where finer-grained logging properties can be configured. For details on log levels and advanced log settings, please see the RadiantOne Logging and Troubleshooting Guide.",
          "Auditing RadiantOne Configuration Changes\n\r\nTo log configuration changes made through command line, using the vdsconfig utility, enable config logging with the following steps:\r\n\r\n>[!warning]\r\n>These steps require downtime since all services must be stopped. If RadiantOne is deployed in a cluster, perform the following steps on each node.\r\n\r\n1. Stop all RadiantOne services including ZooKeeper.\r\n2. Edit \\config\\advanced\\features.properties and set:\r\n    vdsconfig.logging.enabled=true\r\n3. Restart ZooKeeper.\r\n4. Restart all needed RadiantOne services.\r\n\r\nConfiguration changes are logged in: \/logs\/vdsconfig.log",
          "Scheduler Server\n\r\nThe task scheduler logging is configured from the Classic Control Panel > Settings tab > Logs > Logs Settings section. Select the Scheduler \u2013 Scheduler Server option from the Log Settings to Configure drop-down menu.\r\n\r\n!Scheduler Log Level\r\n\r\n\r\n**Log Level**\r\n\r\nSelect a log level from the drop-down list in the Log Settings section. \r\n\r\n**Rollover Size**\r\n\r\nBy default, the task scheduler log file rolls over once it reaches 100MB in size. Change this value if needed.\r\n\r\n**Log Location**\r\n\r\nThe task scheduler log file is server.log and can be viewed and downloaded from Server Control Panel > Log Viewer. \r\n\r\n**Log Archiving**\r\n\r\nBy default, 10 files are kept in the archive. Change this value in the How Many Files to Keep in Archive setting. The archived files are named `server-.log` and can be viewed and downloaded from the Server Control Panel > Log Viewer.",
          "Debug SSL\n\r\nSSL is enabled by default, but SSL logging is disabled by default. When SSL logging is enabled, SSL events have an entry in vds_server.log.  SSL events are logged at INFO level, so log settings for VDS \u2013 Server must be at least at INFO level. You can view and download the vds_server.log from the Server Control Panel > Log Viewer.\r\n\r\n>[!note] \r\n>For more information on log levels, refer to the RadiantOne Logging and Troubleshooting Guide.\r\n\r\nTo enable SSL logging:\r\n\r\n1. From the Main Control Panel, click Settings > Logs > Log Settings.\r\n\r\n2. From the Log Settings to Configure drop-down menu, select VDS \u2013 Server. \r\n\r\n3. Verify that the Log Level drop-down menu is set to one of the following: INFO, DEBUG, or TRACE. \r\n\r\n4. If you change the log level, click **Save**. \r\n\r\n5. Click **Security -> SSL**.\r\n\r\n6. In the SSL section, check the Debug SSL box. \r\n\r\n7. Click **Save**.\r\n\r\n8. Restart the RadiantOne service.",
          "RadiantOne SCIM Access Log\n\r\nThe RadiantOne service supports SCIMv2. SCIM logging is configured from the Classic Control Panel > Settings tab > Logs > Logs Settings section. Select the VDS \u2013 SCIM option from the Log Settings to Configure drop-down menu. \r\n\r\n**Log Level**\r\n\r\nSelect a log level from the drop-down list in the Log Settings section. The default log level for this log is INFO. \r\n\r\n**Log Contents**\r\n\r\nThe SCIM log records the following. \r\n\r\n-\tOperations including post, put, patch, and deletes\r\n\r\n-\tInternal processing related to servicing requests from SCIM clients\r\n\r\n**Log Location**\r\n\r\nThe SCIM log file is scim.log. It can be viewed and downloaded from the Server Control Panel > Log Viewer. \r\n\r\n**Rollover Size**\r\n\r\nBy default, the scim.log file rolls over once it reaches 100MB in size. Change this value if needed. \r\n\r\n**Log Archiving**\r\n\r\nBy default, 20 files are kept in the archive. Change this value in the How Many Files to Keep in Archive setting. The archived files are named `scim-.log.zip` and and can be downloaded from Server Control Panel > Log Viewer.",
          "Scheduled Tasks\n\r\nLogging for scheduled tasks is configured from the Classic Control Panel > Settings tab > Logs > Logs Settings section. Select the Scheduler \u2013 Scheduler Tasks option from the Log Settings to Configure drop-down menu.\r\n\r\n!Scheduled Tasks Log Level\r\n\r\n**Log Level**\r\n\r\nSelect a log level from the drop-down list in the Log Settings section. \r\n\r\n**Rollover Size**\r\n\r\nBy default, the task log file rolls over once it reaches 100MB in size. Change this value if needed.\r\n\r\n**Log Location**\r\n\r\nThe task log file is `task..log` and can be viewed and downloaded from the Server Control Panel > Log Viewer.\r\n\r\n**Log Archiving**\r\n\r\nBy default, 10 files are kept in the archive. Change this value in the How Many Files to Keep in Archive setting. The archived files are named `task.>.log` and can be viewed and downloaded from the Server Control Panel > Log Viewer."
        ],
        "question": "How do I change the log level for RadiantOne FID?",
        "rationale": "Reasoning: Let's think step by step in order to change the log level for RadiantOne FID. We need to access the appropriate settings in the control panel and make the necessary adjustments.\n\n1. Open the Classic Control Panel.\n2. Navigate to the Settings tab.\n3. Go to the Logs section.\n4. In the Log Settings section, select VDS \u2013 Server from the drop-down list.\n5. Choose the desired log level from the Log Level drop-down menu.\n6. Click Save to apply the changes.",
        "answer": "To change the log level for RadiantOne FID, follow these steps:\n1. Open the Classic Control Panel.\n2. Navigate to the Settings tab.\n3. Go to the Logs section.\n4. In the Log Settings section, select VDS \u2013 Server from the drop-down list.\n5. Choose the desired log level from the Log Level drop-down menu.\n6. Click Save to apply the changes."
      },
      {
        "augmented": true,
        "context": [
          "Supported Virtualization & Container Platforms\n\r\nIf RadiantOne will be running on a virtual machine, the minimum recommendations detailed in the platform specific sections (Windows Platforms and Linux Platforms) are what should be allocated for the virtual machine. It should be noted that these minimums may not be sufficient for a production environment.\r\n\r\nRadiantOne supports the following virtualization platforms:\r\n\r\n-\tMicrosoft Windows Virtual Server\r\n-\tMicrosoft HYPER-V\r\n-\tVMWare ESX\r\n-\tCitrix XenServer\r\n\r\nFor other sizing considerations related to running RadiantOne on virtual machines, please see the RadiantOne Hardware Sizing Guide.\r\n\r\nRadiantOne supports the following container platforms:\r\n\r\n-\tDocker containers running in Kubernetes.\r\n\r\n** The design, installation, configuration, and testing of a Kubernetes deployment may require a Professional Services engagement with Radiant Logic. To discuss your Kubernetes deployment, recommendations, and best practices, contact your Radiant Logic Account representative.",
          "---\r\ntitle: System Requirements\r\ndescription: System Requirements\r\n---\r\n\r\nThis document describes the supported backend data sources and the recommended minimum system requirements for installing RadiantOne v7.4.X.\r\n\r\nFor detailed memory requirements for specific configurations, please see the RadiantOne Hardware Sizing Guide.",
          "RadiantOne Nodes\n\r\n**Hardware**\r\n\r\nCluster nodes must be deployed on hardware that is configured for optimal redundancy and highly reliable connectivity between the cluster nodes\/machines.\r\n\r\n-    Processor: Intel Pentium or AMD Opteron. Minimum dual core.\r\n-    Processor Speed: 2GHZ or higher\r\n-    Network Bandwidth: Minimum 1Gbps, low latency\r\n-    Memory: 16 GB minimum. For most production deployments, more than 16 GB of memory is required. For more details on sizing, see the RadiantOne Hardware Sizing Guide.\r\n-    Hard Drive: 500 GB of disk space, SSD (the hard disk usage will vary depending on log types\/levels that are enabled and the desired log history to maintain in addition to quantity of HDAP stores and Persistent Cache configurations). The recommended minimum data transfer rate is 150 MB\/sec.\r\n\r\n**Software**\r\n\r\nOperating Systems: Windows Server 2012 R2, Windows Server 2016, Windows Server 2019, Windows Server Core, Windows Server 2022, Red Hat Enterprise Linux v5\/v6\/v7\/v8+, Fedora v24+, CentOS v7+, SUSE Linux Enterprise v11+, Ubuntu 16+",
          "Windows 64-bit Platforms\n\r\nHardware\r\n Cluster nodes must be deployed on hardware that is configured for optimal redundancy and highly reliable connectivity between the cluster nodes\/machines.\r\n\r\nProcessor: Intel Pentium or AMD Opteron. Minimum dual core.\r\n\r\nProcessor Speed: 2GHZ or higher\r\n\r\nNetwork Bandwidth: Minimum 1Gbps, low latency\r\n\r\nMemory: 16 GB minimum. For most production deployments, more than 16 GB of memory is required. For more details on sizing, see the RadiantOne Hardware Sizing Guide.\r\n\r\nHard Drive: 500 GB of disk space (the hard disk usage will vary depending on log types\/levels that are enabled and the desired log history to maintain). The recommended minimum data transfer rate is 150 MB\/sec.\r\n\r\nSoftware Operating Systems: Windows Server 2016, Windows Server 2019, Windows Server 2022, Windows Server Core",
          "ZooKeeper Nodes\n\r\n**Hardware**\r\n\r\nCluster nodes must be deployed on hardware that is configured for optimal redundancy and highly reliable connectivity between the cluster nodes\/machines. For production environments, it is recommended that the ZooKeeper nodes be installed separate from the RadiantOne FID nodes.\r\n\r\n-    Processor: Intel Pentium or AMD Opteron. Minimum dual core.\r\n-    Processor Speed: 2GHZ or higher\r\n-    Network Bandwidth: Minimum 1Gbps, low latency\r\n-    Memory: 8 GB minimum.\r\n-    Hard Drive: 50 GB of disk space, SSD. The required minimum data transfer rate is 100 MB\/sec.\r\n\r\n**Software**\r\n\r\nOperating Systems: Windows Server 2012 R2, Windows Server 2016, Windows Server 2019, Windows Server Core, Windows Server 2022, Red Hat Enterprise Linux versions 5,6,7,8+, Fedora v24+, CentOS v7+, SUSE Linux Enterprise v11+, Ubuntu 16+"
        ],
        "question": "What are the system requirements to install RadiantOne on Windows?",
        "rationale": "Reasoning: Let's think step by step in order to determine the system requirements to install RadiantOne on Windows. We need to consider both hardware and software requirements as specified in the provided context.",
        "answer": "To install RadiantOne on Windows, the system requirements are as follows:\n\n**Hardware:**\n- **Processor:** Intel Pentium or AMD Opteron, minimum dual core.\n- **Processor Speed:** 2GHz or higher.\n- **Network Bandwidth:** Minimum 1Gbps, low latency.\n- **Memory:** 16 GB minimum. For most production deployments, more than 16 GB of memory is required. For more details on sizing, see the RadiantOne Hardware Sizing Guide.\n- **Hard Drive:** 500 GB of disk space (the hard disk usage will vary depending on log types\/levels that are enabled and the desired log history to maintain). The recommended minimum data transfer rate is 150 MB\/sec.\n\n**Software:**\n- **Operating Systems:** Windows Server 2016, Windows Server 2019, Windows Server 2022, Windows Server Core."
      },
      {
        "augmented": true,
        "context": [
          "Edit attribute mapping\n\nTo edit an attribute mapping:\n\n1. Select the topology on the Global Sync tab.\n1. Select **Configure** on the pipeline.\n1. Select the Transformation component.\n1. Expand below the Mappings section at the bottom.\n1. Select the pipeline mapping that contains the attribute mapping you want to edit and select **Edit**.\n1. Select the attribute mapping in the list and select **Edit**.\n1. When edits are finished, select **Save**.",
          "Edit attribute mapping\n\r\nTo edit an attribute mapping:\r\n\r\n1. Select the topology on the Global Sync tab.\r\n1. Select **Configure** on the pipeline.\r\n1. Select the Transformation component.\r\n1. Expand below the Mappings section at the bottom.\r\n1. Select the pipeline mapping that contains the attribute mapping you want to edit and select **Edit**.\r\n1. Select the attribute mapping in the list and select **Edit**.\r\n1. When edits are finished, select **Save**.",
          "Test attribute mapping\n\nTest the attribute mappings by entering values for the source attributes.\n\n1. Select the topology on the Global Sync tab.\n1. Select **Configure** on the pipeline.\n1. Select the Transformation component.\n1. Expand below the Mappings section at the bottom.\n1. Select **TEST**.\n    !Test Attribute Mappings\n1. Select the source event type (e.g. **Insert**, **Update**, **Delete**) to test.\n1. Enter an Event ID. This is a DN that matches the location in the RadiantOne namespace for the source entries. (e.g. `uid=Aaron_Medler,ou=Accounting,o=companydirectory` assuming `o=companydirectory` is the source naming context in RadiantOne).\n1. Add source attribute names and values. Attribute names are in the left column and corresponding value in the right column. Click in the cell, type the value and select **Enter**. Attribute types can be simple or complex. The definitions for \"simple\" and \"complex\" are based on SCIM (). Use the red X button next to the attribute to remove it from the test.\n    !Example - Entering Simple Attributes for Testing\n1. Select **TEST**.\n1. The results of the Attribute Mappings are shown in the Output section.\n1. When you are finished testing the mappings, select **CLOSE** to go back to the \"Configure Pipeline\" screen.",
          "Test attribute mapping\n\r\nTest the attribute mappings by entering values for the source attributes.\r\n\r\n1. Select the topology on the Global Sync tab.\r\n1. Select **Configure** on the pipeline.\r\n1. Select the Transformation component.\r\n1. Expand below the Mappings section at the bottom.\r\n1. Select **TEST**.\r\n    !Test Attribute Mappings\r\n1. Select the source event type (e.g. **Insert**, **Update**, **Delete**) to test.\r\n1. Enter an Event ID. This is a DN that matches the location in the RadiantOne namespace for the source entries. (e.g. `uid=Aaron_Medler,ou=Accounting,o=companydirectory` assuming `o=companydirectory` is the source naming context in RadiantOne).\r\n1. Add source attribute names and values. Attribute names are in the left column and corresponding value in the right column. Click in the cell, type the value and select **Enter**. Attribute types can be simple or complex. The definitions for \"simple\" and \"complex\" are based on SCIM (). Use the red X button next to the attribute to remove it from the test.\r\n    !Example - Entering Simple Attributes for Testing\r\n1. Select **TEST**.\r\n1. The results of the Attribute Mappings are shown in the Output section.\r\n1. When you are finished testing the mappings, select **CLOSE** to go back to the \"Configure Pipeline\" screen."
        ],
        "question": "How do I edit attribute mappings in Global Sync?",
        "rationale": "produce the answer. We need to follow a series of steps to edit attribute mappings in Global Sync. The context provides a detailed procedure for this task.",
        "answer": "To edit attribute mappings in Global Sync, follow these steps:\n\n1. Select the topology on the Global Sync tab.\n2. Select **Configure** on the pipeline.\n3. Select the Transformation component.\n4. Expand below the Mappings section at the bottom.\n5. Select the pipeline mapping that contains the attribute mapping you want to edit and select **Edit**.\n6. Select the attribute mapping in the list and select **Edit**.\n7. When edits are finished, select **Save**.\n\nBy following these steps, you will be able to edit attribute mappings in Global Sync."
      },
      {
        "question": "What do I need in order to add more nodes to a cluster?",
        "answer": "To add more nodes to a cluster, you will need the following details:\n- The server name of an existing core RadiantOne cluster node.\n- The server names and ports of the ZooKeeper ensemble.\n- The cluster name.\n- The ZooKeeper login and password.\n- A valid RadiantOne license key (you might need to check with a Radiant Logic representative to verify your license key type).\n\nFor exact installation steps, please refer to the RadiantOne Installation Guide."
      },
      {
        "question": "How do I delete a root naming context?",
        "answer": "To delete a root naming context, follow these steps: 1. Open the RadiantOne Main Control Panel. 2. Go to the Directory Namespace Tab. 3. Find the naming context you want to delete under the Root Naming Contexts node. 4. Uncheck the Active option on the right side. 5. Click the Save button. 6. A prompt will appear asking if you want to apply the changes to the server. Click Yes. 7. Another prompt will appear confirming the deactivation. Click OK. 8. Click the delete button (trash can icon). 9. Confirm the deletion by clicking Yes. 10. Click OK to exit the confirmation. That's it! The root naming context has been successfully deleted. Please note that if the naming context contains levels with multiple backends mounted under it, each of these must be deleted prior to deleting the root naming context."
      },
      {
        "question": "How do I change the default storage path of a universal directory?",
        "answer": "To change the default storage path of a Universal Directory, follow these steps:\n\n1. Deactivate the Universal Directory store by unchecking the Active checkbox and then click Save.\n2. Confirm the change by clicking Yes when prompted.\n3. Enter the full path you want to set as the new Storage Location.\n4. Click Save and then click Yes to apply the change to the server.\n5. Reactivate the Universal Directory by checking the Active checkbox.\n6. Click Save again and confirm by clicking Yes.\n\n**Important**: If you have data in the current storage location that you want to retain, make sure to export it to an LDIF file before changing the storage location. After changing the storage path, you can import this LDIF file to retain your data."
      }
    ],
    "signature_instructions": "Given the fields `context`, `question`, produce the fields `answer`.",
    "signature_prefix": "Answer:",
    "extended_signature_instructions": "Given the fields `context`, `question`, produce the fields `answer`.",
    "extended_signature_prefix": "Answer:"
  }
}