{
  "generate_query[0]": {
    "lm": null,
    "traces": [],
    "train": [],
    "demos": [
      {
        "augmented": true,
        "context": [],
        "question": "What do I need in order to add more nodes to a cluster?",
        "rationale": "produce the query. We first need to understand the requirements for adding nodes to a cluster, such as the necessary hardware, software, and configuration steps.",
        "query": "\"requirements for adding nodes to cluster\""
      },
      {
        "augmented": true,
        "context": [],
        "question": "How do I delete a root naming context?",
        "rationale": "produce the query. We know that in order to delete a root naming context, we need to access the appropriate documentation or resources that provide instructions on how to do so.",
        "query": "\"delete root naming context\" site:documentation.com"
      },
      {
        "augmented": true,
        "context": [],
        "question": "What are all of the authentication methods supported in RadiantOne?",
        "rationale": "produce the query. We know that RadiantOne is a popular identity integration platform that supports various authentication methods. To find out all the authentication methods supported, we need to search for the official documentation or support resources provided by RadiantOne.",
        "query": "\"RadiantOne authentication methods supported\""
      },
      {
        "augmented": true,
        "context": [],
        "question": "How do I change the default storage path of a universal directory?",
        "rationale": "produce the query. We know that changing the default storage path of a universal directory involves modifying system settings or configurations. Therefore, we need to search for specific instructions or guides on how to do this.",
        "query": "\"How to change default storage path of universal directory\""
      }
    ],
    "signature_instructions": "Write a simple search query that will help answer a complex question.",
    "signature_prefix": "Query:",
    "extended_signature_instructions": "Write a simple search query that will help answer a complex question.",
    "extended_signature_prefix": "Query:"
  },
  "generate_query[1]": {
    "lm": null,
    "traces": [],
    "train": [],
    "demos": [
      {
        "augmented": true,
        "context": [
          "Adding Nodes\n\r\nOnce you have tested and validated a basic installation of RadiantOne, and have determined your throughput and high availability needs require a cluster deployment, you can start to put in place the number of nodes required for high availability and needed throughput. This section describes steps to add nodes to a cluster.\r\n\r\nPlease see the System Requirements document and the RadiantOne Hardware Sizing Guide for proper sizing of the machines.\r\n\r\n>[!warning]\r\n>When deploying a cluster, nodes must be running on hardware that is configured for optimal redundancy and highly reliable connectivity between the cluster nodes\/machines.\r\n\r\nIf you received a cluster-based license key, the same key value can be used for all nodes you install in a given cluster. If you received a server-based\/single node license key, each RadiantOne server you deploy requires its own Radiant Logic license key.",
          "DNS Settings\n\r\nIf running in a cluster, you must make sure DNS resolution for the cluster nodes is configured properly. Improper DNS resolution will affect ZooKeeper which is in charge of the cluster management. It is highly recommended that you edit the \/etc\/hosts file to map hostnames to IP addresses for all cluster nodes.",
          "Adding Nodes\n\nTo install nodes to an existing cluster, you need the following details:\n\n- The server name of an existing core RadiantOne cluster node.\n- The server names and ports of the ZooKeeper ensemble.\n- The cluster name.\n- The ZooKeeper login and password.\n- A valid RadiantOne license key. Keys can be enforced at the cluster level or the node\nlevel. Please check with your Radiant Logic representative to verify your license key type.\n\nFor exact installation steps, please see the RadiantOne Installation Guide.",
          "Sizing a Kubernetes Cluster\n\nSizing a Kubernetes cluster depends on several factors, including:\n\n- Workload requirements: The amount of CPU, memory, and storage resources required by your applications and services.\n\n- Node capacity: The maximum capacity of each node in terms of CPU, memory, and storage.\n\n- Scale: The number of nodes needed to support the desired level of workload requirements and accommodate future growth.\n\n- High availability: The level of redundancy and fault tolerance required in the cluster.\n\nTo size a Kubernetes cluster, you should start by determining the resource requirements of your workloads and then choose a node size that can accommodate those requirements. You should also consider the desired level of high availability and scale when choosing the number of nodes in your cluster.\n\nOnce you have a rough estimate of the number of nodes needed, you can use tools like kubectl top and kubectl describe to monitor resource usage and adjust the cluster size as needed.\n\n>[!note] It is a good idea to over-provision resources slightly to account for unexpected spikes in demand."
        ],
        "question": "What do I need in order to add more nodes to a cluster?",
        "rationale": "produce the query. We need to identify the necessary details and requirements for adding nodes to a cluster, such as server names, ZooKeeper ensemble information, cluster name, login credentials, and license key type.",
        "query": "What are the required details for adding nodes to a RadiantOne cluster?"
      },
      {
        "augmented": true,
        "context": [
          "Deleting Naming Contexts\n\r\nTo delete a naming context, you must first deactivate it (and delete any child naming contexts first if there are any defined).\r\n\r\n1.\tFrom the Main Control Panel > Directory Namespace Tab, select the naming context you want to delete below the Root Naming Contexts node.\r\n\r\n2.\tOn the right side, uncheck the Active option and click **Save**.\r\n\r\n3.\tClick **Yes** to apply the changes to the server.\r\n\r\n4.\tClick **OK** to exit the confirmation.\r\n\r\n5.\tClick the **Delete**  button.\r\n\r\n6.\tClick **Yes** to confirm the deletion. \r\n\r\n7.\tClick **OK** to exit the confirmation.",
          "Deleting Naming Contexts\n\r\nTo delete a naming context, you must first deactivate it (and delete any child naming contexts first if there are any defined).\r\n\r\n>!warning] When deleting [LDAP proxy naming contexts, the underlying `\/vds_server\/lod\/.orx` and `\/vds_server\/dvx\/.dvx` are removed. For all other types of virtual views, the underlying .orx and .dvx files remain if the naming context is deleted. This is because these files can be used or referenced from other virtual views. If you want to manually delete specific .orx and .dvx files, do so from the Main Control Panel > Context Builder tab. For details, see the RadiantOne Context Builder Guide.\r\n\r\n1.\tFrom the Main Control Panel > Directory Namespace Tab, select the naming context you want to delete below the Root Naming Contexts node.\r\n\r\n2.\tOn the right side, uncheck the Active option and click **Save**.\r\n\r\n3.\tClick **Yes** to apply the changes to the server.\r\n\r\n4.\tClick **OK** to exit the confirmation.\r\n\r\n5.\tClick **Delete**.\r\n\r\n6.\tClick **Yes** to confirm the deletion. \r\n\r\n7.\tClick **OK** to exit the confirmation.",
          "Default Naming Contexts\n\r\nThis section describes all the default root naming contexts included with RadiantOne. The naming contexts can be viewed\/managed from the Main Control Panel > Directory Namespace tab and the data (run-time) can be seen from the Directory Browser tab. If a naming context is safe to delete, it is indicated in the description below.\r\n\r\nThe sample naming contexts are as follows:\r\n\r\n- o=vds\r\n This naming context contains many sample virtual views mounted below it. This naming context may be hidden (by specifying it as a hidden context in the rootdse.ldif file for the RadiantOne service) but should not be deleted.\r\n\r\n- o=companydirectory\r\n This is a sample local RadiantOne Universal Directory store. The data is stored in this RadiantOne Universal Directory can be managed from the Directory Browser tab in the Main Control Panel. This naming context is used in the RadiantOne training materials. If you do not plan on using the RadiantOne Tutorials (for training) then this entire naming context may be deleted (de-activate it before removing the naming context).\r\n\r\n- o=companyprofiles\r\n This is a sample of an LDAP proxy. The backend LDAP in this example is the RadiantOne Universal Directory local store that matches the o=companydirectory setting mentioned above. A proxy can point to any LDAP server. This is not a critical naming context and it may be deleted if needed (de-activate it before removing the naming context). Deleting the naming context, also deletes the underlying .dvx and .orx files:\r\n\/vds_server\/dvx\/o_companyprofiles.dvx and\r\n\/vds_server\/lod\/o_companyprofiles.orx.\r\n\r\n- o=examples\r\n This is a sample of a virtual view from a database backend. The database used here is Apache Derby and is included in the RadiantOne installation. This is not a critical naming context and it may be deleted if needed (de-activate it before removing the naming context. You need to deactivate and delete the child node prior to removing the root naming context). After deleting the naming context, you can also delete the underlying .dvx and .orx files: \/vds_server\/dvx\/o_examples.dvx,\r\n\/vds_server\/dvx\/ou_hr_o_examples.dvx, and\r\n\/vds_server\/org\/ou_hr_o_examples.orx.\r\n\r\n>[!warning] Before you can view the data in the sample o=examples naming context, you must start the Derby database server.\r\n\r\n>[!warning]On Windows \u2192 execute %RLI_HOME%\\bin\\DerbyServer.exe\r\n\r\n>[!warning]On UNIX platforms \u2192 $RLI_HOME\/bin\/runDerbyServer.sh\r\n\r\n- ou=AllProfiles\r\n This naming context is used by the legacy ID-Connect client web application and has three levels mounted below it. There are two nodes pointing to local RadiantOne Universal Directory stores (ou=ad_sample and ou=localvds) and one virtual view containing definitions to dynamically build groups (ou=VirtualGroups). If you do not plan on using the legacy ID-Connect application then this entire naming context may be deleted (de-activate each node first before removing the naming context).\r\nAfter deleting the naming context, you can also delete the underlying .dvx files:\r\n \/vds_server\/dvx\/o_allprofiles.dvx\r\n \/vds_server\/dvx\/virtualgroups.dvx.\r\n\r\n>[!note] \r\n>Although the ou=AllProfiles naming context is associated with the default.orx, this schema file should not be deleted if you delete the ou=AllProfiles naming context as it is used by other RadiantOne internal components.\r\n\r\n- cn=replicationjournal\r\n This naming context is used for inter-cluster replication. This naming context may be hidden (by specifying it as a hidden context in the rootdse.ldif file for RadiantOne) but should not be deleted.\r\n\r\n-  cn=extendedxjoin\r\n This naming context is used when the default store setting is configured for an extended join. This naming context may be hidden (by specifying it as a hidden context in the rootdse.ldif file for RadiantOne) but should not be deleted.\r\n\r\n- cn=config\r\n This naming context stores certain global configuration information for RadiantOne. This naming context may be hidden (by specifying it as a hidden context in the rootdse.ldif file for RadiantOne) but should not be deleted.\r\n\r\n- cn=changelog\r\n This naming context stores a list of changes made to RadiantOne. Clients can leverage this for detecting changes that happen in the RadiantOne namespace. This naming context should not be deleted.\r\n\r\n- cn=cacherefreshlog\r\n This naming context stores a list of changes made during persistent cache refresh. This naming context should not be deleted.\r\n\r\n- cn=registry\r\n This naming context is used internally by RadiantOne to store configuration information for the Global Sync Module and the Global Identity Builder. This naming context may be hidden (by specifying it as a hidden context in the rootdse.ldif file for RadiantOne) but should not be deleted.\r\n\r\n- cn=system-registry\r\n This naming context is used internally by RadiantOne to store ADAP session tokens. This naming context may be hidden (by specifying it as a hidden context in the rootdse.ldif file for RadiantOne) but should not be deleted.\r\n\r\n- dv=globalprofiles\r\n This naming context is created and used by the Global Identity Builder and Global Identity Viewer applications. This naming context may be hidden (by specifying it as a hidden context in the rootdse.ldif file for RadiantOne) but should not be deleted.\r\n\r\nAll files related to the naming contexts detailed above are located in \/vds_server\/dvx. Schema files associated with these naming contexts are located in \/vds_server\/org and \/vds_server\/lod.",
          "Default Naming Contexts\n\r\nThis section describes all the default root naming contexts included with RadiantOne. The naming contexts can be viewed\/managed from the Main Control Panel > Directory Namespace tab and the data (run-time) can be seen from the Directory Browser tab. If a naming context is safe to delete, it is indicated in the description below.\r\n\r\nThe sample naming contexts are as follows:\r\n\r\n- o=vds\r\n This naming context contains many sample virtual views mounted below it. This naming context may be hidden (by specifying it as a hidden context in the rootdse.ldif file for the RadiantOne service) but should not be deleted.\r\n\r\n- o=companydirectory\r\n This is a sample local RadiantOne Universal Directory store. The data is stored in this RadiantOne Universal Directory can be managed from the Directory Browser tab in the Main Control Panel. This naming context is used in the RadiantOne training materials. If you do not plan on using the RadiantOne Tutorials (for training) then this entire naming context may be deleted (de-activate it before removing the naming context).\r\n\r\n- o=companyprofiles\r\n This is a sample of an LDAP proxy. The backend LDAP in this example is the RadiantOne Universal Directory local store that matches the o=companydirectory setting mentioned above. A proxy can point to any LDAP server. This is not a critical naming context and it may be deleted if needed (de-activate it before removing the naming context). Deleting the naming context, also deletes the underlying .dvx and .orx files:\r\n\/vds_server\/dvx\/o_companyprofiles.dvx and\r\n\/vds_server\/lod\/o_companyprofiles.orx.\r\n\r\n- o=examples\r\n This is a sample of a virtual view from a database backend. The database used here is Apache Derby and is included in the RadiantOne installation. This is not a critical naming context and it may be deleted if needed (de-activate it before removing the naming context. You need to deactivate and delete the child node prior to removing the root naming context). After deleting the naming context, you can also delete the underlying .dvx and .orx files: \/vds_server\/dvx\/o_examples.dvx,\r\n\/vds_server\/dvx\/ou_hr_o_examples.dvx, and\r\n\/vds_server\/org\/ou_hr_o_examples.orx.\r\n\r\n>[!warning]\r\n>Before you can view the data in the sample o=examples naming context, you must start the Derby database server.\r\n\r\n>[!warning]\r\n>On Windows \u2192 execute %RLI_HOME%\\bin\\DerbyServer.exe\r\n\r\n>[!warning]\r\n>On UNIX platforms \u2192 $RLI_HOME\/bin\/runDerbyServer.sh\r\n\r\n- ou=AllProfiles\r\n This naming context is used by the legacy ID-Connect client web application and has three levels mounted below it. There are two nodes pointing to local RadiantOne Universal Directory stores (ou=ad_sample and ou=localvds) and one virtual view containing definitions to dynamically build groups (ou=VirtualGroups). If you do not plan on using the legacy ID-Connect application then this entire naming context may be deleted (de-activate each node first before removing the naming context).\r\nAfter deleting the naming context, you can also delete the underlying .dvx files:\r\n \/vds_server\/dvx\/o_allprofiles.dvx\r\n \/vds_server\/dvx\/virtualgroups.dvx.\r\n\r\n>[!note]\r\n>Although the ou=AllProfiles naming context is associated with the default.orx, this schema file should not be deleted if you delete the ou=AllProfiles naming context as it is used by other RadiantOne internal components.\r\n\r\n- cn=replicationjournal\r\n This naming context is used for inter-cluster replication. This naming context may be hidden (by specifying it as a hidden context in the rootdse.ldif file for RadiantOne) but should not be deleted.\r\n\r\n-  cn=extendedxjoin\r\n This naming context is used when the default store setting is configured for an extended join. This naming context may be hidden (by specifying it as a hidden context in the rootdse.ldif file for RadiantOne) but should not be deleted.\r\n\r\n- cn=config\r\n This naming context stores certain global configuration information for RadiantOne. This naming context may be hidden (by specifying it as a hidden context in the rootdse.ldif file for RadiantOne) but should not be deleted.\r\n\r\n- cn=changelog\r\n This naming context stores a list of changes made to RadiantOne. Clients can leverage this for detecting changes that happen in the RadiantOne namespace. This naming context should not be deleted.\r\n\r\n- cn=cacherefreshlog\r\n This naming context stores a list of changes made during persistent cache refresh. This naming context should not be deleted.\r\n\r\n- cn=registry\r\n This naming context is used internally by RadiantOne to store configuration information for the Global Sync Module and the Global Identity Builder. This naming context may be hidden (by specifying it as a hidden context in the rootdse.ldif file for RadiantOne) but should not be deleted.\r\n\r\n- cn=system-registry\r\n This naming context is used internally by RadiantOne to store ADAP session tokens. This naming context may be hidden (by specifying it as a hidden context in the rootdse.ldif file for RadiantOne) but should not be deleted.\r\n\r\n- dv=globalprofiles\r\n This naming context is created and used by the Global Identity Builder and Global Identity Viewer applications. This naming context may be hidden (by specifying it as a hidden context in the rootdse.ldif file for RadiantOne) but should not be deleted.\r\n\r\nAll files related to the naming contexts detailed above are located in \/vds_server\/dvx. Schema files associated with these naming contexts are located in \/vds_server\/org and \/vds_server\/lod.",
          "Default Naming Contexts\n\r\nThis section describes all the default root naming contexts included with RadiantOne. Some are part of samples (if installed) and some are required for the RadiantOne service. Some of the naming contexts can be viewed\/managed from the Control Panel > Setup > Directory Namespace > Namespace Design and the data (run-time) can be seen from the Control Panel > Setup > Directory Browser. If a naming context is a sample and safe to delete, it is indicated in the description below.\r\n\r\nThe default and sample naming contexts are as follows.\r\n\r\n- o=vds\r\n This naming context contains many sample virtual views mounted below it. This naming context may be hidden (by specifying it as a hidden context in the rootdse.ldif file for the RadiantOne service) but should not be deleted.  \r\n\r\n- o=companydirectory\r\n This is a sample local RadiantOne Universal Directory store. The data is stored in this RadiantOne Universal Directory can be managed from the Directory Browser tab in the Main Control Panel. This naming context is used in the RadiantOne training materials. If you do not plan on using the RadiantOne Tutorials (for training) then this entire naming context may be deleted (de-activate it before removing the naming context).\r\n\r\n- o=companyprofiles\r\n This is a sample of an LDAP proxy. The backend LDAP in this example is the RadiantOne Universal Directory local store that matches the o=companydirectory setting mentioned above. A proxy can point to any LDAP server. This is not a critical naming context and it may be deleted if needed (de-activate it before removing the naming context). Deleting the naming context also deletes the underlying identity view file and schema file. Both files are named o_companyprofiles.\r\n\r\n- o=examples\r\n This is a sample of a virtual view from a database backend. The database used here is Apache Derby and is included in the RadiantOne installation. This is not a critical naming context and it may be deleted if needed (de-activate it before removing the naming context. You need to deactivate and delete the child node prior to removing the root naming context). After deleting the naming context, you can also delete the underlying schema, ou_hr_o_examples, and identity view files o_examples and ou_hr_o_examples.\r\n\r\n- ou=AllProfiles\r\n This naming context is used by the legacy ID-Connect client web application and has three levels mounted below it. There are two nodes pointing to local RadiantOne Universal Directory stores (ou=ad_sample and ou=localvds) and one virtual view containing definitions to dynamically build groups (ou=VirtualGroups). If you do not plan on using the legacy ID-Connect application then this entire naming context may be deleted (de-activate each node first before removing the naming context).\r\nAfter deleting the naming context, you can also delete the underlying identity view files o_allprofiles and virtualgroups.\r\n\r\n>[!note] Although the ou=AllProfiles naming context is associated with the \"default\" schema file, this schema file should not be deleted if you delete the ou=AllProfiles naming context as it is used by other RadiantOne internal components.\r\n\r\n- cn=replicationjournal\r\n This naming context is used for inter-cluster replication. This naming context may be hidden (by specifying it as a hidden context in the rootdse.ldif file for RadiantOne) but should not be deleted.\r\n\r\n-  cn=extendedxjoin\r\n This naming context is used when the default store setting is configured for an extended join. This naming context may be hidden (by specifying it as a hidden context in the rootdse.ldif file for RadiantOne) but should not be deleted.\r\n\r\n- cn=config\r\n This naming context stores certain global configuration information for RadiantOne. This naming context may be hidden (by specifying it as a hidden context in the rootdse.ldif file for RadiantOne) but should not be deleted.\r\n\r\n- cn=changelog\r\n This naming context stores a list of changes made to RadiantOne. Clients can leverage this for detecting changes that happen in the RadiantOne namespace. This naming context should not be deleted.\r\n\r\n- cn=cacherefreshlog\r\n This naming context stores a list of changes made during persistent cache refresh. This naming context should not be deleted.\r\n\r\n- cn=registry\r\n This naming context is used internally by RadiantOne to store configuration information for the Global Sync Module and the Global Identity Builder. This naming context may be hidden (by specifying it as a hidden context in the rootdse.ldif file for RadiantOne) but should not be deleted.\r\n\r\n- cn=system-registry\r\n This naming context is used internally by RadiantOne to store ADAP session tokens. This naming context may be hidden (by specifying it as a hidden context in the rootdse.ldif file for RadiantOne) but should not be deleted.\r\n\r\n- dv=globalprofiles\r\n This naming context is created and used by the Global Identity Builder and Global Identity Viewer applications. This naming context may be hidden (by specifying it as a hidden context in the rootdse.ldif file for RadiantOne) but should not be deleted."
        ],
        "question": "How do I delete a root naming context?",
        "rationale": "produce the query. We need to identify the steps involved in deleting a root naming context, such as deactivating it, saving changes, and confirming the deletion.",
        "query": "\"How to delete a root naming context in RadiantOne?\""
      },
      {
        "augmented": true,
        "context": [
          "Authentication Methods\n\n>!note] This section is accessible only in [Expert Mode.\n\nTo access the RadiantOne service via LDAP, the LDAP client must authenticate itself. This process is called a \u201cbind\u201d operation and means, the client must tell the LDAP server who is going to be accessing the data so that the server can decide what the client is allowed to see and do (authorization). After the client successfully authenticates, RadiantOne checks whether the client is allowed to perform subsequent requests. This process is called authorization and is enforced via access controls.\n\nRadiantOne supports three types of authentication: anonymous, simple and SASL.\n\n**Anonymous:**\n\nClients that send an LDAP request without doing a \"bind\" are treated as anonymous. Clients who bind to RadiantOne without a password value are also considered anonymous. \n\n**Simple:**\n\nSimple authentication consists of sending the LDAP server the fully qualified DN of the client (user) and the client's clear-text password. To avoid exposing the password in clear over the network, you can use SSL (an encrypted channel). For details on configuring SSL, please see the SSL Settings section.\n\n**SASL:**\n\nClients that send an authentication request to RadiantOne using Kerberos (GSS-SPNEGO), MD5 (DIGEST-MD5) or Certificate (EXTERNAL) are leveraging one of the supported SASL mechanisms. The SASL EXTERNAL mechanism is supported by default, but you must configure the Client Certificate to DN Mapping so the RadiantOne service knows how to identify the user in the certificate to a user in the RadiantOne namespace. For details on these supported mechanisms, please see Authentication Methods.",
          "Support for MIT Kerberos\n\nThe following steps were certified on Linux CENTOS to configure RadiantOne as a Kerberized service.\n\n1. To manage the Kerberos database locally, launch\n\n    `kadmin.local`\n\n2. Add the RadiantOne service to Kerberos database with the following:\n\n    `add_principal ldap\/vds.novato.radiantlogic.com@EXAMPLE.COM`\n\n3. Ensure FQDN of service can be resolved via DNS using ping or other methods.\n\n4. Ensure unlimited Java cipher suites are installed. This is to be compatible with certain clients using stronger cyphers. Note that Kerberos can be enabled in RadiantOne without installing the extra ciphers, but most clients using kerberos require these ciphers that RadiantOne does not bundle out of the box. For details on installing unlimited cipher suites, see the RadiantOne Hardening Guide.\n\n5. From the Main Control Panel > Settings Tab > Security section > Authentication Methods enable Kerberos Authentication and enter the user principal name and service password associated with the RadiantOne service account that was created in the KDC.\n\n6. Click **CHANGE** next to Client Principal Name Mapping and define the mapping to be used for authorization.\n\n7. Restart the RadiantOne service.\n\n!Enabling RadiantOne as a Kerberized Service\n\nFigure 16: Enabling RadiantOne as a Kerberized Service",
          "Authorization of Kerberos Users\n\nAfter a client successfully authenticates with a Kerberos ticket, RadiantOne tries to link the user to a DN based on any Client Principal Name Mappings that you have set up. If no Client Principal Name Mappings are defined or if no mapping results are found for a particular user, RadiantOne translates the user principal name and realm into a DN and stores that user in the local LDAP store below a suffix of ou=krbusers,cn=config. The user DN consists of the principal name and the realm (from which they came from). An example would be:\n\n`uid=lcallahan,cn=NOVATO.RADIANTLOGIC.COM,ou=krbusers,cn=config`\n\nIn the example above, all users who authenticate from the NOVATO.RADIANTLOGIC.COM realm are located here. Each realm has its own location in the local LDAP store. Below is an example from a different realm:\n\n`uid=sbuchanan,cn=NA.RADIANTLOGIC.COM,ou=krbusers,cn=config`\n\nOnce the user is stored locally (or linked to an existing DN), they can be added to groups and included in access control lists. This allows users who authenticate using Kerberos access to protected information in the RadiantOne namespace. See below for the location in the directory tree for the authenticated users (This location is for users that could not be linked using Client Principal Name Mappings).\n\n!An image showing \n\nFigure 17: Location of Users who Successfully Authenticate using Kerberos",
          "MD5\n\nIf desired, an LDAP client can send RadiantOne a hashed password using Digest MD5 for authentication. RadiantOne must have access to the password in clear. When the password is received, RadiantOne uses the Digest MD5 hashing algorithm to encrypt it and compare to the value received from the client. If the compare succeeds, the bind was successful. Otherwise, the bind fails.\n\nTo enable MD5 authentication, check the MD5 Authentication box from the Main Control Panel > Settings Tab > Security section > Authentication Methods sub-section.\n\nChanging any MD5-related settings requires a restart of the RadiantOne service after saving the new settings.\n\n**Server Fully Qualified Name**\n\nEnter the Server fully qualified name for the machine running RadiantOne (.).\n\n**Client User Name Mapping**\n\nAfter authentication via MD5, authorization (access permissions) must be determined. Client User Name Mapping can be used to set up a mapping between the user who authenticates using MD5 and a user DN in the virtual namespace. The DN is required to set access permissions and for RadiantOne to enforce authorization. If no client user name mappings are configured (or the ones configured fail to link the user name to a valid DN in the virtual tree), then RadiantOne allows anonymous access (you must make sure anonymous access is allowed). To configure the mapping, click **Change** next to the Client User Name Mapping parameter.\n\nThere are three different ways to determine the DN from the user ID received in the LDAP bind (using regular expression syntax). Each is described below.\n\n- Setting a specific User ID to DN. In this example, if lcallahan were received in the authentication request, RadiantOne would base the authorization on the DN: cn=laura Callahan,cn=users,dc=mycompany,dc=com\n\n`lcallahan (the user ID) -> (maps to) cn= laura Callahan,cn=users,dc=mycompany,dc=com`\n\n-\tSpecify a DN Suffix, replacing the $1 value with the User ID.\n\n`(.+) -> uid=$1,ou=people,ou=ssl,dc=com`\n\n`(.+) represents the value coming into RadiantOne from the bind operation. If it received a User ID of lcallahan, then the DN RadiantOne bases authorization on is: uid=lcallahan,ou=people,ou=ssl,dc=com.`\n\n-\tSpecify a Base DN, scope of the search, and a search filter to search for the user based on the User ID received in the bind request.\n\n`(.+) -> dc=domain1,dc=com??sub?(sAMAccountName=$1)`\n\nIf RadiantOne received a User ID of lcallahan from the bind request, it would issue a search like:\n\n`dc=domain1,dc=com??sub?(sAMAccountName=lcallahan)`\n\nThe user DN returned from the search is used by RadiantOne to identify the user entry in the RadiantOne namespace and to base authorization decisions on.\n\nFor options 2 and 3 described above, multiple variables can be used (not just 1 as described in the examples). Let\u2019s look at an example mapping that uses multiple variables:\n\n`(.+)@(.+).(.+).com -> ou=$2,dc=$3,dc=com??sub?(&(uid=$1)(dc=$3))`\n\nIf RadiantOne received a user ID like laura_callahan@ny.radiant.com, the search that would be issued would look like:\n\n`ou=ny,dc=radiant,dc=com??sub?(&(uid=laura_callahan)(dc=radiant))`\n\nThe user DN returned from the search is used by RadiantOne to identify the user entry in the virtual namespace and to base authorization decisions on.\n\nFor more details, please see Processing Multiple Mapping Rules.",
          "Kerberos\n\nRadiantOne supports Kerberos v5, and can act as both a Kerberos client, and a Kerberized service. As a Kerberos client, RadiantOne can request tickets from a KDC to use to connect to kerberized services. As a Kerberized service, RadiantOne can accept tickets from clients as a form of authentication. These configurations have been certified with Windows 2000, 2003 and 2008 in addition to MIT Kerberos on Linux CENTOS. This section describes RadiantOne support as a Kerberized server. For details on RadiantOne support as a Kerberos client, please see the section on defining LDAP data sources. The following diagram provides the high-level architecture and process flow for RadiantOne acting as a Kerberized service.\n\n!RadiantOne as a Kerberized Service\n \nFigure 7: RadiantOne as a Kerberized Service\n\nKerberos can be used for authentication to RadiantOne (acting as a Kerberized Service) as long as the client resides within the same domain or trusted domain forest as the RadiantOne service (and the RadiantOne machine must be in the same Kerberos realm\/domain, or at least within the same forest as Active Directory). To continue with configuring Kerberos for access to RadiantOne in Microsoft domains, follow the steps below. For details on MIT Kerberos support, see Support for MIT Kerberos.\n\n>[!note] All machines (client, domain controller\u2026etc.) must be in sync in terms of clock (time\/date settings). Also, if you have deployed RadiantOne in a cluster, the service account created in the KDC can use the server name of the load balancer that is configured in front of the RadiantOne cluster nodes.  To use a generic or common account for multiple RadiantOne cluster nodes, you need to set the SPN on the account matching the FQDN of the host that requests the kerberos ticket. There is no need to create individual accounts for each RadiantOne node\/host. Refer to the account using the UPN in the RadiantOne configuration. The account can have multiple SPNs. An example is shown below.\nsAMAccountName: svc-vdsadmin\nUPN: ldap\/vds.example.net@example.net\nSPN: ldap\/host1.example.net\nldap\/vds.example.net\nldap\/host2.example.net\nldap\/host3.example.net"
        ],
        "question": "What are all of the authentication methods supported in RadiantOne?",
        "rationale": "produce the query. We know that RadiantOne supports three types of authentication methods: anonymous, simple, and SASL. To find out all the authentication methods supported in RadiantOne, we need to query the documentation or configuration settings.",
        "query": "\"RadiantOne authentication methods supported\""
      },
      {
        "augmented": true,
        "context": [
          "Storage Location\n\r\nThe default location for data files is \\vds_server\\data. To tune the local disk load, you can specify a different location on the file system. To define a storage location, follow the steps below.\r\n\r\n1.\tDeactivate the Universal Directory store by unchecking the Active checkbox and click Save.\r\n\r\n2.\tClick Yes to apply the change to the server.\r\n\r\n3.\tEnter the full path in the Storage Location parameter.\r\n\r\n4.\tClick Save and then Yes to apply the change to the server.\r\n\r\n5.\tCheck Active.\r\n\r\n6.\tClick Save and then Yes to apply the change to the server.\r\n\r\n>[!warning] Any data in the default location is lost if the storage location is changed. If you have data in the existing location that you want to keep, export it to an LDIF file and after the storage location is changed, import this LDIF file.\r\n\r\nIf RadiantOne is deployed in a cluster, the value of the storage location parameter is also assigned to all other nodes. The drive location indicated in the value must exist on the file system of each node. The nodes cannot leverage a single shared drive.",
          "Storage Location\nThe default location for data files is \\vds_server\\data. To tune the local disk load, you can specify a different location on the file system. To define a storage location, follow the steps below.\r\n\r\n1.\tDeactivate the Universal Directory store by unchecking the Active checkbox and click Save.\r\n\r\n2.\tClick Yes to apply the change to the server.\r\n\r\n3.\tEnter the full path in the Storage Location parameter.\r\n\r\n4.\tClick Save and then Yes to apply the change to the server.\r\n\r\n5.\tCheck Active.\r\n\r\n6.\tClick Save and then Yes to apply the change to the server.\r\n\r\n>[!warning] \r\n>Any data in the default location is lost if the storage location is changed. If you have data in the existing location that you want to keep, export it to an LDIF file and after the storage location is changed, import this LDIF file.\r\n\r\nIf RadiantOne is deployed in a cluster, the value of the storage location parameter is also assigned to all other nodes. The drive location indicated in the value must exist on the file system of each node. The nodes cannot leverage a single shared drive.\r\n\r\n-->",
          "Storage Location\n\r\nThe default location for Universal Directory data files is \\vds_server\\data. To tune the local disk load, you can specify a different location on the file system. If RadiantOne is deployed in a cluster, the value of the storage location parameter is also assigned to all other nodes. The drive location indicated in the value must exist on the file system of each node. The nodes cannot leverage a single shared drive.\r\n\r\nAny data in the default location is lost if the storage location is changed. If you have data in the existing location that you want to keep, export it to an LDIF file and after the storage location is changed, import this LDIF file.",
          "Managing Universal Directory Entries\n\r\nOn the Main Control Panel > Directory Browser tab of the leader node, you can see the entire directory structure instantiated with the directory entries. There could be nodes for Universal Directory stores, virtual directory trees, the change log (if enabled stores all changes made to local storage or virtual entries), and other default configuration below cn=config. If you do not see your new naming context after clicking on the Directory Browser tab, click the !An image showing  button at the top."
        ],
        "question": "How do I change the default storage path of a universal directory?",
        "rationale": "produce the query. We need to find the specific steps or commands required to change the default storage path of a universal directory.",
        "query": "\"Change default storage path Universal Directory\""
      }
    ],
    "signature_instructions": "Write a simple search query that will help answer a complex question.",
    "signature_prefix": "Query:",
    "extended_signature_instructions": "Write a simple search query that will help answer a complex question.",
    "extended_signature_prefix": "Query:"
  },
  "generate_answer": {
    "lm": null,
    "traces": [],
    "train": [],
    "demos": [
      {
        "augmented": true,
        "context": [
          "Adding Nodes\n\r\nOnce you have tested and validated a basic installation of RadiantOne, and have determined your throughput and high availability needs require a cluster deployment, you can start to put in place the number of nodes required for high availability and needed throughput. This section describes steps to add nodes to a cluster.\r\n\r\nPlease see the System Requirements document and the RadiantOne Hardware Sizing Guide for proper sizing of the machines.\r\n\r\n>[!warning]\r\n>When deploying a cluster, nodes must be running on hardware that is configured for optimal redundancy and highly reliable connectivity between the cluster nodes\/machines.\r\n\r\nIf you received a cluster-based license key, the same key value can be used for all nodes you install in a given cluster. If you received a server-based\/single node license key, each RadiantOne server you deploy requires its own Radiant Logic license key.",
          "DNS Settings\n\r\nIf running in a cluster, you must make sure DNS resolution for the cluster nodes is configured properly. Improper DNS resolution will affect ZooKeeper which is in charge of the cluster management. It is highly recommended that you edit the \/etc\/hosts file to map hostnames to IP addresses for all cluster nodes.",
          "Adding Nodes\n\nTo install nodes to an existing cluster, you need the following details:\n\n- The server name of an existing core RadiantOne cluster node.\n- The server names and ports of the ZooKeeper ensemble.\n- The cluster name.\n- The ZooKeeper login and password.\n- A valid RadiantOne license key. Keys can be enforced at the cluster level or the node\nlevel. Please check with your Radiant Logic representative to verify your license key type.\n\nFor exact installation steps, please see the RadiantOne Installation Guide.",
          "Sizing a Kubernetes Cluster\n\nSizing a Kubernetes cluster depends on several factors, including:\n\n- Workload requirements: The amount of CPU, memory, and storage resources required by your applications and services.\n\n- Node capacity: The maximum capacity of each node in terms of CPU, memory, and storage.\n\n- Scale: The number of nodes needed to support the desired level of workload requirements and accommodate future growth.\n\n- High availability: The level of redundancy and fault tolerance required in the cluster.\n\nTo size a Kubernetes cluster, you should start by determining the resource requirements of your workloads and then choose a node size that can accommodate those requirements. You should also consider the desired level of high availability and scale when choosing the number of nodes in your cluster.\n\nOnce you have a rough estimate of the number of nodes needed, you can use tools like kubectl top and kubectl describe to monitor resource usage and adjust the cluster size as needed.\n\n>[!note] It is a good idea to over-provision resources slightly to account for unexpected spikes in demand.",
          "RadiantOne Nodes\n\r\n**Hardware**\r\n\r\nCluster nodes must be deployed on hardware that is configured for optimal redundancy and highly reliable connectivity between the cluster nodes\/machines.\r\n\r\n-    Processor: Intel Pentium or AMD Opteron. Minimum dual core.\r\n-    Processor Speed: 2GHZ or higher\r\n-    Network Bandwidth: Minimum 1Gbps, low latency\r\n-    Memory: 16 GB minimum. For most production deployments, more than 16 GB of memory is required. For more details on sizing, see the RadiantOne Hardware Sizing Guide.\r\n-    Hard Drive: 500 GB of disk space, SSD (the hard disk usage will vary depending on log types\/levels that are enabled and the desired log history to maintain in addition to quantity of HDAP stores and Persistent Cache configurations). The recommended minimum data transfer rate is 150 MB\/sec.\r\n\r\n**Software**\r\n\r\nOperating Systems: Windows Server 2012 R2, Windows Server 2016, Windows Server 2019, Windows Server Core, Windows Server 2022, Red Hat Enterprise Linux v5\/v6\/v7\/v8+, Fedora v24+, CentOS v7+, SUSE Linux Enterprise v11+, Ubuntu 16+",
          "Using a Disaster Recovery\/Backup Site\n\nThis option assumes you have maintained a cluster in a DR site that can be used to repair your primary cluster using the steps below. The overall objective is to temporarily add a new node to the DR cluster and then decouple it from the cluster so it becomes the leader node for your primary cluster.\n\n1. Install RadiantOne on a new machine and have it join the existing DR cluster. For detailed steps on adding a node to an existing cluster, please see the RadiantOne Installation Guide. For a list of cluster configuration required to add a new node, see Adding Nodes. Once the new node is installed, it automatically inherits from the existing configuration and data (Universal Directory stores and persistent cache).\n2. Stop all RadiantOne service and Jetty. ZooKeeper should be running on all nodes.\n3. On the node that is to be used for restoring your primary cluster, run the following command to decouple it from the DR cluster (using cluster.bat on Windows, cluster.sh on Linux).\n\n```\n\/bin\/advanced\/cluster.bat detach\n```\n\nThe rest of the steps are broken into two sections. One set of steps are performed on the DR Cluster and the other set of steps are performed on the node you decoupled from the DR cluster noted as the New Primary Cluster Node.\n\nSteps Associated with the Disaster Recovery Cluster\/Site\n\n1. Edit the \\vds_server\\conf\\cloud.properties file on each of the DR cluster nodes and verify that the zk.servers value correctly lists only the nodes currently in the DR cluster and ZooKeeper client port. If the zk.servers value is incorrect, run the following command (using cluster.bat on Windows, cluster.sh on Linux):\n\n```\n\/bin\/advanced\/cluster.bat update-zk-client-conf\n```\n\n2. To update the vdsha and replicationjournal data sources (that still reference the removed cluster node), on one of the DR cluster nodes, run the following command (using\ncluster.bat on Windows, cluster.sh on Linux):\n\n```\n\/bin\/advanced\/cluster.bat reset-cluster-datasource\n```\n\nAt this point, the DR cluster should be back to normal.\n\n**Steps Associated with the New Primary Cluster Node**\n\n1. Edit the \\vds_server\\conf\\cloud.properties file on the detached node and verify that the zk.servers value correctly lists only this detached node and ZooKeeper client port. If the zk.servers value is incorrect, run the following command (using cluster.bat on Windows, cluster.sh on Linux):\n\n```\n\/bin\/advanced\/cluster.bat update-zk-client-conf\n```\n\n2. To update the vdsha and replicationjournal data sources (that still reference the other cluster nodes), run the following command (using cluster.bat on Windows, cluster.sh on Linux):\n\n```\n\/bin\/advanced\/cluster.bat reset-cluster-datasource\n```\n\n3. To update the cluster name on the removed node, run the following command (using cluster.bat on Windows, cluster.sh on Linux):\n\n```\n\/bin\/advanced\/cluster.sh rename-cluster-zk \n\nvds_server is the default instance name.\n```\n\n4. Start the RadiantOne service and Jetty on this node.\n5. Install RadiantOne on a new machine and have it join the existing cluster. For detailed steps on adding a node to an existing cluster, please see the RadiantOne Installation Guide. Once the new node is installed, it automatically inherits from the existing configuration and data (RadiantOne Universal Directory stores and persistent cache).\n6. Repeat step 5 to add another core cluster node. The cluster should have at least three core nodes if a local ZooKeeper ensemble is used. If an external ZooKeeper ensemble is used, the cluster should have at least two RadiantOne core nodes."
        ],
        "question": "What do I need in order to add more nodes to a cluster?",
        "rationale": "produce the answer. We need to understand the requirements and steps involved in adding nodes to a RadiantOne cluster.",
        "answer": "To add more nodes to a RadiantOne cluster, you will need the following details:\n- The server name of an existing core RadiantOne cluster node.\n- The server names and ports of the ZooKeeper ensemble.\n- The cluster name.\n- The ZooKeeper login and password.\n- A valid RadiantOne license key. Keys can be enforced at the cluster level or the node level. Please check with your Radiant Logic representative to verify your license key type. For exact installation steps, please refer to the RadiantOne Installation Guide."
      },
      {
        "augmented": true,
        "context": [
          "Deleting Naming Contexts\n\r\nTo delete a naming context, you must first deactivate it (and delete any child naming contexts first if there are any defined).\r\n\r\n1.\tFrom the Main Control Panel > Directory Namespace Tab, select the naming context you want to delete below the Root Naming Contexts node.\r\n\r\n2.\tOn the right side, uncheck the Active option and click **Save**.\r\n\r\n3.\tClick **Yes** to apply the changes to the server.\r\n\r\n4.\tClick **OK** to exit the confirmation.\r\n\r\n5.\tClick the **Delete**  button.\r\n\r\n6.\tClick **Yes** to confirm the deletion. \r\n\r\n7.\tClick **OK** to exit the confirmation.",
          "Deleting Naming Contexts\n\r\nTo delete a naming context, you must first deactivate it (and delete any child naming contexts first if there are any defined).\r\n\r\n>!warning] When deleting [LDAP proxy naming contexts, the underlying `\/vds_server\/lod\/.orx` and `\/vds_server\/dvx\/.dvx` are removed. For all other types of virtual views, the underlying .orx and .dvx files remain if the naming context is deleted. This is because these files can be used or referenced from other virtual views. If you want to manually delete specific .orx and .dvx files, do so from the Main Control Panel > Context Builder tab. For details, see the RadiantOne Context Builder Guide.\r\n\r\n1.\tFrom the Main Control Panel > Directory Namespace Tab, select the naming context you want to delete below the Root Naming Contexts node.\r\n\r\n2.\tOn the right side, uncheck the Active option and click **Save**.\r\n\r\n3.\tClick **Yes** to apply the changes to the server.\r\n\r\n4.\tClick **OK** to exit the confirmation.\r\n\r\n5.\tClick **Delete**.\r\n\r\n6.\tClick **Yes** to confirm the deletion. \r\n\r\n7.\tClick **OK** to exit the confirmation.",
          "Default Naming Contexts\n\r\nThis section describes all the default root naming contexts included with RadiantOne. The naming contexts can be viewed\/managed from the Main Control Panel > Directory Namespace tab and the data (run-time) can be seen from the Directory Browser tab. If a naming context is safe to delete, it is indicated in the description below.\r\n\r\nThe sample naming contexts are as follows:\r\n\r\n- o=vds\r\n This naming context contains many sample virtual views mounted below it. This naming context may be hidden (by specifying it as a hidden context in the rootdse.ldif file for the RadiantOne service) but should not be deleted.\r\n\r\n- o=companydirectory\r\n This is a sample local RadiantOne Universal Directory store. The data is stored in this RadiantOne Universal Directory can be managed from the Directory Browser tab in the Main Control Panel. This naming context is used in the RadiantOne training materials. If you do not plan on using the RadiantOne Tutorials (for training) then this entire naming context may be deleted (de-activate it before removing the naming context).\r\n\r\n- o=companyprofiles\r\n This is a sample of an LDAP proxy. The backend LDAP in this example is the RadiantOne Universal Directory local store that matches the o=companydirectory setting mentioned above. A proxy can point to any LDAP server. This is not a critical naming context and it may be deleted if needed (de-activate it before removing the naming context). Deleting the naming context, also deletes the underlying .dvx and .orx files:\r\n\/vds_server\/dvx\/o_companyprofiles.dvx and\r\n\/vds_server\/lod\/o_companyprofiles.orx.\r\n\r\n- o=examples\r\n This is a sample of a virtual view from a database backend. The database used here is Apache Derby and is included in the RadiantOne installation. This is not a critical naming context and it may be deleted if needed (de-activate it before removing the naming context. You need to deactivate and delete the child node prior to removing the root naming context). After deleting the naming context, you can also delete the underlying .dvx and .orx files: \/vds_server\/dvx\/o_examples.dvx,\r\n\/vds_server\/dvx\/ou_hr_o_examples.dvx, and\r\n\/vds_server\/org\/ou_hr_o_examples.orx.\r\n\r\n>[!warning] Before you can view the data in the sample o=examples naming context, you must start the Derby database server.\r\n\r\n>[!warning]On Windows \u2192 execute %RLI_HOME%\\bin\\DerbyServer.exe\r\n\r\n>[!warning]On UNIX platforms \u2192 $RLI_HOME\/bin\/runDerbyServer.sh\r\n\r\n- ou=AllProfiles\r\n This naming context is used by the legacy ID-Connect client web application and has three levels mounted below it. There are two nodes pointing to local RadiantOne Universal Directory stores (ou=ad_sample and ou=localvds) and one virtual view containing definitions to dynamically build groups (ou=VirtualGroups). If you do not plan on using the legacy ID-Connect application then this entire naming context may be deleted (de-activate each node first before removing the naming context).\r\nAfter deleting the naming context, you can also delete the underlying .dvx files:\r\n \/vds_server\/dvx\/o_allprofiles.dvx\r\n \/vds_server\/dvx\/virtualgroups.dvx.\r\n\r\n>[!note] \r\n>Although the ou=AllProfiles naming context is associated with the default.orx, this schema file should not be deleted if you delete the ou=AllProfiles naming context as it is used by other RadiantOne internal components.\r\n\r\n- cn=replicationjournal\r\n This naming context is used for inter-cluster replication. This naming context may be hidden (by specifying it as a hidden context in the rootdse.ldif file for RadiantOne) but should not be deleted.\r\n\r\n-  cn=extendedxjoin\r\n This naming context is used when the default store setting is configured for an extended join. This naming context may be hidden (by specifying it as a hidden context in the rootdse.ldif file for RadiantOne) but should not be deleted.\r\n\r\n- cn=config\r\n This naming context stores certain global configuration information for RadiantOne. This naming context may be hidden (by specifying it as a hidden context in the rootdse.ldif file for RadiantOne) but should not be deleted.\r\n\r\n- cn=changelog\r\n This naming context stores a list of changes made to RadiantOne. Clients can leverage this for detecting changes that happen in the RadiantOne namespace. This naming context should not be deleted.\r\n\r\n- cn=cacherefreshlog\r\n This naming context stores a list of changes made during persistent cache refresh. This naming context should not be deleted.\r\n\r\n- cn=registry\r\n This naming context is used internally by RadiantOne to store configuration information for the Global Sync Module and the Global Identity Builder. This naming context may be hidden (by specifying it as a hidden context in the rootdse.ldif file for RadiantOne) but should not be deleted.\r\n\r\n- cn=system-registry\r\n This naming context is used internally by RadiantOne to store ADAP session tokens. This naming context may be hidden (by specifying it as a hidden context in the rootdse.ldif file for RadiantOne) but should not be deleted.\r\n\r\n- dv=globalprofiles\r\n This naming context is created and used by the Global Identity Builder and Global Identity Viewer applications. This naming context may be hidden (by specifying it as a hidden context in the rootdse.ldif file for RadiantOne) but should not be deleted.\r\n\r\nAll files related to the naming contexts detailed above are located in \/vds_server\/dvx. Schema files associated with these naming contexts are located in \/vds_server\/org and \/vds_server\/lod.",
          "Default Naming Contexts\n\r\nThis section describes all the default root naming contexts included with RadiantOne. The naming contexts can be viewed\/managed from the Main Control Panel > Directory Namespace tab and the data (run-time) can be seen from the Directory Browser tab. If a naming context is safe to delete, it is indicated in the description below.\r\n\r\nThe sample naming contexts are as follows:\r\n\r\n- o=vds\r\n This naming context contains many sample virtual views mounted below it. This naming context may be hidden (by specifying it as a hidden context in the rootdse.ldif file for the RadiantOne service) but should not be deleted.\r\n\r\n- o=companydirectory\r\n This is a sample local RadiantOne Universal Directory store. The data is stored in this RadiantOne Universal Directory can be managed from the Directory Browser tab in the Main Control Panel. This naming context is used in the RadiantOne training materials. If you do not plan on using the RadiantOne Tutorials (for training) then this entire naming context may be deleted (de-activate it before removing the naming context).\r\n\r\n- o=companyprofiles\r\n This is a sample of an LDAP proxy. The backend LDAP in this example is the RadiantOne Universal Directory local store that matches the o=companydirectory setting mentioned above. A proxy can point to any LDAP server. This is not a critical naming context and it may be deleted if needed (de-activate it before removing the naming context). Deleting the naming context, also deletes the underlying .dvx and .orx files:\r\n\/vds_server\/dvx\/o_companyprofiles.dvx and\r\n\/vds_server\/lod\/o_companyprofiles.orx.\r\n\r\n- o=examples\r\n This is a sample of a virtual view from a database backend. The database used here is Apache Derby and is included in the RadiantOne installation. This is not a critical naming context and it may be deleted if needed (de-activate it before removing the naming context. You need to deactivate and delete the child node prior to removing the root naming context). After deleting the naming context, you can also delete the underlying .dvx and .orx files: \/vds_server\/dvx\/o_examples.dvx,\r\n\/vds_server\/dvx\/ou_hr_o_examples.dvx, and\r\n\/vds_server\/org\/ou_hr_o_examples.orx.\r\n\r\n>[!warning]\r\n>Before you can view the data in the sample o=examples naming context, you must start the Derby database server.\r\n\r\n>[!warning]\r\n>On Windows \u2192 execute %RLI_HOME%\\bin\\DerbyServer.exe\r\n\r\n>[!warning]\r\n>On UNIX platforms \u2192 $RLI_HOME\/bin\/runDerbyServer.sh\r\n\r\n- ou=AllProfiles\r\n This naming context is used by the legacy ID-Connect client web application and has three levels mounted below it. There are two nodes pointing to local RadiantOne Universal Directory stores (ou=ad_sample and ou=localvds) and one virtual view containing definitions to dynamically build groups (ou=VirtualGroups). If you do not plan on using the legacy ID-Connect application then this entire naming context may be deleted (de-activate each node first before removing the naming context).\r\nAfter deleting the naming context, you can also delete the underlying .dvx files:\r\n \/vds_server\/dvx\/o_allprofiles.dvx\r\n \/vds_server\/dvx\/virtualgroups.dvx.\r\n\r\n>[!note]\r\n>Although the ou=AllProfiles naming context is associated with the default.orx, this schema file should not be deleted if you delete the ou=AllProfiles naming context as it is used by other RadiantOne internal components.\r\n\r\n- cn=replicationjournal\r\n This naming context is used for inter-cluster replication. This naming context may be hidden (by specifying it as a hidden context in the rootdse.ldif file for RadiantOne) but should not be deleted.\r\n\r\n-  cn=extendedxjoin\r\n This naming context is used when the default store setting is configured for an extended join. This naming context may be hidden (by specifying it as a hidden context in the rootdse.ldif file for RadiantOne) but should not be deleted.\r\n\r\n- cn=config\r\n This naming context stores certain global configuration information for RadiantOne. This naming context may be hidden (by specifying it as a hidden context in the rootdse.ldif file for RadiantOne) but should not be deleted.\r\n\r\n- cn=changelog\r\n This naming context stores a list of changes made to RadiantOne. Clients can leverage this for detecting changes that happen in the RadiantOne namespace. This naming context should not be deleted.\r\n\r\n- cn=cacherefreshlog\r\n This naming context stores a list of changes made during persistent cache refresh. This naming context should not be deleted.\r\n\r\n- cn=registry\r\n This naming context is used internally by RadiantOne to store configuration information for the Global Sync Module and the Global Identity Builder. This naming context may be hidden (by specifying it as a hidden context in the rootdse.ldif file for RadiantOne) but should not be deleted.\r\n\r\n- cn=system-registry\r\n This naming context is used internally by RadiantOne to store ADAP session tokens. This naming context may be hidden (by specifying it as a hidden context in the rootdse.ldif file for RadiantOne) but should not be deleted.\r\n\r\n- dv=globalprofiles\r\n This naming context is created and used by the Global Identity Builder and Global Identity Viewer applications. This naming context may be hidden (by specifying it as a hidden context in the rootdse.ldif file for RadiantOne) but should not be deleted.\r\n\r\nAll files related to the naming contexts detailed above are located in \/vds_server\/dvx. Schema files associated with these naming contexts are located in \/vds_server\/org and \/vds_server\/lod.",
          "Default Naming Contexts\n\r\nThis section describes all the default root naming contexts included with RadiantOne. Some are part of samples (if installed) and some are required for the RadiantOne service. Some of the naming contexts can be viewed\/managed from the Control Panel > Setup > Directory Namespace > Namespace Design and the data (run-time) can be seen from the Control Panel > Setup > Directory Browser. If a naming context is a sample and safe to delete, it is indicated in the description below.\r\n\r\nThe default and sample naming contexts are as follows.\r\n\r\n- o=vds\r\n This naming context contains many sample virtual views mounted below it. This naming context may be hidden (by specifying it as a hidden context in the rootdse.ldif file for the RadiantOne service) but should not be deleted.  \r\n\r\n- o=companydirectory\r\n This is a sample local RadiantOne Universal Directory store. The data is stored in this RadiantOne Universal Directory can be managed from the Directory Browser tab in the Main Control Panel. This naming context is used in the RadiantOne training materials. If you do not plan on using the RadiantOne Tutorials (for training) then this entire naming context may be deleted (de-activate it before removing the naming context).\r\n\r\n- o=companyprofiles\r\n This is a sample of an LDAP proxy. The backend LDAP in this example is the RadiantOne Universal Directory local store that matches the o=companydirectory setting mentioned above. A proxy can point to any LDAP server. This is not a critical naming context and it may be deleted if needed (de-activate it before removing the naming context). Deleting the naming context also deletes the underlying identity view file and schema file. Both files are named o_companyprofiles.\r\n\r\n- o=examples\r\n This is a sample of a virtual view from a database backend. The database used here is Apache Derby and is included in the RadiantOne installation. This is not a critical naming context and it may be deleted if needed (de-activate it before removing the naming context. You need to deactivate and delete the child node prior to removing the root naming context). After deleting the naming context, you can also delete the underlying schema, ou_hr_o_examples, and identity view files o_examples and ou_hr_o_examples.\r\n\r\n- ou=AllProfiles\r\n This naming context is used by the legacy ID-Connect client web application and has three levels mounted below it. There are two nodes pointing to local RadiantOne Universal Directory stores (ou=ad_sample and ou=localvds) and one virtual view containing definitions to dynamically build groups (ou=VirtualGroups). If you do not plan on using the legacy ID-Connect application then this entire naming context may be deleted (de-activate each node first before removing the naming context).\r\nAfter deleting the naming context, you can also delete the underlying identity view files o_allprofiles and virtualgroups.\r\n\r\n>[!note] Although the ou=AllProfiles naming context is associated with the \"default\" schema file, this schema file should not be deleted if you delete the ou=AllProfiles naming context as it is used by other RadiantOne internal components.\r\n\r\n- cn=replicationjournal\r\n This naming context is used for inter-cluster replication. This naming context may be hidden (by specifying it as a hidden context in the rootdse.ldif file for RadiantOne) but should not be deleted.\r\n\r\n-  cn=extendedxjoin\r\n This naming context is used when the default store setting is configured for an extended join. This naming context may be hidden (by specifying it as a hidden context in the rootdse.ldif file for RadiantOne) but should not be deleted.\r\n\r\n- cn=config\r\n This naming context stores certain global configuration information for RadiantOne. This naming context may be hidden (by specifying it as a hidden context in the rootdse.ldif file for RadiantOne) but should not be deleted.\r\n\r\n- cn=changelog\r\n This naming context stores a list of changes made to RadiantOne. Clients can leverage this for detecting changes that happen in the RadiantOne namespace. This naming context should not be deleted.\r\n\r\n- cn=cacherefreshlog\r\n This naming context stores a list of changes made during persistent cache refresh. This naming context should not be deleted.\r\n\r\n- cn=registry\r\n This naming context is used internally by RadiantOne to store configuration information for the Global Sync Module and the Global Identity Builder. This naming context may be hidden (by specifying it as a hidden context in the rootdse.ldif file for RadiantOne) but should not be deleted.\r\n\r\n- cn=system-registry\r\n This naming context is used internally by RadiantOne to store ADAP session tokens. This naming context may be hidden (by specifying it as a hidden context in the rootdse.ldif file for RadiantOne) but should not be deleted.\r\n\r\n- dv=globalprofiles\r\n This naming context is created and used by the Global Identity Builder and Global Identity Viewer applications. This naming context may be hidden (by specifying it as a hidden context in the rootdse.ldif file for RadiantOne) but should not be deleted.",
          "delete-context\n\r\nThis command deletes a naming context.\r\n\r\n**Usage:**\r\n`delete-context -namingcontext  [-instance ]`\r\n\r\n**Command Arguments:**\r\n\r\n`- namingcontext `\r\n [required] The name of the naming context.\r\n\r\n`- instance `\r\nThe name of the RadiantOne instance. If not specified, the default instance named vds_server is used.\r\n\r\n**REST (ADAP) Example**\r\n\r\nIn the following example, a request is made to delete a Universal Directory store that is mounted at o=hdap in the RadiantOne namespace.\r\n\r\n`https:\/\/:8090\/adap\/util?action=vdsconfig&commandname=delete-context&namingcontext=o=hdap`"
        ],
        "question": "How do I delete a root naming context?",
        "rationale": "produce the answer. We need to follow a specific set of steps to delete a root naming context in RadiantOne.",
        "answer": "To delete a root naming context in RadiantOne, follow these steps: 1. From the Main Control Panel > Directory Namespace Tab, select the naming context you want to delete below the Root Naming Contexts node. 2. On the right side, uncheck the Active option and click **Save**. 3. Click **Yes** to apply the changes to the server. 4. Click **OK** to exit the confirmation. 5. Click the **Delete** button. 6. Click **Yes** to confirm the deletion. 7. Click **OK** to exit the confirmation. By following these steps, you will be able to successfully delete a root naming context in RadiantOne."
      },
      {
        "augmented": true,
        "context": [
          "Authentication Methods\n\n>!note] This section is accessible only in [Expert Mode.\n\nTo access the RadiantOne service via LDAP, the LDAP client must authenticate itself. This process is called a \u201cbind\u201d operation and means, the client must tell the LDAP server who is going to be accessing the data so that the server can decide what the client is allowed to see and do (authorization). After the client successfully authenticates, RadiantOne checks whether the client is allowed to perform subsequent requests. This process is called authorization and is enforced via access controls.\n\nRadiantOne supports three types of authentication: anonymous, simple and SASL.\n\n**Anonymous:**\n\nClients that send an LDAP request without doing a \"bind\" are treated as anonymous. Clients who bind to RadiantOne without a password value are also considered anonymous. \n\n**Simple:**\n\nSimple authentication consists of sending the LDAP server the fully qualified DN of the client (user) and the client's clear-text password. To avoid exposing the password in clear over the network, you can use SSL (an encrypted channel). For details on configuring SSL, please see the SSL Settings section.\n\n**SASL:**\n\nClients that send an authentication request to RadiantOne using Kerberos (GSS-SPNEGO), MD5 (DIGEST-MD5) or Certificate (EXTERNAL) are leveraging one of the supported SASL mechanisms. The SASL EXTERNAL mechanism is supported by default, but you must configure the Client Certificate to DN Mapping so the RadiantOne service knows how to identify the user in the certificate to a user in the RadiantOne namespace. For details on these supported mechanisms, please see Authentication Methods.",
          "Support for MIT Kerberos\n\nThe following steps were certified on Linux CENTOS to configure RadiantOne as a Kerberized service.\n\n1. To manage the Kerberos database locally, launch\n\n    `kadmin.local`\n\n2. Add the RadiantOne service to Kerberos database with the following:\n\n    `add_principal ldap\/vds.novato.radiantlogic.com@EXAMPLE.COM`\n\n3. Ensure FQDN of service can be resolved via DNS using ping or other methods.\n\n4. Ensure unlimited Java cipher suites are installed. This is to be compatible with certain clients using stronger cyphers. Note that Kerberos can be enabled in RadiantOne without installing the extra ciphers, but most clients using kerberos require these ciphers that RadiantOne does not bundle out of the box. For details on installing unlimited cipher suites, see the RadiantOne Hardening Guide.\n\n5. From the Main Control Panel > Settings Tab > Security section > Authentication Methods enable Kerberos Authentication and enter the user principal name and service password associated with the RadiantOne service account that was created in the KDC.\n\n6. Click **CHANGE** next to Client Principal Name Mapping and define the mapping to be used for authorization.\n\n7. Restart the RadiantOne service.\n\n!Enabling RadiantOne as a Kerberized Service\n\nFigure 16: Enabling RadiantOne as a Kerberized Service",
          "Authorization of Kerberos Users\n\nAfter a client successfully authenticates with a Kerberos ticket, RadiantOne tries to link the user to a DN based on any Client Principal Name Mappings that you have set up. If no Client Principal Name Mappings are defined or if no mapping results are found for a particular user, RadiantOne translates the user principal name and realm into a DN and stores that user in the local LDAP store below a suffix of ou=krbusers,cn=config. The user DN consists of the principal name and the realm (from which they came from). An example would be:\n\n`uid=lcallahan,cn=NOVATO.RADIANTLOGIC.COM,ou=krbusers,cn=config`\n\nIn the example above, all users who authenticate from the NOVATO.RADIANTLOGIC.COM realm are located here. Each realm has its own location in the local LDAP store. Below is an example from a different realm:\n\n`uid=sbuchanan,cn=NA.RADIANTLOGIC.COM,ou=krbusers,cn=config`\n\nOnce the user is stored locally (or linked to an existing DN), they can be added to groups and included in access control lists. This allows users who authenticate using Kerberos access to protected information in the RadiantOne namespace. See below for the location in the directory tree for the authenticated users (This location is for users that could not be linked using Client Principal Name Mappings).\n\n!An image showing \n\nFigure 17: Location of Users who Successfully Authenticate using Kerberos",
          "MD5\n\nIf desired, an LDAP client can send RadiantOne a hashed password using Digest MD5 for authentication. RadiantOne must have access to the password in clear. When the password is received, RadiantOne uses the Digest MD5 hashing algorithm to encrypt it and compare to the value received from the client. If the compare succeeds, the bind was successful. Otherwise, the bind fails.\n\nTo enable MD5 authentication, check the MD5 Authentication box from the Main Control Panel > Settings Tab > Security section > Authentication Methods sub-section.\n\nChanging any MD5-related settings requires a restart of the RadiantOne service after saving the new settings.\n\n**Server Fully Qualified Name**\n\nEnter the Server fully qualified name for the machine running RadiantOne (.).\n\n**Client User Name Mapping**\n\nAfter authentication via MD5, authorization (access permissions) must be determined. Client User Name Mapping can be used to set up a mapping between the user who authenticates using MD5 and a user DN in the virtual namespace. The DN is required to set access permissions and for RadiantOne to enforce authorization. If no client user name mappings are configured (or the ones configured fail to link the user name to a valid DN in the virtual tree), then RadiantOne allows anonymous access (you must make sure anonymous access is allowed). To configure the mapping, click **Change** next to the Client User Name Mapping parameter.\n\nThere are three different ways to determine the DN from the user ID received in the LDAP bind (using regular expression syntax). Each is described below.\n\n- Setting a specific User ID to DN. In this example, if lcallahan were received in the authentication request, RadiantOne would base the authorization on the DN: cn=laura Callahan,cn=users,dc=mycompany,dc=com\n\n`lcallahan (the user ID) -> (maps to) cn= laura Callahan,cn=users,dc=mycompany,dc=com`\n\n-\tSpecify a DN Suffix, replacing the $1 value with the User ID.\n\n`(.+) -> uid=$1,ou=people,ou=ssl,dc=com`\n\n`(.+) represents the value coming into RadiantOne from the bind operation. If it received a User ID of lcallahan, then the DN RadiantOne bases authorization on is: uid=lcallahan,ou=people,ou=ssl,dc=com.`\n\n-\tSpecify a Base DN, scope of the search, and a search filter to search for the user based on the User ID received in the bind request.\n\n`(.+) -> dc=domain1,dc=com??sub?(sAMAccountName=$1)`\n\nIf RadiantOne received a User ID of lcallahan from the bind request, it would issue a search like:\n\n`dc=domain1,dc=com??sub?(sAMAccountName=lcallahan)`\n\nThe user DN returned from the search is used by RadiantOne to identify the user entry in the RadiantOne namespace and to base authorization decisions on.\n\nFor options 2 and 3 described above, multiple variables can be used (not just 1 as described in the examples). Let\u2019s look at an example mapping that uses multiple variables:\n\n`(.+)@(.+).(.+).com -> ou=$2,dc=$3,dc=com??sub?(&(uid=$1)(dc=$3))`\n\nIf RadiantOne received a user ID like laura_callahan@ny.radiant.com, the search that would be issued would look like:\n\n`ou=ny,dc=radiant,dc=com??sub?(&(uid=laura_callahan)(dc=radiant))`\n\nThe user DN returned from the search is used by RadiantOne to identify the user entry in the virtual namespace and to base authorization decisions on.\n\nFor more details, please see Processing Multiple Mapping Rules.",
          "Kerberos\n\nRadiantOne supports Kerberos v5, and can act as both a Kerberos client, and a Kerberized service. As a Kerberos client, RadiantOne can request tickets from a KDC to use to connect to kerberized services. As a Kerberized service, RadiantOne can accept tickets from clients as a form of authentication. These configurations have been certified with Windows 2000, 2003 and 2008 in addition to MIT Kerberos on Linux CENTOS. This section describes RadiantOne support as a Kerberized server. For details on RadiantOne support as a Kerberos client, please see the section on defining LDAP data sources. The following diagram provides the high-level architecture and process flow for RadiantOne acting as a Kerberized service.\n\n!RadiantOne as a Kerberized Service\n \nFigure 7: RadiantOne as a Kerberized Service\n\nKerberos can be used for authentication to RadiantOne (acting as a Kerberized Service) as long as the client resides within the same domain or trusted domain forest as the RadiantOne service (and the RadiantOne machine must be in the same Kerberos realm\/domain, or at least within the same forest as Active Directory). To continue with configuring Kerberos for access to RadiantOne in Microsoft domains, follow the steps below. For details on MIT Kerberos support, see Support for MIT Kerberos.\n\n>[!note] All machines (client, domain controller\u2026etc.) must be in sync in terms of clock (time\/date settings). Also, if you have deployed RadiantOne in a cluster, the service account created in the KDC can use the server name of the load balancer that is configured in front of the RadiantOne cluster nodes.  To use a generic or common account for multiple RadiantOne cluster nodes, you need to set the SPN on the account matching the FQDN of the host that requests the kerberos ticket. There is no need to create individual accounts for each RadiantOne node\/host. Refer to the account using the UPN in the RadiantOne configuration. The account can have multiple SPNs. An example is shown below.\nsAMAccountName: svc-vdsadmin\nUPN: ldap\/vds.example.net@example.net\nSPN: ldap\/host1.example.net\nldap\/vds.example.net\nldap\/host2.example.net\nldap\/host3.example.net"
        ],
        "question": "What are all of the authentication methods supported in RadiantOne?",
        "rationale": "produce the answer. We will review the information provided in the context to identify the authentication methods supported by RadiantOne.",
        "answer": "RadiantOne supports three types of authentication methods: anonymous, simple, and SASL. \n\n- **Anonymous:** Clients that do not perform a \"bind\" operation or bind without a password value are treated as anonymous.\n- **Simple:** This method involves sending the LDAP server the fully qualified DN of the client and the client's clear-text password.\n- **SASL:** Clients can authenticate using Kerberos (GSS-SPNEGO), MD5 (DIGEST-MD5), or Certificate (EXTERNAL) mechanisms. The SASL EXTERNAL mechanism is supported by default, but configuration of Client Certificate to DN Mapping is required for user identification."
      },
      {
        "augmented": true,
        "context": [
          "Storage Location\n\r\nThe default location for data files is \\vds_server\\data. To tune the local disk load, you can specify a different location on the file system. To define a storage location, follow the steps below.\r\n\r\n1.\tDeactivate the Universal Directory store by unchecking the Active checkbox and click Save.\r\n\r\n2.\tClick Yes to apply the change to the server.\r\n\r\n3.\tEnter the full path in the Storage Location parameter.\r\n\r\n4.\tClick Save and then Yes to apply the change to the server.\r\n\r\n5.\tCheck Active.\r\n\r\n6.\tClick Save and then Yes to apply the change to the server.\r\n\r\n>[!warning] Any data in the default location is lost if the storage location is changed. If you have data in the existing location that you want to keep, export it to an LDIF file and after the storage location is changed, import this LDIF file.\r\n\r\nIf RadiantOne is deployed in a cluster, the value of the storage location parameter is also assigned to all other nodes. The drive location indicated in the value must exist on the file system of each node. The nodes cannot leverage a single shared drive.",
          "Storage Location\nThe default location for data files is \\vds_server\\data. To tune the local disk load, you can specify a different location on the file system. To define a storage location, follow the steps below.\r\n\r\n1.\tDeactivate the Universal Directory store by unchecking the Active checkbox and click Save.\r\n\r\n2.\tClick Yes to apply the change to the server.\r\n\r\n3.\tEnter the full path in the Storage Location parameter.\r\n\r\n4.\tClick Save and then Yes to apply the change to the server.\r\n\r\n5.\tCheck Active.\r\n\r\n6.\tClick Save and then Yes to apply the change to the server.\r\n\r\n>[!warning] \r\n>Any data in the default location is lost if the storage location is changed. If you have data in the existing location that you want to keep, export it to an LDIF file and after the storage location is changed, import this LDIF file.\r\n\r\nIf RadiantOne is deployed in a cluster, the value of the storage location parameter is also assigned to all other nodes. The drive location indicated in the value must exist on the file system of each node. The nodes cannot leverage a single shared drive.\r\n\r\n-->",
          "Storage Location\n\r\nThe default location for Universal Directory data files is \\vds_server\\data. To tune the local disk load, you can specify a different location on the file system. If RadiantOne is deployed in a cluster, the value of the storage location parameter is also assigned to all other nodes. The drive location indicated in the value must exist on the file system of each node. The nodes cannot leverage a single shared drive.\r\n\r\nAny data in the default location is lost if the storage location is changed. If you have data in the existing location that you want to keep, export it to an LDIF file and after the storage location is changed, import this LDIF file.",
          "Managing Universal Directory Entries\n\r\nOn the Main Control Panel > Directory Browser tab of the leader node, you can see the entire directory structure instantiated with the directory entries. There could be nodes for Universal Directory stores, virtual directory trees, the change log (if enabled stores all changes made to local storage or virtual entries), and other default configuration below cn=config. If you do not see your new naming context after clicking on the Directory Browser tab, click the !An image showing  button at the top."
        ],
        "question": "How do I change the default storage path of a universal directory?",
        "rationale": "produce the answer. We need to follow these steps to change the default storage path of a Universal Directory:",
        "answer": "To change the default storage path of a Universal Directory, follow these steps:\n1. Deactivate the Universal Directory store by unchecking the Active checkbox and click Save.\n2. Click Yes to apply the change to the server.\n3. Enter the full path in the Storage Location parameter.\n4. Click Save and then Yes to apply the change to the server.\n5. Check Active.\n6. Click Save and then Yes to apply the change to the server.\n\nPlease note that any data in the default location will be lost if the storage location is changed. If you have data in the existing location that you want to keep, export it to an LDIF file and after the storage location is changed, import this LDIF file."
      }
    ],
    "signature_instructions": "Given the fields `context`, `question`, produce the fields `answer`.",
    "signature_prefix": "Answer:",
    "extended_signature_instructions": "Given the fields `context`, `question`, produce the fields `answer`.",
    "extended_signature_prefix": "Answer:"
  }
}