[
    {
        "question": "What are the system requirements to install RadiantOne on Windows?",
        "answer": "To install RadiantOne on a Windows system, you need the following:\n\n- **Hardware**\n  - **Processor**: Intel Pentium or AMD Opteron, with at least a dual-core configuration.\n  - **Processor Speed**: 2 GHz or higher.\n  - **Network Bandwidth**: At least 1 Gbps with low latency.\n  - **Memory**: A minimum of 16 GB. Most production deployments will need more than 16 GB.\n  - **Hard Drive**: 500 GB of disk space, with a recommended data transfer rate of 150 MB/sec. The actual disk space required will vary based on the types and levels of logs enabled and the log history you want to maintain.\n  \n- **Software**\n  - **Operating Systems**: Windows Server 2016, Windows Server 2019, Windows Server 2022, or Windows Server Core.\n\nFor more detailed guidance on hardware requirements, including memory sizing, refer to the RadiantOne Hardware Sizing Guide."
    },
    {
        "question": "What do I need in order to add more nodes to a cluster?",
        "answer": "To add more nodes to a cluster, you will need the following details:\n- The server name of an existing core RadiantOne cluster node.\n- The server names and ports of the ZooKeeper ensemble.\n- The cluster name.\n- The ZooKeeper login and password.\n- A valid RadiantOne license key (you might need to check with a Radiant Logic representative to verify your license key type).\n\nFor exact installation steps, please refer to the RadiantOne Installation Guide."
    },
    {
        "question": "What are all of the authentication methods supported in RadiantOne?",
        "answer": "RadiantOne supports the following authentication methods:\n\n1. Anonymous: This occurs when clients send an LDAP request without doing a \"bind\" or bind to RadiantOne without providing a password.\n\n2. Simple: This consists of sending the LDAP server the fully qualified DN of the client (user) and the client's clear-text password. Using SSL is recommended to avoid exposing the password over the network.\n\n3. SASL: This includes several mechanisms:\n   - Kerberos (GSS-SPNEGO)\n   - MD5 (DIGEST-MD5)\n   - Certificate (EXTERNAL)\n\nThe SASL EXTERNAL mechanism requires configuration of the Client Certificate to DN Mapping in RadiantOne."
    },
    {
        "question": "How do I enable SSL logging?",
        "answer": "To enable SSL logging, follow these steps:\n\n1. Open the Main Control Panel.\n2. Click on Settings, then go to Logs, and select Log Settings.\n3. From the \"Log Settings to Configure\" drop-down menu, choose VDS \u2013 Server.\n4. Make sure the Log Level is set to INFO, DEBUG, or TRACE. If you need to change the log level, select the appropriate one and click Save.\n5. Navigate to Security and then select SSL.\n6. In the SSL section, check the box for Debug SSL.\n7. Click Save.\n8. Go to the Dashboard tab on the Main Control Panel and restart the RadiantOne service."
    },
    {
        "question": "How do I change the default storage path of a universal directory?",
        "answer": "To change the default storage path of a Universal Directory, follow these steps:\n\n1. Deactivate the Universal Directory store by unchecking the Active checkbox and then click Save.\n2. Confirm the change by clicking Yes when prompted.\n3. Enter the full path you want to set as the new Storage Location.\n4. Click Save and then click Yes to apply the change to the server.\n5. Reactivate the Universal Directory by checking the Active checkbox.\n6. Click Save again and confirm by clicking Yes.\n\n**Important**: If you have data in the current storage location that you want to retain, make sure to export it to an LDIF file before changing the storage location. After changing the storage path, you can import this LDIF file to retain your data."
    },
    {
        "question": "what are the cipher suites supported by FID server?",
        "answer": "The cipher suites supported by the FID server are:\n\n- TLS_DHE_DSS_WITH_AES_128_CBC_SHA\n- TLS_DHE_DSS_WITH_AES_128_CBC_SHA256\n- TLS_DHE_DSS_WITH_AES_128_GCM_SHA256\n- TLS_DHE_DSS_WITH_AES_256_CBC_SHA\n- TLS_DHE_DSS_WITH_AES_256_CBC_SHA256\n- TLS_DHE_DSS_WITH_AES_256_GCM_SHA384\n- TLS_DHE_RSA_WITH_AES_128_CBC_SHA\n- TLS_DHE_RSA_WITH_AES_128_CBC_SHA256\n- TLS_DHE_RSA_WITH_AES_128_GCM_SHA256\n- TLS_DHE_RSA_WITH_AES_256_CBC_SHA\n- TLS_DHE_RSA_WITH_AES_256_CBC_SHA256\n- TLS_DHE_RSA_WITH_AES_256_GCM_SHA384\n- TLS_ECDH_ECDSA_WITH_AES_128_CBC_SHA\n- TLS_ECDH_ECDSA_WITH_AES_128_CBC_SHA256\n- TLS_ECDH_ECDSA_WITH_AES_128_GCM_SHA256\n- TLS_ECDH_ECDSA_WITH_AES_256_CBC_SHA\n- TLS_ECDH_ECDSA_WITH_AES_256_CBC_SHA384\n- TLS_ECDH_ECDSA_WITH_AES_256_GCM_SHA384\n- TLS_ECDH_RSA_WITH_AES_128_CBC_SHA\n- TLS_ECDH_RSA_WITH_AES_128_CBC_SHA256\n- TLS_ECDH_RSA_WITH_AES_128_GCM_SHA256\n- TLS_ECDH_RSA_WITH_AES_256_CBC_SHA\n- TLS_ECDH_RSA_WITH_AES_256_CBC_SHA384\n- TLS_ECDH_RSA_WITH_AES_256_GCM_SHA384\n- TLS_ECDHE_ECDSA_WITH_AES_128_CBC_SHA\n- TLS_ECDHE_ECDSA_WITH_AES_128_CBC_SHA256\n- TLS_ECDHE_ECDSA_WITH_AES_128_GCM_SHA256\n- TLS_ECDHE_ECDSA_WITH_AES_256_CBC_SHA\n- TLS_ECDHE_ECDSA_WITH_AES_256_CBC_SHA384\n- TLS_ECDHE_ECDSA_WITH_AES_256_GCM_SHA384\n- TLS_ECDHE_RSA_WITH_AES_128_CBC_SHA\n- TLS_ECDHE_RSA_WITH_AES_128_CBC_SHA256\n- TLS_ECDHE_RSA_WITH_AES_128_GCM_SHA256\n- TLS_ECDHE_RSA_WITH_AES_256_CBC_SHA\n- TLS_ECDHE_RSA_WITH_AES_256_CBC_SHA384\n- TLS_ECDHE_RSA_WITH_AES_256_GCM_SHA384\n- TLS_RSA_WITH_AES_128_CBC_SHA\n- TLS_RSA_WITH_AES_128_CBC_SHA256\n- TLS_RSA_WITH_AES_128_GCM_SHA256\n- TLS_RSA_WITH_AES_256_CBC_SHA\n- TLS_RSA_WITH_AES_256_CBC_SHA256\n- TLS_RSA_WITH_AES_256_GCM_SHA384"
    },
    {
        "question": "What components make up the Global Synchronization architecture?",
        "answer": "The Global Synchronization architecture is made up of:\n\n- Agents: They manage Connectors.\n- Connectors: Components used to interface with the data sources.\n- Queues: Used to temporarily store messages as they flow through the synchronization pipeline.\n- Sync Engine: Processes attribute mappings and transformation scripts before sending events to target endpoints.\n- Attribute Mappings: Define how attributes are mapped.\n- Transformation Scripts: Used for processing during synchronization."
    },
    {
        "question": "How do I upgrade my RadiantOne Platform?",
        "answer": "To upgrade your RadiantOne Platform, follow these steps:\n\n1. **Make sure the upgrade is to a higher patch release of the same main version**:\n   Your upgrade must stay within the same main version (e.g., from 7.3.1 to 7.3.2). You cannot upgrade from 7.3.x to 7.4.x.\n\n2. **Using the --set values command**:\n   Execute the following command in your terminal to set the new version tag:\n   ```shell\n   helm upgrade --install --namespace= radiantone/fid --set image.tag=7.4.8 --reuse-values\n   ```\n\n3. **Using a values file**:\n   Update your values file (`fid_values.yaml`) with the new version tag and any other required parameters. Here is an example of what the values file might look like:\n   ```yaml\n   image:\n     tag: '7.4.8'\n   fid:\n     rootPassword: 'test1234'\n     license: ''\n     mountSecrets: false\n   zk:\n     clusterName: 'my-demo-cluster'\n   dependencies:\n     zookeeper:\n       enabled: true\n   ```\n\n   Then, apply the update with the following command:\n   ```shell\n   helm upgrade --install --namespace= radiantone/fid --values fid_values.yaml --reuse-values\n   ```\n\nThese steps will guide you through upgrading your RadiantOne Platform to a newer patch version."
    },
    {
        "question": "How do I create a virtual view of Azure AD?",
        "answer": "To create a virtual view of Azure AD in RadiantOne v7.4, you can follow these steps: 1. In Azure AD, create an application and make note of the APPLICATION ID and SECRET KEY generated. You will need these values in the next steps. 2. Go to the Main Control Panel &gt; Settings &gt; Server Backend &gt; Custom Data Sources. Select the mgraph data source and click Edit. 3. Select the username property and click Edit. 4. Enter the value of the Azure AD Application ID. 5. Select the password property and click Edit. 6. Enter the secret key associated with your Azure AD application. 7. Select the oauthURL property and click Edit. 8. Enter the URL for your Azure AD tenant token endpoint. This URL should look like: \"<https://login.microsoftonline.com/&lt;your_tenant_name&gt;/oauth2/v2.0/token>\". 9. Select the active property and click Edit. 10. Enter \"true\" to activate the data source. 11. Save the mgraph data source. 12. Go to the Main Control Panel &gt; Directory Namespace and create a new Root Naming Context using the \"Virtual Tree\" type. 13. Choose the \"Use Existing View (.dvx)\" option and browse to the mgraph.dvx file. 14. Test the virtual view by navigating below the root naming context where you mounted the mgraph.dvx file. You should see the entries from your Azure AD tenant. That's it! You have successfully created a virtual view of Azure AD using RadiantOne. Let me know if you have any further questions."
    },
    {
        "question": "How do I rebuild the index for a Universal Directory store?",
        "answer": "To rebuild the index for a RadiantOne Universal Directory store, follow these steps: 1. Schedule a maintenance window for the re-indexing process, as it can take some time and the store will be inaccessible during this time. 2. Go to the Main Control Panel and navigate to the Directory Namespace tab. 3. Select the RadiantOne Universal Directory store for which you want to rebuild the index. 4. On the Properties Tab, look for the \"Re-build Index\" button and click on it. 5. The re-indexing process will be executed on the leader node of the cluster. 6. Once the re-indexing is complete, the store on the leader node will be activated again. 7. All follower/follower-only nodes in the cluster will then copy the updated index from the leader node. Remember, re-indexing should not be done frequently and should only be performed during scheduled maintenance windows."
    },
    {
        "question": "How do I delete a persistent cache?",
        "answer": "To delete a persistent cache in RadiantLogic v7.4, follow these steps: 1. If the persistent cache is involved in inter-cluster replication, it is recommended to temporarily disable the replication before deleting the cache. This ensures data consistency across clusters. (This step is optional) 2. Open the RadiantOne Main Control Panel. 3. Go to the Directory Namespace tab. 4. Under the Cache section, select the branch of the cache you want to delete. 5. On the right side, uncheck the Active checkbox to deactivate the cache. 6. Click the Save button to apply the changes. 7. Finally, click the Delete button to delete the cache. Please note that deleting a cache definition does not delete the underlying naming context the cache was created for. Let me know if you need further assistance!"
    },
    {
        "question": "How do I delete a root naming context?",
        "answer": "To delete a root naming context, follow these steps: 1. Open the RadiantOne Main Control Panel. 2. Go to the Directory Namespace Tab. 3. Find the naming context you want to delete under the Root Naming Contexts node. 4. Uncheck the Active option on the right side. 5. Click the Save button. 6. A prompt will appear asking if you want to apply the changes to the server. Click Yes. 7. Another prompt will appear confirming the deactivation. Click OK. 8. Click the delete button (trash can icon). 9. Confirm the deletion by clicking Yes. 10. Click OK to exit the confirmation. That's it! The root naming context has been successfully deleted. Please note that if the naming context contains levels with multiple backends mounted under it, each of these must be deleted prior to deleting the root naming context."
    },
    {
        "question": "How do I change the log level for RadiantOne FID?",
        "answer": "To change the log level for RadiantOne FID, follow these steps: 1. Open the Main Control Panel of RadiantOne FID. 2. Navigate to the \"Settings\" section and click on \"Logs\". 3. In the \"Log Settings\" page, select \"VDS - Server\" from the \"Log Settings to Configure\" drop-down list. 4. Locate the \"Log Level\" drop-down list and choose the desired log level. 5. Click on the \"Save\" button to apply the changes. By following these steps, you will be able to increase the log level for RadiantOne FID. Let me know if you need further assistance!"
    },
    {
        "question": "Where do I find the Pipeline ID for my topology in Global Sync?",
        "answer": "To find the Pipeline ID for your topology in Global Sync, follow these steps: 1. Go to the Main Control Panel. 2. Click on the Global Sync tab. 3. Select the desired topology from the list on the left. 4. On the right side, hover over the name of the pipeline. 5. The Pipeline ID will be displayed. You can also find the pipeline ID using the vdsconfig command line utility with the list-topologies command. The \u201cpipelinesIdentifiers\u201d property returns the pipeline ID. That's it! You have now found the Pipeline ID for your topology in Global Sync. Let me know if you need any further assistance."
    },
    {
        "question": "How do I edit attribute mappings in Global Sync?",
        "answer": "To edit attribute mappings in Global Sync, follow these steps: 1. Go to the Global Sync tab and select the desired topology. 2. Click on the pipeline you want to configure. 3. In the Transformation component, expand the Mappings section at the bottom. 4. Find the pipeline mapping that contains the attribute mapping you want to edit and click on the edit button (pencil icon). 5. Look for the attribute mapping you want to edit in the list and click on the edit button next to it. 6. Make the necessary edits to the attribute mapping. 7. Once you're done editing, click on the Save button to save your changes. That's it! You have successfully edited the attribute mapping in Global Sync."
    },
    {
        "question": "What are the possible Actions that a Global Sync Rule can result in?",
        "answer": "A Global Sync Rule can result in the following possible actions: 1. Abort: This action allows you to decide not to propagate the changes to the target system. It means that if the conditions of the rule are met, the changes will not be applied to the target system. 2. Apply Target Attribute Mappings: This action involves transforming input values in preparation for applying them to the target system. Attribute mappings define how the input values should be transformed. You can reuse existing attribute mappings or create new ones. 3. Custom Function: This action gives you the flexibility to create a custom function or call an existing function. It allows you to add your own code to handle situations where the default actions are not sufficient. These are the possible actions that can be associated with a Global Sync Rule. Let me know if you need further assistance or have any other questions!"
    },
    {
        "question": "What is the role of a Connector in Global Sync?",
        "answer": "A Connector in Global Sync has three main functions. First, it queries data sources and collects changed entries. Second, it filters out unneeded events. And third, it publishes the changed entries with the required information. Connectors are responsible for capturing changes on entries in data sources and are used by the Global Sync module to propagate changes from source systems to one or more target systems. The specific type of connector used depends on the type of data store being used, such as an LDAP directory or an RDBMS."
    },
    {
        "question": "What is Identity Linkage used for in Global Sync?",
        "answer": "Identity Linkage in Global Sync is used to establish a unique connection between a source identity and a target identity. This linkage can be based on a specific attribute or a combination of information computed with a function. By defining the identity linkage, you can ensure that the same logic is applied across all rules in Global Sync. However, if needed, each rule can have different criteria for identity linkage. The purpose of identity linkage is to accurately synchronize and match identities between different systems or data sources."
    },
    {
        "question": "How is the Target DN generated for Global Sync?",
        "answer": "The target DN for Global Sync can be generated automatically or manually. If you choose the Automatic option, the target DN is generated based on the virtual view created for the target and where it is mounted in the RadiantOne namespace. This option works well if you are synchronizing objects in the same container. However, if you need to sync entries into different containers or branches in the target, you should choose the Manual option. When you select the Manual option, you will have a Target DN setting in your Rule. In this setting, you can choose the variable that contains the logic for how the target DN is generated. This allows you to have more control over the target DN generation process. To summarize, if you want the target DN to be generated automatically based on the virtual view and mount location, choose the Automatic option. If you need more control and want to manually specify the target DN generation logic, choose the Manual option."
    },
    {
        "question": "What does the Global Identity Builder do?",
        "answer": "The Global Identity Builder is a tool that helps applications find and access user information from multiple data sources. It creates a unified list of identities from different sources, even if they don't have a common identifier. This tool is useful when applications need to authenticate users or access their complete profiles for authorization purposes. It can handle situations where there are overlapping users or when a complete aggregated list of users is needed. The Global Identity Builder also allows for the remapping of information into the format expected by the application. To learn more about how to use the Global Identity Builder, please refer to the RadiantOne Global Identity Builder Guide."
    }
]