[
    {
        "input": "Imagine you had to set node properties without Radiant Logic support. What precautions would be crucial?",
        "actual_output": null,
        "expected_output": null,
        "context": [
            "Setting node property values with this command should be done with extreme caution as the syntax of the properties is very specific and editing them manually is prone to error. It is highly recommended that setting node properties in this manner is done only if advised and guided by the Radiant Logic support team.\n\nIMPORTANT NOTE \u2013 This command should not be used to modify RDNs. To modify an RDN, use the set-node-rdn command."
        ],
        "source_file": "e3e47037-0c90-4910-b947-dd027c41f67f"
    },
    {
        "input": "How do -skip and -skipregex flags enhance deployment precision by excluding specific resources?",
        "actual_output": null,
        "expected_output": null,
        "context": [
            "-skip <name>\n\nResource name to skip. Always run the command without the -apply flag first to see how the target environment resources are going to be affected. This allows you to take note of the resources that should be skipped (using the -skip flag) when you run the command with the -apply flag.\n\n-skipregex <skipregex>\nA regular expression indicating which resources to skip. The format for the regex is:  resourcetype: regex."
        ],
        "source_file": "f0796782-2a74-4424-a72a-c9989c6aed68"
    },
    {
        "input": "Which log entries detail the sequence of steps for reconstructing the MetaTree post-failure?",
        "actual_output": null,
        "expected_output": null,
        "context": [
            "r.s.s.LDAPServerParameter:2299 - . Building MetaTree\n\n2017-10-20 16:03:42 INFO  c.r.s.s.LDAPServerParameter:2310 - . MetaTree built\n\n2017-10-20 16:03:44 INFO  c.r.s.s.LDAPServerParameter:2294 - . Re-building MetaTree\n\n2017-10-20 16:03:45 INFO  c.r."
        ],
        "source_file": "f33415ab-d9bf-40c7-858f-20e4e2ed8890"
    },
    {
        "input": "How do JSON and YAML outputs compare when RLI_CLI_VERBOSE is TRUE versus FALSE?",
        "actual_output": null,
        "expected_output": null,
        "context": [
            "JSON\n\nDisplays command output in JSON format.\n\n\n\nYAML\n\nDisplays command output in YAML format.\n\nRLI_CLI_VERBOSE\n\nTRUE\n\nThe command log details of its progress. This is the default value.\n\n\n\nFALSE\n\nThe command does not log details of its progress.\n\nRLI_CLI_MIN_LOGLEVEL"
        ],
        "source_file": "a5fa7932-025b-4502-bc72-939322186ffc"
    },
    {
        "input": "In what ways do initial MetaTree construction and urgent reconstruction differ and overlap?",
        "actual_output": null,
        "expected_output": null,
        "context": [
            "r.s.s.LDAPServerParameter:2299 - . Building MetaTree\n\n2018-04-06 15:43:35 INFO  c.r.s.s.LDAPServerParameter:2310 - . MetaTree built\n\n2018-04-06 15:43:39 INFO  c.r.s.s.LDAPServerParameter:2294 - . Re-building MetaTree\n\n2018-04-06 15:43:40 INFO  c.r."
        ],
        "source_file": "56618e82-2559-4b56-86d8-6e4d1d07a657"
    },
    {
        "input": "How do you rebuild the store index post-setting the value to true?",
        "actual_output": null,
        "expected_output": null,
        "context": [
            "You must rebuild the index for the store after setting the value to true."
        ],
        "source_file": "55a44b7f-b6b7-4fdd-a7d5-635066be5233"
    },
    {
        "input": "Elucidate the synergistic functioning of ELB's auto-scaling with Auto Scaling for adaptive traffic management.",
        "actual_output": null,
        "expected_output": null,
        "context": [
            "IMPORTANT NOTE - There is a temporary port 3389 (RDP) opened but must be removed manually in post deployment.\n\nElastic Load Balancer\n\nAmazon\u2019s Elastic Load Balancing (ELB) automatically scales its request handling capacity to meet the demands of application traffic. Additionally, Elastic Load Balancing offers integration with Auto Scaling to ensure that you have back-end capacity to meet varying levels of traffic levels without requiring manual intervention. The RadiantOne templates install one ELB."
        ],
        "source_file": "b7cc5acc-317a-4904-9a95-2e0443ffd5e2"
    },
    {
        "input": "Compare the roles and functionalities of reset-cursor and list-agents commands in ADAP.",
        "actual_output": null,
        "expected_output": null,
        "context": [
            "REST (ADAP) Example\n\nIn the following example, a request is made to reset the cursor of a persistent cache. \n\nhttps://<rli_server_name>:8090/adap/util?action=vdsconfig&commandname=reset-cursor&connectorname=o_derby_pcache_primary__so_o_derby__northwind_app_employees\n\nlist-agents\n\nAgents manage connectors used for real-time persistent cache refreshes."
        ],
        "source_file": "33e57fa6-1b86-4807-adbf-8aa60759b588"
    },
    {
        "input": "How can one edit an interception script via the Advanced Settings tab to align with the UserDefinedInterception2 interface, and where can more details about this interface be found?",
        "actual_output": null,
        "expected_output": null,
        "context": [
            "Figure 2. 19: Enabling Interception Script\n\n\n\nEditing an Intercept Script \n\nAfter an interception script has been activated, click the Edit button next to the script, located on the Advanced Settings tab. This opens the script, which contains the default template. All interception scripts must implement the UserDefinedInterception2 interface.  More information regarding this can be found in the Javadoc."
        ],
        "source_file": "85a91a30-a1d4-4630-b10f-7e27accfed4f"
    },
    {
        "input": "How does the stop-all-agents command affect CPLDS load distribution, global synchronization, and real-time cache refresh?",
        "actual_output": null,
        "expected_output": null,
        "context": [
            "The more agents the better in order to distribute the load. For more details on CPLDS, see the RadiantOne CPLDS Guide. For more details on global synchronization, see the RadiantOne Global Sync Guide.\n\nThis command stops all agents. \n\nNote \u2013 this command stops agents used in CPLDS, global synchronization and real-time persistent cache refresh.  \n\nUsage\n\nstop-all-agents\n\nCommand Arguments\n\nNo command arguments are required."
        ],
        "source_file": "e25cc761-e44d-41bf-be82-05b769f1f9f0"
    },
    {
        "input": "What would happen if the network share containing the LDIF file became inaccessible to the cluster nodes?",
        "actual_output": null,
        "expected_output": null,
        "context": [
            "LDIF File Configuration\n\nThe LDIF file configuration uses RadiantOne\u2019s Custom Data Source option to read the directory entries from an LDIF file as described below. \n\nNote \u2013 The LDIF export function is documented in the LDIF Utility Guide.\n\nThe core nodes and worker nodes all require access to the LDIF file, typically located on a network share. To make a network share accessible to the nodes, create a mapped drive on each node in the cluster pointing to the network share containing the LDIF file."
        ],
        "source_file": "03597035-dc7d-444c-8f14-a1d2a02c353f"
    },
    {
        "input": "How do dynamic TCP ports (49152-65535) compare to other port ranges in terms of adaptability?",
        "actual_output": null,
        "expected_output": null,
        "context": [
            "Some other port may be used.\n\nTCP 49152 through 65535\n\nDynamic ports"
        ],
        "source_file": "9caf73e7-3344-4cbf-b3bd-943a40cd440c"
    },
    {
        "input": "Describe how the connector ensures recovery of changes using uSNChanged during Active Directory Global Catalog interruptions, and why the Active Directory DirSync connector is unsuitable for detecting sub-domain events.",
        "actual_output": null,
        "expected_output": null,
        "context": [
            "The connector internally maintains the last processed change number (uSNChanged value) and this allows for the recovery of all changes that occur even if the connector is down (deliberately or due to failure). \n\nNote \u2013 This is the connector type that must be used if the backend is an Active Directory Global Catalog. The Active Directory DirSync connector shouldn\u2019t be used because it is unable to detect events in sub-domains."
        ],
        "source_file": "fc0f4600-ab8c-44aa-9800-734ba2f19ae1"
    },
    {
        "input": "How does the master index list facilitate authentication vs. authorization across varied data sources in identity unification?",
        "actual_output": null,
        "expected_output": null,
        "context": [
            "Figure 2. 3: Complex Identity Unification Scenario\n\n\n\nNow that the need for a union of identities has been addressed, it is time to dive into the role the master index list plays in authentication and authorization.\n\nAuthentication\n\nOrganizations often have a variety of data sources housing identity information. These sources include directories, such as Microsoft Active Directory, Microsoft LDS, Novell eDirectory, and Oracle Directory (former Sun Java System Directory Server), along with some relational databases like Microsoft SQL Server and Oracle."
        ],
        "source_file": "d459f5b9-49c8-4125-810d-7c40aba5078b"
    },
    {
        "input": "How can days, hours, and minutes be specified using 'd,' 'h,' and 'm' when the default is 0?",
        "actual_output": null,
        "expected_output": null,
        "context": [
            "Default is 0 (meaning no limit is enforced). You can indicate the length of time in any combination of days, hours and/or minutes using \u201cd\u201d for days (e.g. 1d), \u201ch\u201d for hours (e.g. 4h), and \u201cm\u201d for minutes (e.g. 5m). \n\n-pwdMinLength <pwdMinLength>\n\nThe minimum number of characters that must be used in a password. Default is 0."
        ],
        "source_file": "043f2729-433a-4a58-a822-0f17442b94b0"
    },
    {
        "input": "What potential schema integrity issues arise from arbitrary naming of virtual view objects, particularly concerning the combination of primary key and other attributes for RDN?",
        "actual_output": null,
        "expected_output": null,
        "context": [
            "20: Enter Name for the Synonym\n\nThe new object appears under the list of Views.  This new object does not change the underlying schema but can be used when building virtual views.  For details on building custom virtual views, please see Chapter 4: View Designer. \n\nDeclaring RDN Attribute Name and Value \n\nRDN Attribute Name and Display Columns are a combination of the primary key and at least one other attribute."
        ],
        "source_file": "e964b118-b34f-4621-bdaa-5ddf47ce0edb"
    },
    {
        "input": "What specific command and final output result in changing the RDN to ou=sales?",
        "actual_output": null,
        "expected_output": null,
        "context": [
            "The following example command changes the RDN this table to ou=sales.\n\n\n\nvdsconfig.bat set-node-rdn -dn Table=CUSTOMERS,dv=northwind,o=vds -rdn ou -value sales\n\nThe command processor displays the following at the end of successful completion of the command.\n\n2018-05-07 16:35:41 INFO  c.r.s.s.LDAPServerParameter:2274 - ."
        ],
        "source_file": "fb3bcb20-7101-40ab-ae00-3644914bc316"
    },
    {
        "input": "Imagine migrating from SunOne/Oracle ODSEE or Novell eDirectory to RadiantOne v6. How might the differences in command syntax and overall efficiency affect the migration process?",
        "actual_output": null,
        "expected_output": null,
        "context": [
            "SunOne/Oracle ODSEE, Novell eDirectory, and RadiantOne v6 ACI Migration\t4\n\nRadiantOne v6 ACI Migration\t4\n\n\tCommand Syntax\t4\n\n\tExample\t4\n\nOpenDJ,"
        ],
        "source_file": "255ffd5f-9b48-4ed7-949e-528af19c9f04"
    },
    {
        "input": "If the LDAP backend were to expand, what full DN, base DN, and RadiantOne instance name would be essential?",
        "actual_output": null,
        "expected_output": null,
        "context": [
            "-namingcontext <namingcontext> \n\n[required] The full DN in the primary LDAP proxy naming context indicating where you want the merged backend to appear.\n\n-basedn <basedn>\n\nThe base DN in the LDAP backend to be merged. This is the starting point for the branch from the LDAP backend that is merged into the main naming context.\n\n-instance <instance>\n\nThe name of the RadiantOne instance. If not specified, the default instance named vds_server is used."
        ],
        "source_file": "01db4715-8a08-4eff-9682-0ebd7dd4bb6f"
    },
    {
        "input": "How would a sudden change in CITY values affect the 'BIGGEST COUNTS' and 'SMALLEST COUNTS' rankings?",
        "actual_output": null,
        "expected_output": null,
        "context": [
            "One of the details available is a \u201cBIGGEST COUNTS\u201d analysis that lists the different values for the CITY attribute starting with the most-used value. There is a similar section named \u201cSMALLEST COUNTS\u201d that lists the values for the attribute CITY starting with the least-used value."
        ],
        "source_file": "feaac6f7-bdc6-4791-8528-c32159a66f4b"
    },
    {
        "input": "How is the total multivalue count per entry calculated and rounded to the nearest integer?",
        "actual_output": null,
        "expected_output": null,
        "context": [
            "This value is derived by dividing the total count of multivalues by the number of entries containing a multi-value, rounded to the closest integer. \n\nValue Statistics"
        ],
        "source_file": "a84cce76-6dc6-418d-a33a-1274186b50bb"
    },
    {
        "input": "How do I set up a 3-node cluster using the fid-3.0 RadiantOneFullDeployment3N.yaml template?",
        "actual_output": null,
        "expected_output": null,
        "context": [
            "amazonaws.com/radiantlogic-us-gov-west-1/fid-3.0/templates/radiantOneFullDeployment2N.yaml\n\n3-node cluster\n\nhttps://s3-us-gov-west-1.amazonaws.com/radiantlogic-us-gov-west-1/fid-3.0/templates/radiantOneFullDeployment3N.yaml\n\n5-node cluster \n\nhttps://s3-us-gov-west-1.amazonaws."
        ],
        "source_file": "535dcea6-0aa9-46af-9878-9651ceabb7fa"
    },
    {
        "input": "How do you identify pipeline IDs using 'list-topologies' and convert LDIF files to CSV?",
        "actual_output": null,
        "expected_output": null,
        "context": [
            "Run the list-topologies command to locate the pipelines identifiers for each topology.\n\n\n\n\n\n\nChapter 22: Converting LDIF Files to CSV\n\nThis chapter describes how to convert an LDIF file into a CSV file using the <RLI_HOME>/bin/vdsconfig utility. \n\nldif-to-csv\n\nThis command converts an LDIF file into a CSV file."
        ],
        "source_file": "34bf0eb2-9ecc-4baf-82f6-28fc6be2fc9c"
    },
    {
        "input": "Compare the security implications of default 'pwdLockoutDuration' and 'pwdInHistory' settings, including '-pwdEnableLastLogonTime'.",
        "actual_output": null,
        "expected_output": null,
        "context": [
            "Default value is 0. Note: the -pwdEnableLastLogonTime option must have been set to true for this parameter to be taken into account.\n\n-pwdInHistory <pwdInHistory>\n\nThe maximum number of used passwords to keep in the 'pwdHistory' attribute. Default is 0.\n\n-pwdLockoutDuration <pwdLockoutDuration>\n\nThe number of minutes that an account is locked out for. 0 indicates permanent lockout. The default is 0."
        ],
        "source_file": "d3f46a7d-1296-4a8a-bafe-ce791f32dbd5"
    },
    {
        "input": "Analyze the effects of the adjustable query interval and size limit properties on a running connector's data polling efficiency and processing sequence, considering the ability to update these properties without restarting the connector.",
        "actual_output": null,
        "expected_output": null,
        "context": [
            "This property indicates the amount of time (in milliseconds) the connector should wait before querying the source to check for changes. \n\nNote \u2013 this property can be updated while the connector is running and will take effect without restarting the connector.\n\nSize Limit\n\nThis property indicates the number of entries the connector collects from the source in a single request (poll). Even if the connector picks up multiple entries, they are processed and published to the queue one at a time."
        ],
        "source_file": "b2a612b3-c448-4979-9b02-6f5a66446aec"
    },
    {
        "input": "How does RadiantOne Hierarchy Builder restructure an LDAP tree, and where are the configuration details located?",
        "actual_output": null,
        "expected_output": null,
        "context": [
            "This is an easy way to turn a relatively flat LDAP directory tree into a hierarchical structure.  \n\nThe following four figures provide an example of the process. For specific details on the configuration steps, see Hierarchy Builder in the RadiantOne Context Builder Guide.\n\nThe hierarchy shown below is an example of an LDAP directory tree and three detailed user entries."
        ],
        "source_file": "a297efde-78b6-49f4-bcff-20d755af8ce2"
    },
    {
        "input": "Describe the multi-step process for creating a Linux OS user with appropriate authentication after selecting general search result options.",
        "actual_output": null,
        "expected_output": null,
        "context": [
            "Select an option from the search results. In the pane that opens on the right, click the Create button. The Create RadiantOne\u2026 page displays. \n\nEnter a user name. This user name should have access to the virtual machines in your cluster and must be a valid user name in the operating system. \n\n[Linux only] Select an authentication type. If you select the Password option, proceed to the next step."
        ],
        "source_file": "5aba3b7f-fbfb-4cec-8f18-d8d9be3cb2ac"
    },
    {
        "input": "Compare the steps of creating a new content node for Accounts and defining its attributes in the virtual view.",
        "actual_output": null,
        "expected_output": null,
        "context": [
            "ou=Accounts) and click the New Content button on the right.\n\nSelect an object from the schema to populate this node (e.g. Accounts) and click OK.\n\nWith this new content node selected, select the Node Properties -> Attributes sub-tab.\n\nUse the  button to define some attributes in the virtual view.\n\nSave the virtual view.  An example of the view definition and Runtime preview of a SCIMv2 backend is shown below."
        ],
        "source_file": "c057fd16-7471-4225-8d60-b1a4643018a8"
    },
    {
        "input": "What if -interactive was omitted? How would task initiation and monitoring differ in RadiantOne instances?",
        "actual_output": null,
        "expected_output": null,
        "context": [
            "-namingcontext <namingcontext>\n\n [required] The name of the naming context.\n\n-instance <instance>\n\nThe name of the RadiantOne instance. If not specified, the default instance named vds_server is used.\n\n-interactive \nWhen this argument is specified, the command launches the tasks and periodically displays their current state until they are finished. If this argument is not specified, the command launches the tasks and terminates."
        ],
        "source_file": "ae8bbf09-8034-4abd-a905-499d1011af74"
    },
    {
        "input": "What are the detailed steps for locating and authorizing an Account ID in Radiant Logic compared to creating a Key Pair in EC2?",
        "actual_output": null,
        "expected_output": null,
        "context": [
            "Record the Account ID located under Account Settings. Provide this ID to your Radiant Logic account representative. Your Account ID is used to authorize access to the template.\n\nNOTE \u2013 To obtain your account ID using an alternate method, from the Support menu in the header, select Support Center. The account number is located just below the header. \n\nNavigate to EC2 dashboard -> Network & Security -> Key Pairs section. \n\nClick Create Key Pair."
        ],
        "source_file": "1eac6ac0-e602-491d-a862-add71dcd91b9"
    },
    {
        "input": "How do the \"list-agents\" and \"stop-all-agents\" commands help in diagnosing and managing sync connectors?",
        "actual_output": null,
        "expected_output": null,
        "context": [
            "list-agents\n\nLists the identifier of currently running agents. An example of the output of this command is below:\n\n{\n  \"success\" : true,\n  \"data\" : [ \"agent_W-RLI21-LGRADY_fid_sd_agent__real_time_PID_1288\" ]\n}\n\nstop-all-agents \n\nAgents manage connectors used for synchronization."
        ],
        "source_file": "fa7ad172-21a6-4209-b811-ef8493b90f8e"
    },
    {
        "input": "What additional steps are required when setting multiple connector properties via a property file, compared to a single property using vdsconfig.bat?",
        "actual_output": null,
        "expected_output": null,
        "context": [
            "E.g. C:\\radiantone\\vds\\bin>vdsconfig.bat set-connector-property -connectorname o_sead_pcache_proxy__dc_seradiant_dc_dom__seradiantad -propertyid includedBranches -propertyvalue \u201c[\\\"cn=users,dc=seradiant,dc=dom\\\",\\\"cn=domain groups,dc=seradiant,dc=dom\\\"]\u201d\n\nfile-set-connector-properties\n\nThis command can be used to set multiple connector properties contained in a property file."
        ],
        "source_file": "216c795b-9978-4a7a-999b-387fe410d981"
    },
    {
        "input": "Imagine an automated system for ACI import into RadiantOne. How do its steps differ from manual import?",
        "actual_output": null,
        "expected_output": null,
        "context": [
            "The ACI are now ready to be imported into RadiantOne manually. For more information on RadiantOne ACI, refer to the RadiantOne System Administration Guide. \n\n\n\n\n\n\n\nRadiant Logic, Inc.   |   75 Rowland Way, Suite 300   |   Novato, CA 94945   |   877.727.6442   |   415.209.6800   |   radiantlogic.com  |  Page 1 of 2"
        ],
        "source_file": "eb011e60-fb86-4134-bc48-a5b018907190"
    },
    {
        "input": "Detail the steps for establishing a Windows connection to a RadiantOne node via Putty, including command execution, jumpbox IP specification, and accessing the control panel.",
        "actual_output": null,
        "expected_output": null,
        "context": [
            "E.g. (on a Windows client, using Putty): \nRun C:\\\"Program Files\"\\PuTTY\\plink.exe -l <username> -N -L 7070:rli-server-0:7070 -L 8089:rli-server-0:8089 <jumpbox_IP_address>\n\nFrom your local machine, access the control panel on the RadiantOne node. \nE.g."
        ],
        "source_file": "4be78279-9d4d-44fd-a74f-e150439e83fb"
    },
    {
        "input": "For a system with alerts, what are the possible trigger types and parameters, and data properties for monitoring?",
        "actual_output": null,
        "expected_output": null,
        "context": [
            "-p <data property>\n\nIndicates the property to collect. Each data collector returns different properties. For details on possible properties for each data collector, see the RadiantOne Monitoring and Reporting Guide.\n\n-t <trigger type>\n\nThis indicates the type of trigger that activates the alert. The possible values are: above, always, below, equals, or not-equals.\n\n-g <key:value>\n\nThis indicates the trigger parameter."
        ],
        "source_file": "93166736-8f63-41ad-9c29-472bb5a4d29f"
    },
    {
        "input": "If disabling this mode leads to distinct configurations for add, modify, delete events, how does it affect attribute publishing, particularly concerning LDAP/Active Directory operational attributes?",
        "actual_output": null,
        "expected_output": null,
        "context": [
            "Enabling this mode adds a configuration section for each type: add, modify, delete. If this mode is disabled, the connector publishes the same set of attributes regardless of event type.\n\nRequest All Attributes\n\nThe \u201cRequest all Attributes\u201d property is enabled by default. When a connector picks up changed entries, the default behavior is to request and publish all attributes of the entry. For LDAP/Active Directory sources, this does not include operational attributes."
        ],
        "source_file": "6da2f1b6-b213-4901-a2ac-861a76f5dbd2"
    },
    {
        "input": "Which HTTPS port does the load balancer use for client requests to the RadiantOne service, and what are the constraints on external access for the default non-SSL HTTP port?",
        "actual_output": null,
        "expected_output": null,
        "context": [
            "Enter the HTTPS port for the RadiantOne service to accept client requests on. This is also the HTTPS port configured in the load balancer. All client requests go through the load balancer on the HTTPS port (or LDAPS port mentioned in the previous step). The non-SSL HTTP port is not configurable in the template and defaults to 8089. There is no external access allowed to the RadiantOne service on the non-SSL HTTP port."
        ],
        "source_file": "5c947073-2c8b-416b-8ae9-7c5ea10372f6"
    },
    {
        "input": "How do you delete a persistent cache on 'o=companyprofiles' using a custom RadiantOne instance without specifying the default instance?",
        "actual_output": null,
        "expected_output": null,
        "context": [
            "Usage:\n\ndelete-cache -namingcontext <namingcontext> [-instance <instance>]\n\n\n\nCommand Arguments:\n\n-namingcontext <namingcontext>\n\n[required] The name of the naming context.\n\n-instance <instance>\n\nThe name of the RadiantOne instance. If not specified, the default instance named vds_server is used.\n\nREST (ADAP) Example\n\nIn the following example, a request is made to delete a persistent cache on o= companyprofiles."
        ],
        "source_file": "8bf69cee-6f83-478d-8f24-3cd64d83af4a"
    },
    {
        "input": "What cmd syntax should be used for 'delete-cloud-certificate' to remove a cert by name, optionally specifying the RadiantOne instance?",
        "actual_output": null,
        "expected_output": null,
        "context": [
            "Usage:\n\ndelete-cloud-certificate -name <name> [-instance <instance>]\n\nCommand Arguments:\n\n-name <name>\n\n[required] The name of the certificate to delete from the client certificate truststore. This is equivalent to the certificate alias and must be unique across all certificates in the truststore.\n\n-instance <instance>\n\nThe name of the RadiantOne instance. If not specified, the default instance named vds_server is used."
        ],
        "source_file": "6ac1ec0e-eea4-4993-8407-db9a18afe401"
    },
    {
        "input": "Contrast the procedural steps and requirements for mapping DB objects to custom LDAP classes versus predefined LDAP class definitions.",
        "actual_output": null,
        "expected_output": null,
        "context": [
            "Figure 3. 28: Default Object Class for LDAP Object \n\nThe default object class can be changed if needed. Database and LDAP objects can be mapped to an existing object class definition or you can manually enter your own custom one.  \n\nMapping Database Objects to LDAP Object Classes and Attributes\n\nOpen the database schema containing the objects you want to map in the Schema Manager tab. \n\nRight-click on the database object you want to map and choose Object Mapping. \n\n\n\nFigure 3."
        ],
        "source_file": "9f2fb785-8f09-41fd-b695-7937ede69c22"
    },
    {
        "input": "What are the distinctions between defining attributes in Node Properties and viewing them in Runtime Preview?",
        "actual_output": null,
        "expected_output": null,
        "context": [
            "Figure 4. 41: Object Class Associated with Entries that will Populate the Node\n\nOn the Node Properties -> Attributes sub-tab, define the attributes that should comprise the entries by moving them from the list on the left to the list on the right.\n\nClick on \u201cRuntime Preview\u201d to see the instantiated view. The figure below depicts an example. \n\n\n\nFigure 4."
        ],
        "source_file": "b42b4661-9ec5-4127-a95d-b3274e685bda"
    },
    {
        "input": "What are the security implications of restricting Azure VMs' communication to LDAPS (1636) and HTTPS (8090) compared to permitting all ports?",
        "actual_output": null,
        "expected_output": null,
        "context": [
            "Ports Opened\n\nThe following ports are opened during the configuration. \n\n\tThe load balancer listens on the ports LDAPS (1636 by default)\u00a0and HTTPS (8090 by default), the CIDR IP is 0.0.0.0/0. These ports are configurable in the parameters.\n\n\tAzure virtual machines can communicate in between each other on any port."
        ],
        "source_file": "3f9bebab-4b35-474f-9a1c-c02b20775eaa"
    },
    {
        "input": "How do you configure an LDAP server for binding password and port number while disabling SSL?",
        "actual_output": null,
        "expected_output": null,
        "context": [
            "-password <password>\n\nThe password used to bind\n\n-port <port>\n\nThe port number.\n\n-ssl <ssl>\n\ntrue to indicate SSL is used, false otherwise.     \n\nREST (ADAP) Example\n\nIn the following example, a request is made to create an LDAP data source called ldap1."
        ],
        "source_file": "377711e0-d7fe-44e2-826d-acb14a6588ef"
    },
    {
        "input": "How are errors managed and initialization handled with '-ldif' and '-nthreads' args, and what happens if omitted?",
        "actual_output": null,
        "expected_output": null,
        "context": [
            "An error code is returned if the task ends with an error. If this argument is not specified, the command launches the tasks and terminates. \n\n-ldif <ldif>\nThe path to an LDIF file that is used to initialize the cache. If not specified, an LDIF is generated directly from the data source. \n\n-nthreads <nthreads>\n\nDefines the number of threads to use during indexing. It is advised to let the system handle this automatically unless the vpp option is used."
        ],
        "source_file": "ba5d7499-8580-47b7-aac3-53a86c8862ad"
    },
    {
        "input": "How do the interactions between pincode extraction from LDAP Bind Request and the external ID, as governed by the Custom Authentication Provider, influence RadiantOne's authentication security?",
        "actual_output": null,
        "expected_output": null,
        "context": [
            "Figure 2. 4: High-level Authentication Flow\n\n\n\nRadiantOne sends the external ID with the pincode (extracted from the full password received in the LDAP Bind Request, based on the rules defined in the Custom Authentication Provider) to the service defined in the Custom Data Source. This is shown in step 3 in the diagram below."
        ],
        "source_file": "93993ad7-f106-4954-8110-a07bd8387414"
    },
    {
        "input": "What might occur if attribute name remapping in Fig. 4.25 was consistently erroneous?",
        "actual_output": null,
        "expected_output": null,
        "context": [
            "Figure 4.25: Attributes Tab \n\nFor procedures on defining output, see Working with Container Objects and Working with Content Objects. \n\nFor creating filters, see Adding Filters to Condition Virtual Views. \n\nFor combining tables, see Joins (this is only relevant for database backends). \n\nRe-mapping Attribute Names \n\nBy setting a mapping for an attribute name, you are defining the name that appears in the virtual entries for this view."
        ],
        "source_file": "e3961b5c-80aa-436f-97d1-4fc6f14f834b"
    },
    {
        "input": "If unspecified, where does the tool search for the ORX schema file?",
        "actual_output": null,
        "expected_output": null,
        "context": [
            "If this option is not specified, the tool will look for the ORX in the 'org' folder.\n\nREST (ADAP) Example\n\nIn the following example, a request is made to remove objects and attributes defined in a schema file extracted from an LDAP backend from the RadiantOne LDAP schema.\n\nhttps://<rli_server_name>:8090/adap/util?action=vdsconfig&commandname=remove-orx-schema&name=ds_vds__ou_hr_o_examples&ldap"
        ],
        "source_file": "c23dfd77-0349-49fa-8a0a-058cb453742c"
    },
    {
        "input": "Under what conditions are -mergeremotedn and -primaryattr needed when configuring merge tree backends?",
        "actual_output": null,
        "expected_output": null,
        "context": [
            "Required when used on merged backends. \n\n-mergeremotedn <mergeremotedn>\n\nThe remote base DN for the merge tree backend. Note: specify this option if only you intend to use the command on a merge tree backend. Required when used on merged backends.\n\n-primaryattr <primaryattr>\n\nThe name of the attribute from the primary object that is used to establish the join condition.\n\n-scope <scope>\n\nThe scope that is used to retrieve entries from the join data source."
        ],
        "source_file": "6e6eccf6-d409-42a4-9b9f-2cbab422cc80"
    },
    {
        "input": "Compare the functionalities of Directory Namespace tab, Identity Service Wizards, and Context Builder in creating virtual views.",
        "actual_output": null,
        "expected_output": null,
        "context": [
            "Once all data source schemas have been extracted, staged in persistent cache (if needed) and enhanced, you are ready to begin building the views that applications will consume.  RadiantOne offers many tools to create virtual views. They can be built using the Main Control Panel -> Directory Namespace tab or Identity Service Wizards (accessible on the Main Control Panel -> Wizards tab) or the Main Control Panel -> Context Builder tab. For complete details on Context Builder, please see the RadiantOne Context Builder Guide."
        ],
        "source_file": "2805a4cb-d947-4e4f-b916-95f358a57e16"
    },
    {
        "input": "How is a root certificate imported into Trusted Root Certification Authorities using the specified steps?",
        "actual_output": null,
        "expected_output": null,
        "context": [
            "Under\u00a0Certificates (Local Computer), expand\u00a0Trusted Root Certification Authorities.\n\nUnder Trusted Root Certification Authorities, right-click\u00a0Certificates, and choose\u00a0All Tasks  Import.\n\n\nClick Next. \n\nClick the Browse button. \n\nNavigate to the root certificate that you downloaded from the Remote Desktop Gateway and click Open.\n\nClick Next. \n\nVerify that the Place all certificates in the following store option is select, and that the value in the Certificate store is Trusted Root Certification Authorities. \n\nClick Next, and then click Finish."
        ],
        "source_file": "7c1fda6f-e75a-4969-94d3-508d0e09a0f8"
    },
    {
        "input": "How do default and hidden naming contexts handle the creation and management of extension attributes?",
        "actual_output": null,
        "expected_output": null,
        "context": [
            "They are: \n\nDefault \u2013 if this is chosen, RadiantOne stores the extension attributes below the cn=extendedxjoin naming context. This is a hidden naming context and is not seen when clients browse the root naming contexts. Hidden naming contexts are prefixed with the keyword hiddenContexts in the <RLI_HOME>/vds_server/conf/rootdse.ldif file.  \n\nThe entries are created automatically, and the extension attributes are added, updated and deleted based on client requests."
        ],
        "source_file": "40a09a1f-e9df-4bd0-bfb9-edd1044ca952"
    },
    {
        "input": "How do DN to ID property settings impact custom authenticator calls in EXTERNAL_REQUIRED vs. EXTERNAL_IGNORE modes?",
        "actual_output": null,
        "expected_output": null,
        "context": [
            "Figure 2. 3: Example Describing the Usage of the DN to ID Property\n\n\n\nIn the Data Source Name property, enter the name of the custom data source you defined which contains the connection criteria for the custom authentication service. This was defined in steps 2-11 above.\n\nSelect the EXTERNAL_REQUIRED mode. The EXTERNAL_IGNORE mode can be used to disable the call to the custom authenticator, in which case RadiantOne FID processes the bind request using the default behavior."
        ],
        "source_file": "0f37191e-6c7f-4a50-bea8-c207875230f2"
    },
    {
        "input": "What essential arguments for -name, -namingcontext, and -primaryobject are needed for immediate attribute updates?",
        "actual_output": null,
        "expected_output": null,
        "context": [
            "<priority>] [-searchable <searchable>] [-updatable <updatable>]\n\nCommand Arguments:\n\n-name <name> \n\n[required] The original name of the attribute.\n\n-namingcontext <namingcontext>\n\n[required] The full DN of the node or naming context.\n\n-primaryobject <primaryobject>\n\n[required] The name of the primary object.\n\n-source <source>  \n\n[required] The source of an attribute. For computed attributes use 'Computed'."
        ],
        "source_file": "97ceea14-c643-4683-8c6a-58a8e213ad4b"
    },
    {
        "input": "How does the '-r' option function in the removal of detailed analysis files specifically in the report directory?",
        "actual_output": null,
        "expected_output": null,
        "context": [
            "-r   Remove detailed analysis files in the report directory."
        ],
        "source_file": "4bdaf8a2-9d14-4cf9-84fe-ab0010398396"
    },
    {
        "input": "If a massive schema update was conducted, how might merging schema files streamline incorporating new objects?",
        "actual_output": null,
        "expected_output": null,
        "context": [
            "Save the schema file.\n\nMappings configured in schema files do not impact the underlying data source schema.\n\nMerging Schema Files\n\nMerging schema files is helpful if you have extracted and enhanced (declared keys, relationships, mapping\u2026etc.) a very large schema and you need to bring in new objects from that same server. You can extract just these new objects and merge them with the existing schema. This saves time over having to extract and enhance the entire schema again."
        ],
        "source_file": "57edb6a4-4134-4b8b-9c27-2c45cd70a107"
    },
    {
        "input": "Identify and compare the geographic distinctions between Ahmed's San Mateo and Henry's San Jose locations in the LDAP table.",
        "actual_output": null,
        "expected_output": null,
        "context": [
            "A table with \u201cGiven Name\u201d and \u201cl\u201d values for our LDAP looks something like the following:\n\ngivenName\n\nl\n\nAggie\n\nSan Mateo\n\nAgnesse\n\nRedwood Shores\n\nAhmed\n\nSan Mateo\n\nAlice\n\nSan Mateo\n\nAndrew\n\nTacoma\n\nAnne\n\nLondon\n\nHenry\n\nSan Jose\n\nJanet\n\nKirkland\n\nLaura\n\nSeattle\n\nMargaret\n\nRedmond\n\nMichael\n\nLondon\n\nNancy\n\nSeattle\n\nRobert\n\nLondon\n\nSteven\n\nLondon"
        ],
        "source_file": "85c29e32-de60-47bd-b69c-af6695edec0a"
    },
    {
        "input": "What are the consequences of a failed pincode validation on password verification and LDAP authentication?",
        "actual_output": null,
        "expected_output": null,
        "context": [
            "This is shown in step 3 in the diagram below.\n\nAfter the pincode is validated, RadiantOne FID validates the user\u2019s password (extracted from the full password received in the LDAP Bind Request, based on the rules defined in the Custom Authentication Provider). This is shown in step 4 in the diagram below.\n\n\n\nFigure 3. 8: Pincode Validation\n\nIf both password and pincode are valid, the LDAP authentication is successful."
        ],
        "source_file": "f85f1e68-7ab1-43d0-a611-f9e93c810fdf"
    },
    {
        "input": "How do 'list-topologies' and 'set-pipeline-mappings' commands contribute to pipeline identification and attribute mapping?",
        "actual_output": null,
        "expected_output": null,
        "context": [
            "Run the list-topologies command to locate the pipelines identifiers for each topology.\n\nset-pipeline-mappings    \t\n\nSets the attribute mappings for a pipeline.\n\nUsage\n\nset-pipeline-mappings -mappingfile <mappingfile> -pipelineid <pipelineID> \n\nCommand Arguments:\n\n\n-mappingfile <mappingfile>\n\n[required] The full path to a file containing the pipeline mappings in JSON format.\n\n-pipelineid <pipelineID> \n\n[required] The identifier of the pipeline."
        ],
        "source_file": "c207ddc7-7185-4192-9c84-55d703cef233"
    },
    {
        "input": "Which URL should be accessed for deploying a 3-node cluster in an urgent scenario?",
        "actual_output": null,
        "expected_output": null,
        "context": [
            "2-node cluster\n\nhttps://s3.amazonaws.com/radiantlogic-us-west-1/fid-3.0/templates/radiantOneFullDeployment2N.yaml\n\n3-node cluster\n\nhttps://s3.amazonaws.com/radiantlogic-us-west-1/fid-3.0/templates/radiantOneFullDeployment3N.yaml"
        ],
        "source_file": "e72f2007-f946-47f3-b455-00fae7235cdb"
    },
    {
        "input": "Imagine a scenario where directory unique identifiers double as database primary keys. How might this affect virtualization and entry uniqueness?",
        "actual_output": null,
        "expected_output": null,
        "context": [
            "Declaring implicit primary keys is one of the database refining processes you perform using Schema Manager.   \n\nIMPORTANT NOTE \u2013 All objects you want to virtualize must have a primary key defined, and any attribute that you declare as the primary key in the Schema Manager must be unique for all entries in your table. \n\nIn a directory, there is a notion of a \u201cunique identifier\u201d which is an attribute in each entry that uniquely identifies it from the sibling entries."
        ],
        "source_file": "94351891-cd00-480a-afa9-d79f6beb0da5"
    },
    {
        "input": "Analyze the distinctions among command options incorporating LDAP proxies, persistent caches, and virtual trees in naming contexts.",
        "actual_output": null,
        "expected_output": null,
        "context": [
            "-ldapproxy\n\nIndicates that the list of naming contexts should include LDAP proxies.\n\n-pcache\n\nIndicates that the list of naming contexts should include persistent caches.\n\n-root \n\nIndicates that only root naming contexts should be printed out.\n\n-virtualtree \n\nIndicates that the list of naming contexts should include virtual trees."
        ],
        "source_file": "41239f9e-008f-4bc8-928f-9c28ee653176"
    },
    {
        "input": "What does the vsyspartialentry=true attribute signify in LDAP error code 9 during hierarchical searches with secondary backend failure?",
        "actual_output": null,
        "expected_output": null,
        "context": [
            "Each returned entry contains an additional attribute of vsyspartialentry=true. If the client issued a one level or subtree search, they receive LDAP error code 9 along with the partial entry (whatever information RadiantOne was able to retrieve from available sources) and an error message from the secondary backend that was unavailable."
        ],
        "source_file": "d52bd81c-f6a0-4672-82d1-912941b66f0d"
    },
    {
        "input": "How do follower-only nodes, which cannot process write requests, improve throughput and manage client load in core clusters?",
        "actual_output": null,
        "expected_output": null,
        "context": [
            "They are special nodes that can never become a leader. They are a \u201clightweight\u201d node that does not require the additional functions/features of a leader or follower node. These types of nodes are added to a cluster to handle client load and improve throughput and should be installed on the same network/data center as the core cluster nodes.\n\nFollower-only nodes do not process write requests."
        ],
        "source_file": "82fe8473-b89f-4dfa-8aba-bb438706297c"
    },
    {
        "input": "How do inetOrgPerson and user object classes differ in structure, functionality, and roles in the LDAP proxy configuration at o=ldapproxy?",
        "actual_output": null,
        "expected_output": null,
        "context": [
            "inetOrgPerson) on an LDAP proxy view mounted at o=ldapproxy. \n\nhttps://<rli_server_name>:8090/adap/util?action=vdsconfig&commandname=add-ldap-xjoin&namingcontext=o=ldapproxy&primaryobject=inetOrgPerson&active=true&basedn=ou=AllProfiles&datasourcename=vds&joinattr=inetorgperson&joincondition=employeeNumber=@[uid:varchar])(objectclass=user)&scope=sub&joinid=inetorgperson-user"
        ],
        "source_file": "a64e2a2d-a97f-4634-8f96-bb84af8fda4d"
    },
    {
        "input": "How would lacking the summary tab in result.xls affect extracting detailed insights from individual attribute tabs?",
        "actual_output": null,
        "expected_output": null,
        "context": [
            "One is an XLS (Excel) file named result.xls that breaks down the analysis in more details. It contains a summary tab with a list of all column names, summarizing the results of the analysis (like shown below). In addition, there is one tab associated with each attribute selected for analysis containing details relevant for that particular attribute."
        ],
        "source_file": "7205fe37-2e5b-4f32-b0bf-8a76ef10bfb4"
    },
    {
        "input": "How can you assign a value to a new connector property using the set-connector-property command?",
        "actual_output": null,
        "expected_output": null,
        "context": [
            "set-connector-property\n\nSets the value of a specific property for a connector.\n\nUsage\n\nset-connector-property -pipelineid <pipelineID> -propertyid <propertyID> -propertyvalue <property value>\n\nCommand Arguments:\n\n-pipelineid <pipelineID> \n\n[required] The identifier of the pipeline. Run the list-topologies command to locate the pipelines identifiers for each topology.\n\n-propertyid <propertyID> \n\n[required] The connector property name."
        ],
        "source_file": "7374f795-ba8e-40e0-b4ef-a2041c6adf73"
    },
    {
        "input": "Imagine all IP addresses were unintentionally exposed. How would strict adherence to least privilege mitigate security vulnerabilities?",
        "actual_output": null,
        "expected_output": null,
        "context": [
            "The bastion server runs on a t3.small AWS instance. \n\nWhen configuring your security groups, it\u2019s a best practice to apply the principle of least privilege, allowing only connections to the SSL port from IP addresses your administrators will be connecting from and denying all others. The default bastion instance is configured with a security group that is configured to listen only on the SSH port (TCP port 22) and allow connections only from known and trusted IP addresses."
        ],
        "source_file": "e4882422-798a-4a84-871b-dc1d374d01d1"
    },
    {
        "input": "How does using this option for bind order reconfiguration differ between single and merged backends for LDAP proxy views, specifically when employed in a REST (ADAP) context?",
        "actual_output": null,
        "expected_output": null,
        "context": [
            "Note: specify this option if only you intend to use the command on a merge tree backend. Required when used on merged backends.\n\n\n\nREST (ADAP) Example \n\nIn the following example, a request is made to set the bind order for an LDAP proxy view."
        ],
        "source_file": "f5e33e96-0e24-48d9-90e0-f93b2107cd0a"
    },
    {
        "input": "If the Main Control Panel config were drastically altered, how would the join condition listing command differ?",
        "actual_output": null,
        "expected_output": null,
        "context": [
            "An example configuration as seen in the Main Control Panel is shown below.\n\n  \n\nUsing the example above, the following command would list the join condition:\n\nC:\\radiantone\\vds\\bin>vdsconfig.bat list-ldap-xjoin -namingcontext dc=sun -primaryobject inetOrgPerson -joinid inetOrgPerson-user\n\nResulting in something like the following for this join condition."
        ],
        "source_file": "3ba3d9d9-bffa-47a1-938f-441b3be72202"
    },
    {
        "input": "Imagine a scenario where virtualizing LDAP objects took twice as long as setting up an LDAP connection. How would this time difference affect data analysis outcomes?",
        "actual_output": null,
        "expected_output": null,
        "context": [
            "Figure 3. 4: Sample Attribute-Specific Analysis\n\nThe other tabs contain similar formatted details specific to the other analyzed attributes.\n\nIdentity Data Analysis for LDAP Objects\n\nThis section describes how to virtualize LDAP objects, run the data analysis tool and interpret the results.\n\nVirtualizing the LDAP Source\n\nFrom the Main Control Panel -> Settings tab-> Server Backend -> LDAP data sources, create a connection to your LDAP directory backend. Refer to the System Administration Guide if you need help with this step."
        ],
        "source_file": "07a1b705-8072-4caa-9cd1-a94b1bfab5d5"
    },
    {
        "input": "How does the absence of mergeremotedn affect applying primaryfilter in a merge tree backend?",
        "actual_output": null,
        "expected_output": null,
        "context": [
            "Required when used on merged backends. \n\n-mergeremotedn <mergeremotedn>\n\nThe remote base DN for the merge tree backend. Note: specify this option if only you intend to use the command on a merge tree backend. Required when used on merged backends.\n\n-primaryfilter <primaryfilter>\n\nA LDAP filter to apply to the primary object, before a join is performed. Note: you can specify the value 'EMPTY' to clear this filter."
        ],
        "source_file": "18a94674-fbf3-46a2-bece-ba0a0e4b1f58"
    },
    {
        "input": "How do mapping data sources into a common metadata representation and linking directory views differ in forming a federated namespace, particularly in terms of data flow facilitation?",
        "actual_output": null,
        "expected_output": null,
        "context": [
            "How directory views (a tree) are created out of existing data sources.\n\nHow different directory views coming from the same or different data sources can be linked together to form a federated namespace.\n\nCommon representation and first level of mapping existing data sources.\n\nHow each data source is mapped into a common metadata representation.\n\nThe layer provides data handling services and facilitates the flow of data between the application and the data sources."
        ],
        "source_file": "d58ddabb-5775-4106-bea0-5f1131223f65"
    },
    {
        "input": "Imagine doubling the storage account size while using Premium storage. How might this affect RadiantOne service throughput?",
        "actual_output": null,
        "expected_output": null,
        "context": [
            "For this reason, it is strongly recommended that you modify this value.\n\n\n\n\nClick the OK button. The Storage Settings page displays. \n\nSelect the Premium storage account type (required for better performance of the RadiantOne service). \n\nSelect a storage account size. The throughput of the disk is dependent upon the size: https://docs.microsoft.com/en-us/azure/virtual-machines/windows/premium-storage#scalability-and-performance-targets \n\nClick the OK button."
        ],
        "source_file": "efa646db-f20a-4600-a358-4b300150136e"
    },
    {
        "input": "How do you execute 'delete-context' using both mandatory '-namingcontext' and potentially default '-instance' parameters?",
        "actual_output": null,
        "expected_output": null,
        "context": [
            "Usage: \n\ndelete-context -namingcontext <namingcontext> [-instance <instance>]\n\nCommand Arguments:\n\n-namingcontext <namingcontext>\n\n[required] The name of the naming context.\n\n-instance <instance>\n\nThe name of the RadiantOne instance. If not specified, the default instance named vds_server is used."
        ],
        "source_file": "b0d90dbd-31dc-43ac-9389-0c74717d3d4e"
    },
    {
        "input": "How does aciUtils.bat access a local OpenDJ server and map 'myCompany' to 'RadiantLogic'?",
        "actual_output": null,
        "expected_output": null,
        "context": [
            "aciUtils.bat expod ldap://localhost:389 \"cn=directory manager\" password null n null null C://genldif\n\nExample 2\n\nIn the following example, a local OpenDJ server is accessed, the \u201cSpecific base DN\u201d is ou= myCompany,dc=example,dc=com, the utility retrieves the global ACI with \u201cGlobal ACI CN\u201d equal to \u201cglobal\u201d. A mapping is used where all instances of \u201cmyCompany\u201d are replaced by \u201cRadiantLogic\u201d."
        ],
        "source_file": "0a8ef8f0-c0d6-492a-99cb-7b9688eaf2f6"
    },
    {
        "OpenAI_Average_Rank_Vector": 1.4266666666666667,
        "OpenAI_Reciprocal_Rank_Vector": 0.8488888888888889,
        "OpenAI_Time_Elapsed_Vector": 50.229207277297974,
        "OpenAI_MAP@5_Vector": 0.9866666666666667,
        "OpenAI_MAP@10_Vector": 1.0,
        "OpenAI_MAP@20_Vector": 1.0,
        "OpenAI_NDCG@5_Vector": 0.8824887004782059,
        "OpenAI_NDCG@10_Vector": 0.8872381296396461,
        "OpenAI_NDCG@20_Vector": 0.8872381296396461
    },
    {
        "OpenAI_Average_Rank_FTS": 1.8873239436619718,
        "OpenAI_Reciprocal_Rank_FTS": 0.815536458846318,
        "OpenAI_Time_Elapsed_FTS": 73.927170753479,
        "OpenAI_MAP@5_FTS": 0.9436619718309859,
        "OpenAI_MAP@10_FTS": 0.9577464788732394,
        "OpenAI_MAP@20_FTS": 1.0,
        "OpenAI_NDCG@5_FTS": 0.8448130825968713,
        "OpenAI_NDCG@10_FTS": 0.8492562498755435,
        "OpenAI_NDCG@20_FTS": 0.8605836022097058
    },
    {
        "OpenAI_Average_Rank_Hybrid": 1.5066666666666666,
        "OpenAI_Reciprocal_Rank_Hybrid": 0.9107478632478634,
        "OpenAI_Time_Elapsed_Hybrid": 94.20592403411865,
        "OpenAI_MAP@5_Hybrid": 0.9733333333333334,
        "OpenAI_MAP@10_Hybrid": 0.9733333333333334,
        "OpenAI_MAP@20_Hybrid": 1.0,
        "OpenAI_NDCG@5_Hybrid": 0.9255534436666693,
        "OpenAI_NDCG@10_Hybrid": 0.9255534436666693,
        "OpenAI_NDCG@20_Hybrid": 0.9323174446954082
    },
    {
        "OpenAI_Average_Rank_CrossEncoder": 1.4133333333333333,
        "OpenAI_Reciprocal_Rank_CrossEncoder": 0.862111111111111,
        "OpenAI_Time_Elapsed_CrossEncoder": 120.60457158088684,
        "OpenAI_MAP@5_CrossEncoder": 0.9866666666666667,
        "OpenAI_MAP@10_CrossEncoder": 1.0,
        "OpenAI_MAP@20_CrossEncoder": 1.0,
        "OpenAI_NDCG@5_CrossEncoder": 0.8927734646678936,
        "OpenAI_NDCG@10_CrossEncoder": 0.8969796630250368,
        "OpenAI_NDCG@20_CrossEncoder": 0.8969796630250368
    },
    {
        "OpenAI_Average_Rank_BothRerankers": 1.36,
        "OpenAI_Reciprocal_Rank_BothRerankers": 0.8794444444444446,
        "OpenAI_Time_Elapsed_BothRerankers": 201.74226450920105,
        "OpenAI_MAP@5_BothRerankers": 0.9866666666666667,
        "OpenAI_MAP@10_BothRerankers": 1.0,
        "OpenAI_MAP@20_BothRerankers": 1.0,
        "OpenAI_NDCG@5_BothRerankers": 0.9057668021200571,
        "OpenAI_NDCG@10_BothRerankers": 0.9099730004772001,
        "OpenAI_NDCG@20_BothRerankers": 0.9099730004772001
    },
    {
        "BGE_Average_Rank_Vector": 2.533333333333333,
        "BGE_Reciprocal_Rank_Vector": 0.8287951043665331,
        "BGE_Time_Elapsed_Vector": 18.067845344543457,
        "BGE_MAP@5_Vector": 0.92,
        "BGE_MAP@10_Vector": 0.96,
        "BGE_MAP@20_Vector": 0.9866666666666667,
        "BGE_NDCG@5_Vector": 0.8466119619660141,
        "BGE_NDCG@10_Vector": 0.8592763380431213,
        "BGE_NDCG@20_Vector": 0.8661116651769504
    },
    {
        "BGE_Average_Rank_FTS": 1.8873239436619718,
        "BGE_Reciprocal_Rank_FTS": 0.815536458846318,
        "BGE_Time_Elapsed_FTS": 44.04805588722229,
        "BGE_MAP@5_FTS": 0.9436619718309859,
        "BGE_MAP@10_FTS": 0.9577464788732394,
        "BGE_MAP@20_FTS": 1.0,
        "BGE_NDCG@5_FTS": 0.8448130825968713,
        "BGE_NDCG@10_FTS": 0.8492562498755435,
        "BGE_NDCG@20_FTS": 0.8605836022097058
    },
    {
        "BGE_Average_Rank_Hybrid": 1.9066666666666667,
        "BGE_Reciprocal_Rank_Hybrid": 0.8705570916538659,
        "BGE_Time_Elapsed_Hybrid": 50.46329855918884,
        "BGE_MAP@5_Hybrid": 0.9466666666666667,
        "BGE_MAP@10_Hybrid": 0.9733333333333334,
        "BGE_MAP@20_Hybrid": 0.9866666666666667,
        "BGE_NDCG@5_Hybrid": 0.8857905444774159,
        "BGE_NDCG@10_Hybrid": 0.8949844180833006,
        "BGE_NDCG@20_Hybrid": 0.8985875934756649
    },
    {
        "BGE_Average_Rank_CrossEncoder": 1.4666666666666666,
        "BGE_Reciprocal_Rank_CrossEncoder": 0.854,
        "BGE_Time_Elapsed_CrossEncoder": 70.32316303253174,
        "BGE_MAP@5_CrossEncoder": 0.9866666666666667,
        "BGE_MAP@10_CrossEncoder": 1.0,
        "BGE_MAP@20_CrossEncoder": 1.0,
        "BGE_NDCG@5_CrossEncoder": 0.886928215489825,
        "BGE_NDCG@10_CrossEncoder": 0.8907824131740637,
        "BGE_NDCG@20_CrossEncoder": 0.8907824131740637
    },
    {
        "BGE_Average_Rank_BothRerankers": 1.4,
        "BGE_Reciprocal_Rank_BothRerankers": 0.8784444444444446,
        "BGE_Time_Elapsed_BothRerankers": 131.13198924064636,
        "BGE_MAP@5_BothRerankers": 0.9866666666666667,
        "BGE_MAP@10_BothRerankers": 1.0,
        "BGE_MAP@20_BothRerankers": 1.0,
        "BGE_NDCG@5_BothRerankers": 0.9051824854422057,
        "BGE_NDCG@10_BothRerankers": 0.9090366831264441,
        "BGE_NDCG@20_BothRerankers": 0.9090366831264441
    }
]