[
    {
        "input": "Compare the RC F\u2019s performance limits with its daily comfort, emphasizing their impact on driving experience.",
        "actual_output": null,
        "expected_output": "The RC F offers a balanced driving experience by combining approachable performance limits with daily comfort. Its lower performance envelope allows for an engaging drive without needing extreme conditions, while its comfort, build quality, and reliability make it enjoyable and hassle-free for everyday use.",
        "context": [
            "The RC F\u2019s performance envelope was smaller but you could see that as a positive: lower limits are more easily approached and they\u2019re still big enough on an RC F to deliver an engaging drive.\u00a0\n\nOn top of that the F was comfy, beautifully made, sounded great and very rarely gave you any trouble, all attributes you could appreciate on a 24/7 basis and not just when you were caning it around a track."
        ],
        "source_file": "38bca960-8b09-40dc-9e52-8bb5b8ca6b75"
    },
    {
        "input": "How do the RC F\u2019s comfort, craftsmanship, and reliability contribute to an engaging, trouble-free long road trip experience?",
        "actual_output": null,
        "expected_output": "The RC F\u2019s comfort, craftsmanship, and reliability contribute to an engaging, trouble-free long road trip experience by ensuring a smooth and enjoyable drive. Its comfortable interior and beautiful build quality make long hours on the road pleasant, while its reliability means you can drive with confidence, knowing it's unlikely to give you any trouble.",
        "context": [
            "The RC F\u2019s performance envelope was smaller but you could see that as a positive: lower limits are more easily approached and they\u2019re still big enough on an RC F to deliver an engaging drive.\u00a0\n\nOn top of that the F was comfy, beautifully made, sounded great and very rarely gave you any trouble, all attributes you could appreciate on a 24/7 basis and not just when you were caning it around a track."
        ],
        "source_file": "38bca960-8b09-40dc-9e52-8bb5b8ca6b75"
    },
    {
        "input": "How do RC F's weight and adaptive suspension affect the high cost of TVD replacement?",
        "actual_output": null,
        "expected_output": "The RC F's weight and adaptive suspension contribute to the high cost of TVD replacement because the car's weight dictates the choice of spring rates, which can impact the overall wear and tear on components like the TVD. Additionally, adaptive suspension systems tend to be more complex and expensive to replace or repair.",
        "context": [
            "If for whatever reason you needed to replace the TVD that would be big money, figures of \u00a320,000 being mentioned, so unless you were going to be tracking the car all the time you were often better off without it.\u00a0\n\nPost-refresh cars with the adaptive suspension rode better over big road changes. The low-speed ride could feel lumpy in any RC F, however, the car\u2019s weight very much conditioning the choice of spring rates."
        ],
        "source_file": "b6f5bc20-53e7-45c9-912e-ec0694faaa1b"
    },
    {
        "input": "Compare the ride quality and suspension performance of post-refresh RC F cars with and without adaptive suspension.",
        "actual_output": null,
        "expected_output": "Post-refresh RC F cars with adaptive suspension offer better ride quality over significant road changes. However, at low speeds, all RC F models can feel lumpy due to the car's weight affecting spring rate choices.",
        "context": [
            "If for whatever reason you needed to replace the TVD that would be big money, figures of \u00a320,000 being mentioned, so unless you were going to be tracking the car all the time you were often better off without it.\u00a0\n\nPost-refresh cars with the adaptive suspension rode better over big road changes. The low-speed ride could feel lumpy in any RC F, however, the car\u2019s weight very much conditioning the choice of spring rates."
        ],
        "source_file": "b6f5bc20-53e7-45c9-912e-ec0694faaa1b"
    },
    {
        "input": "How do Sport S+ and Sport S modes in VDIM system impact gear shifts and engine speeds?",
        "actual_output": null,
        "expected_output": "Sport S mode uses G-sensor information to pick the best gear for fast driving, automatically downshifting during hard braking, and holding a low gear for good corner exits. Sport S+ mode speeds up downshifts and keeps the engine running at higher speeds.",
        "context": [
            "In Sport S+ the Sport mode of the car\u2019s VDIM (Vehicle Dynamics Integrated Management) system was activated. One level below Sport S+ was Sport S which used G-sensor information to pick the best gear for fast driving, automatically downshifting during hard braking and holding a low gear for good corner exits. Sport S+ sped up downshifts and kept the engine running at higher speeds."
        ],
        "source_file": "2c9bed03-78a7-448f-9637-ef0f181befd9"
    },
    {
        "input": "If Sport S+ mode were engaged during a high-speed track event, how would VDIM, rapid downshifts, and sustained high engine speeds optimize performance?",
        "actual_output": null,
        "expected_output": "Engaging Sport S+ mode during a high-speed track event would optimize performance by leveraging the VDIM system to enhance vehicle stability and control. Rapid downshifts would ensure the car remains in the optimal gear for maximum power, while sustained high engine speeds would provide immediate throttle response and maximize acceleration out of corners.",
        "context": [
            "In Sport S+ the Sport mode of the car\u2019s VDIM (Vehicle Dynamics Integrated Management) system was activated. One level below Sport S+ was Sport S which used G-sensor information to pick the best gear for fast driving, automatically downshifting during hard braking and holding a low gear for good corner exits. Sport S+ sped up downshifts and kept the engine running at higher speeds."
        ],
        "source_file": "2c9bed03-78a7-448f-9637-ef0f181befd9"
    },
    {
        "input": "How does the lack of cabin noise in the RC F compare to the usability of its trackpad-based infotainment system?",
        "actual_output": null,
        "expected_output": "The RC F cabin is notably quiet with minimal creaks or rattles, though you might hear a seat squeak during adjustment. In contrast, the trackpad-based infotainment system may not be as user-friendly, reflecting Lexus's decision to include a trackpad, which may not be ideal for in-car use.",
        "context": [
            "Creaks or rattles were generally, not to say literally, unheard of in an RC F cabin, but you might hear the occasional squeak from the seat back during adjustment.\n\nRemember trackpads? You might even still use one on your \u2018puter at home but whether you would want one in a car is another question. Lexus thought you did so that\u2019s part of what you have to use in the RC F to access your infotainment."
        ],
        "source_file": "e9d54bf0-ee84-42b2-8331-8640e3c0243e"
    },
    {
        "input": "Evaluate the practicality and user experience differences between trackpad-based and traditional control-based vehicle infotainment systems.",
        "actual_output": null,
        "expected_output": "Trackpad-based infotainment systems, like the one in the Lexus RC F, can be less intuitive and more distracting to use compared to traditional control-based systems. Traditional systems, often featuring physical buttons or knobs, generally allow for quicker, more tactile adjustments without requiring the driver to take their eyes off the road. This makes traditional controls more practical and user-friendly in a driving context.",
        "context": [
            "Creaks or rattles were generally, not to say literally, unheard of in an RC F cabin, but you might hear the occasional squeak from the seat back during adjustment.\n\nRemember trackpads? You might even still use one on your \u2018puter at home but whether you would want one in a car is another question. Lexus thought you did so that\u2019s part of what you have to use in the RC F to access your infotainment."
        ],
        "source_file": "e9d54bf0-ee84-42b2-8331-8640e3c0243e"
    },
    {
        "input": "How does the RC F's 300kg heavier build, quality, and V8 engine compare to BMW's new-gen M4?",
        "actual_output": null,
        "expected_output": "The RC F's 300kg heavier build compared to the BMW M4 may make it feel old-generation, but it stands out for its easygoing nature, superb finish and build quality, and the distinct appeal of its V8 engine. For those concerned with the weight difference, the Track Edition or Performance Package version introduced in 2019 offers a more competitive option.",
        "context": [
            "Relative to the new generation of heavily turbocharged M cars from BMW \u2013\u00a0the M4 was 300kg lighter than the Lexus \u2013 the F felt decidedly old-generation, but that didn\u2019t really matter to many of those who wanted an RC F for other reasons, i.e.\u00a0its easygoing nature, superb finish and build quality and purposeful V8 shout.\u00a0\n\nIf it did matter, then the Track Edition (or Performance Package) version launched at the 2019 Detroit show was the one for you."
        ],
        "source_file": "8fde8e14-70e1-4577-99b5-0707f8fca57d"
    },
    {
        "input": "How did the RC F's Track Edition counteract its weight and outdated feel in 2019?",
        "actual_output": null,
        "expected_output": "The RC F's Track Edition, launched at the 2019 Detroit show, counteracted its weight and outdated feel by offering a more performance-focused package, addressing concerns for those who felt the standard RC F was too heavy and old-generation.",
        "context": [
            "Relative to the new generation of heavily turbocharged M cars from BMW \u2013\u00a0the M4 was 300kg lighter than the Lexus \u2013 the F felt decidedly old-generation, but that didn\u2019t really matter to many of those who wanted an RC F for other reasons, i.e.\u00a0its easygoing nature, superb finish and build quality and purposeful V8 shout.\u00a0\n\nIf it did matter, then the Track Edition (or Performance Package) version launched at the 2019 Detroit show was the one for you."
        ],
        "source_file": "8fde8e14-70e1-4577-99b5-0707f8fca57d"
    },
    {
        "input": "Can the RC F's rear wing be manually toggled while parked?",
        "actual_output": null,
        "expected_output": "Yes, the RC F's rear wing can be manually toggled up and down while parked.",
        "context": [
            "BODYWORK\n\nThere was plenty going on with the RC F\u2019s body, with loads of interesting details and features like aero-stabilising fins in the door frames and rear light assemblies, cooling fans behind the three-LED headlight units and vents in nifty places. The rear wing automatically deployed at 50mph and went down at 25mph but you could manually toggle it up and down in Sainsburys car park if you wanted to."
        ],
        "source_file": "3b672350-ccce-4b86-a451-1e648b73caf6"
    },
    {
        "input": "How do the RC F\u2019s aero-stabilising fins, cooling fans behind the LED headlights, and automatic rear wing function?",
        "actual_output": null,
        "expected_output": "The RC F\u2019s aero-stabilising fins in the door frames and rear light assemblies help improve aerodynamic stability. The cooling fans behind the three-LED headlight units assist in managing heat. The rear wing automatically deploys at 50mph to enhance downforce and retracts at 25mph, but it can also be manually controlled.",
        "context": [
            "BODYWORK\n\nThere was plenty going on with the RC F\u2019s body, with loads of interesting details and features like aero-stabilising fins in the door frames and rear light assemblies, cooling fans behind the three-LED headlight units and vents in nifty places. The rear wing automatically deployed at 50mph and went down at 25mph but you could manually toggle it up and down in Sainsburys car park if you wanted to."
        ],
        "source_file": "3b672350-ccce-4b86-a451-1e648b73caf6"
    },
    {
        "input": "Why was the RC F scarce in the UK despite road suitability and Euro thoroughbred associations?",
        "actual_output": null,
        "expected_output": "The RC F was scarce in the UK due to a negative review by a well-known car journalist, which hindered early sales, despite its road suitability and Euro thoroughbred associations.",
        "context": [
            "If, like the vast majority of owners, you were planning on using it on roads rather than tracks it made a lot of sense. A different maker\u2019s badge, one more clearly associated with Euro thoroughbreds, would surely have made the RC F a much more common sight on UK roads. Well, that and a slightly less negative review by a certain globally-known car journo which effectively put the brakes on early sales here."
        ],
        "source_file": "9cbc6dbd-3647-46e9-831a-018e97f4429b"
    },
    {
        "input": "If a globally-known car journo had praised the RC F, how might its UK market presence differ?",
        "actual_output": null,
        "expected_output": "If a globally-known car journo had praised the RC F, it would likely have a more significant presence on UK roads, potentially making it a much more common sight.",
        "context": [
            "If, like the vast majority of owners, you were planning on using it on roads rather than tracks it made a lot of sense. A different maker\u2019s badge, one more clearly associated with Euro thoroughbreds, would surely have made the RC F a much more common sight on UK roads. Well, that and a slightly less negative review by a certain globally-known car journo which effectively put the brakes on early sales here."
        ],
        "source_file": "9cbc6dbd-3647-46e9-831a-018e97f4429b"
    },
    {
        "input": "Would increasing the sunroof size worsen or improve the discomfort of taller individuals given the high seat bases and dashtop?",
        "actual_output": null,
        "expected_output": "Increasing the sunroof size would likely worsen the discomfort of taller individuals, as it would not address the high seat bases and dashtop that already cause a hunched, bent-neck posture.",
        "context": [
            "Taller folk found the seat bases to be too high, especially with the sunroof fitted, promoting a hunched, bent-neck posture. The dashtop also seemed quite high. Humans don\u2019t really fit in the rear seats. You could get a child seat in there but belting the little \u2018un in wasn\u2019t that easy. The boot was usefully capacious but we\u2019re not suggesting that as an alternative."
        ],
        "source_file": "30cf5c38-dea7-43ff-8578-f34c583d98f7"
    },
    {
        "input": "Analyze how the high seat bases and sunroof influence rear seat usability and seating posture, particularly for taller individuals.",
        "actual_output": null,
        "expected_output": "The high seat bases and sunroof negatively influence rear seat usability and seating posture for taller individuals by promoting a hunched, bent-neck posture. This makes it uncomfortable for taller passengers. Additionally, the overall design makes the rear seats unsuitable for adult humans, though a child seat can be fitted with some difficulty.",
        "context": [
            "Taller folk found the seat bases to be too high, especially with the sunroof fitted, promoting a hunched, bent-neck posture. The dashtop also seemed quite high. Humans don\u2019t really fit in the rear seats. You could get a child seat in there but belting the little \u2018un in wasn\u2019t that easy. The boot was usefully capacious but we\u2019re not suggesting that as an alternative."
        ],
        "source_file": "30cf5c38-dea7-43ff-8578-f34c583d98f7"
    },
    {
        "input": "How do Sport S+ downshifts, engine RPMs, and gear retention compare to non-dual-clutch systems in manual mode?",
        "actual_output": null,
        "expected_output": "Sport S+ speeds up downshifts and maintains higher engine RPMs, making it more responsive than typical non-dual-clutch systems. The throttle blip between paddle downshifts and the ability to hold a gear also compares favorably, but optimal performance is achieved in manual mode.",
        "context": [
            "Sport S+ sped up downshifts and kept the engine running at higher speeds.\n\nThe box shifted well for a non-dual-clutcher, with a throttle blip between paddle downshifts and the ability to hold onto a gear. In the right circumstances, the box would drop fairly instantaneously from 7th to 2nd, but really you were better off using it in manual mode."
        ],
        "source_file": "ab56acbf-710a-4cff-9ae8-ec2e017e4643"
    },
    {
        "input": "How do throttle blips, gear retention, and manual mode usage in non-dual-clutch transmissions impact driving performance?",
        "actual_output": null,
        "expected_output": "Throttle blips in non-dual-clutch transmissions smooth out downshifts by matching engine speed, improving shift quality. Gear retention helps maintain optimal power delivery, especially during spirited driving. Using manual mode allows for more precise control over gear selection, enhancing driving performance by enabling quicker and more responsive gear changes.",
        "context": [
            "Sport S+ sped up downshifts and kept the engine running at higher speeds.\n\nThe box shifted well for a non-dual-clutcher, with a throttle blip between paddle downshifts and the ability to hold onto a gear. In the right circumstances, the box would drop fairly instantaneously from 7th to 2nd, but really you were better off using it in manual mode."
        ],
        "source_file": "ab56acbf-710a-4cff-9ae8-ec2e017e4643"
    },
    {
        "input": "How do the suspension systems and materials used in the RC F compare to those of other sports cars in terms of performance on difficult roads?",
        "actual_output": null,
        "expected_output": "The RC F utilizes a double wishbone front and multi-link rear suspension system with front arms made of forged aluminum. While it isn't the most agile car due to its size and weight, extensive development at Fuji and the N\u00fcrburgring has made its performance on difficult roads respectable. This combination helps keep it tidy enough, although it may not match the agility of lighter sports cars with more advanced suspension setups.",
        "context": [
            "High teens or low 20s were the norm.\n\nCHASSIS\n\nDouble wishbone front and a multi-link rear was the RC F\u2019s tried and tested suspension mix, with the front arms made of forged aluminium. Even so, the RC F wasn\u2019t a small or light car. You could never describe it as agile, but hard development yards put in by Lexus at Fuji and the N\u00fcrburgring went a long way towards keeping it tidy enough even on difficult roads."
        ],
        "source_file": "a0a527db-3510-4e4d-a2e4-acc01eda9715"
    },
    {
        "input": "Evaluate the RC F's suspension and handling relative to other sports cars, taking into account size, weight, and agility constraints.",
        "actual_output": null,
        "expected_output": "The RC F's suspension system, featuring a double wishbone front and multi-link rear with forged aluminum front arms, is robust and well-engineered. However, due to its larger size and weight, the RC F isn't particularly agile compared to other sports cars. Despite extensive development at Fuji and the N\u00fcrburgring, which improved its handling on challenging roads, it still lacks the nimbleness characteristic of lighter and smaller sports cars.",
        "context": [
            "High teens or low 20s were the norm.\n\nCHASSIS\n\nDouble wishbone front and a multi-link rear was the RC F\u2019s tried and tested suspension mix, with the front arms made of forged aluminium. Even so, the RC F wasn\u2019t a small or light car. You could never describe it as agile, but hard development yards put in by Lexus at Fuji and the N\u00fcrburgring went a long way towards keeping it tidy enough even on difficult roads."
        ],
        "source_file": "a0a527db-3510-4e4d-a2e4-acc01eda9715"
    },
    {
        "input": "What impact would a fifth VDIM mode have on Lexus's electronic steering and torque-vectoring differential?",
        "actual_output": null,
        "expected_output": "Introducing a fifth VDIM mode to Lexus's system could potentially enhance the adaptability and performance of the vehicle in various driving conditions. However, given that there is already limited connection through the electronic steering, the impact on steering feel might be minimal. The effectiveness of the three-mode torque-vectoring differential, which is standard on the Track Edition, would likely depend on how the new mode is programmed to interact with it. Overall, the addition could provide more tailored driving experiences but may not significantly alter the existing characteristics of the steering or differential systems.",
        "context": [
            "New Sport and Expert modes were added to Lexus\u2019s VDIM system to give it four modes in all, Expert only butting in if it sensed the car was about to do a pirouette. There wasn\u2019t much connection through the electronic steering, and you\u2019d definitely prefer the Track Edition for circuits, but the regular car was fine for ambling (if not so much gambling) on public roads.\u00a0\n\nThe switchable three-mode torque-vectoring differential that was standard on the Track Edition was available as a \u00a34,"
        ],
        "source_file": "e61b913c-d621-4847-a177-5da95651b839"
    },
    {
        "input": "Compare the impact of Lexus\u2019s VDIM modes and torque-vectoring differential on regular vs. Track Edition performance.",
        "actual_output": null,
        "expected_output": "Lexus\u2019s VDIM system with its new Sport and Expert modes enhances handling by offering tailored intervention levels. In regular models, these modes improve stability for everyday driving, though the electronic steering lacks connection. The Track Edition, with the standard three-mode torque-vectoring differential, excels on circuits, providing superior agility and control compared to the regular model. The differential, available as an option on the regular car, significantly boosts performance but the Track Edition remains the preferred choice for track use.",
        "context": [
            "New Sport and Expert modes were added to Lexus\u2019s VDIM system to give it four modes in all, Expert only butting in if it sensed the car was about to do a pirouette. There wasn\u2019t much connection through the electronic steering, and you\u2019d definitely prefer the Track Edition for circuits, but the regular car was fine for ambling (if not so much gambling) on public roads.\u00a0\n\nThe switchable three-mode torque-vectoring differential that was standard on the Track Edition was available as a \u00a34,"
        ],
        "source_file": "e61b913c-d621-4847-a177-5da95651b839"
    },
    {
        "input": "Compare the driving dynamics of TVD's multiplate-clutch system with the Torsen mechanical limited-slip differential.",
        "actual_output": null,
        "expected_output": "The TVD's multiplate-clutch system offers a sensation of \u2018centredness\u2019 on initial turn-in and provides a natural experience in Track setting by engaging and locking the diff with any throttle input, allowing for controlled drifts. However, some users find it less predictable than the Torsen mechanical limited-slip differential.",
        "context": [
            "000 option to the Torsen mechanical limited-slip diff on the standard RC F. TVD gave a useful sensation of \u2018centredness\u2019 on initial turn-in and it provided the most natural experience in Track setting, engaging and locking the diff on any kind of throttle input and allowing you to control a drift on the right-hand pedal, but some of those who tried it found the multiplate-clutch TVD to be less predictable than the mech diff."
        ],
        "source_file": "f86828fd-5f5b-49a5-9332-bfabdba92db8"
    },
    {
        "input": "Compare the turn-in sensation and throttle response of TVD with the predictability of the mechanical diff.",
        "actual_output": null,
        "expected_output": "The TVD provides a useful sensation of 'centredness' on initial turn-in and offers a natural experience in Track setting, engaging and locking the diff on throttle input, which allows for controlled drifts. However, some users find the TVD's multiplate-clutch system to be less predictable compared to the mechanical limited-slip diff.",
        "context": [
            "000 option to the Torsen mechanical limited-slip diff on the standard RC F. TVD gave a useful sensation of \u2018centredness\u2019 on initial turn-in and it provided the most natural experience in Track setting, engaging and locking the diff on any kind of throttle input and allowing you to control a drift on the right-hand pedal, but some of those who tried it found the multiplate-clutch TVD to be less predictable than the mech diff."
        ],
        "source_file": "f86828fd-5f5b-49a5-9332-bfabdba92db8"
    },
    {
        "input": "What performance changes might result from upgrading the IS F engine with RC F's pistons, conrods, and enhanced head porting?",
        "actual_output": null,
        "expected_output": "Upgrading the IS F engine with the RC F's pistons, conrods, and enhanced head porting would likely result in improved performance through increased power output, better fuel efficiency, and enhanced throttle response.",
        "context": [
            "ENGINE & GEARBOX\n\nThe RC F version of the 5.0 V8 engine was significantly different to the IS F\u2019s. The pistons, conrods and crankshaft were all new, as were the wider throttled fuel injection system, dual length intakes and improved head porting."
        ],
        "source_file": "c28a60d2-86e4-44dd-b843-1a71ac7e955d"
    },
    {
        "input": "What are the specific modifications in pistons, conrods, crankshaft, and fuel injection between the RC F and IS F 5.0 V8 engines?",
        "actual_output": null,
        "expected_output": "The RC F 5.0 V8 engine features new pistons, conrods, and crankshaft compared to the IS F's version. Additionally, it has a wider throttled fuel injection system.",
        "context": [
            "ENGINE & GEARBOX\n\nThe RC F version of the 5.0 V8 engine was significantly different to the IS F\u2019s. The pistons, conrods and crankshaft were all new, as were the wider throttled fuel injection system, dual length intakes and improved head porting."
        ],
        "source_file": "c28a60d2-86e4-44dd-b843-1a71ac7e955d"
    },
    {
        "input": "Imagine Seibon's carbon bonnets were the only option. How might they compare to factory-installed versions in performance and durability?",
        "actual_output": null,
        "expected_output": "Seibon's carbon bonnets are likely comparable to factory-installed versions in terms of performance and durability, as they are well-regarded aftermarket alternatives. However, specific differences would depend on the quality of materials and craftsmanship.",
        "context": [
            "If a car you\u2019re thinking of buying doesn\u2019t have the carbon bonnet and you\u2019re sad about that, fret not, aftermarket alternatives are available from the likes of Seibon. Some RC Fs had poorly-applied rear wheelarch sealer which could lead to water ingress and eventual rust, especially in high salt-use regions (step forward UK)\n\nINTERIOR\u00a0\n\nThe RC F driving position didn\u2019t suit everybody."
        ],
        "source_file": "d5ad4e22-650a-46f5-8400-3d590202bcb4"
    },
    {
        "input": "Evaluate Seibon\u2019s aftermarket carbon bonnets for the RC F against the original, and analyze potential rust issues from improperly applied rear wheelarch sealer in high salt-use regions.",
        "actual_output": null,
        "expected_output": "Seibon\u2019s aftermarket carbon bonnets for the RC F are a good alternative if the original carbon bonnet is not available. They offer similar aesthetic and performance benefits, enhancing the car's appearance and potentially reducing weight. However, buyers should be aware of potential rust issues stemming from poorly-applied rear wheelarch sealer in some RC F models. This is particularly problematic in high salt-use regions like the UK, where water ingress can lead to rust. Therefore, it's advisable to inspect and address any sealer issues to prevent long-term damage.",
        "context": [
            "If a car you\u2019re thinking of buying doesn\u2019t have the carbon bonnet and you\u2019re sad about that, fret not, aftermarket alternatives are available from the likes of Seibon. Some RC Fs had poorly-applied rear wheelarch sealer which could lead to water ingress and eventual rust, especially in high salt-use regions (step forward UK)\n\nINTERIOR\u00a0\n\nThe RC F driving position didn\u2019t suit everybody."
        ],
        "source_file": "d5ad4e22-650a-46f5-8400-3d590202bcb4"
    },
    {
        "input": "Analyze the impact of the 2018 RC F's WLTP regs, adaptive suspension, and lighting modifications on its overall performance metrics.",
        "actual_output": null,
        "expected_output": "The 2018 RC F\u2019s WLTP regulations slightly reduced its power to 458hp, which may have marginally affected its overall performance. However, the introduction of adaptive suspension as standard likely improved handling and ride quality. The new one-piece headlights and all-LED rear lights enhanced the car\u2019s aesthetics. Despite these updates, the car's heavy weight of over 1.8 tonnes remained a significant challenge, potentially impacting its agility and performance.",
        "context": [
            "A phase two RC F was shown at the Paris show in 2018 for sales in 2019. New one-piece headlights and all-LED rear lights sharpened up the look although WLTP regs made these cars marginally less powerful at 458hp. Adaptive suspension became standard and a Plus Pack was offered incorporating the Levinson stereo.\n\nThe F\u2019s biggest problem was its high 1.8-tonne-plus weight combined with \u2018toppy\u2019 power and torque."
        ],
        "source_file": "2c4dc95d-3578-4146-8260-59f9118709b5"
    },
    {
        "input": "How did the RC F's 1.8-tonne-plus weight, WLTP regs, new adaptive suspension, and Plus Pack affect its overall performance?",
        "actual_output": null,
        "expected_output": "The RC F's 1.8-tonne-plus weight, combined with WLTP regulations, slightly reduced its power to 458hp, impacting its performance marginally. However, the addition of standard adaptive suspension and the optional Plus Pack, which included a Levinson stereo, aimed to enhance the driving experience and overall appeal despite the weight and slight power reduction.",
        "context": [
            "A phase two RC F was shown at the Paris show in 2018 for sales in 2019. New one-piece headlights and all-LED rear lights sharpened up the look although WLTP regs made these cars marginally less powerful at 458hp. Adaptive suspension became standard and a Plus Pack was offered incorporating the Levinson stereo.\n\nThe F\u2019s biggest problem was its high 1.8-tonne-plus weight combined with \u2018toppy\u2019 power and torque."
        ],
        "source_file": "2c4dc95d-3578-4146-8260-59f9118709b5"
    },
    {
        "input": "How is Lexus's simplistic dash design perceived, and what material quality issues have American owners reported?",
        "actual_output": null,
        "expected_output": "Lexus's simplistic dash design is perceived variably, with some considering it a design masterpiece while others find it a bit dull. American owners have reported problems with cracking and delaminating dashboards and trim panels, despite the generally high quality of Lexus materials.",
        "context": [
            "The boot was usefully capacious but we\u2019re not suggesting that as an alternative.\u00a0\n\nLexus went for a simplistic dash design which you might think was either a design masterpiece or a bit dull. The instrument panel was inspired though and great to watch as it went through its party pieces.\u00a0One thing you\u2019d think there\u2019d be little dispute about was the quality of Lexus materials and the way they were bonded together but American owners in particular have reported problems with cracking/delaminating dashboards and trim panels."
        ],
        "source_file": "f4798a46-cffc-4c75-8af9-f80e66c18559"
    },
    {
        "input": "Considering past issues with cracking/delaminating dashboards, how might the overnight introduction of new materials by Lexus affect both the durability and overall quality of interior components?",
        "actual_output": null,
        "expected_output": "The overnight introduction of new materials by Lexus could potentially improve the durability and overall quality of interior components, addressing past issues with cracking and delaminating dashboards. However, the effectiveness of these new materials would depend on rigorous testing and quality assurances to ensure they meet Lexus's high standards and customer expectations.",
        "context": [
            "The boot was usefully capacious but we\u2019re not suggesting that as an alternative.\u00a0\n\nLexus went for a simplistic dash design which you might think was either a design masterpiece or a bit dull. The instrument panel was inspired though and great to watch as it went through its party pieces.\u00a0One thing you\u2019d think there\u2019d be little dispute about was the quality of Lexus materials and the way they were bonded together but American owners in particular have reported problems with cracking/delaminating dashboards and trim panels."
        ],
        "source_file": "f4798a46-cffc-4c75-8af9-f80e66c18559"
    },
    {
        "input": "Considering the RC F's minor updates and fine-sounding sports coupe status, how does its performance and price compare to the more 'special' and somewhat more expensive LC500, as well as the M3/M4?",
        "actual_output": null,
        "expected_output": "The RC F is a well-regarded sports coupe known for its performance and sound, although it often faces comparisons to the BMW M3 and M4. While the RC F has received only minor updates over the years, it remains a solid choice without any significant flaws. The LC500, being more 'special' and somewhat more expensive, offers a distinct appeal but is in a higher price bracket. Compared to the M3 and M4, the RC F stands strong in terms of performance but may not carry the same prestige among enthusiasts.",
        "context": [
            "The RC F stood up very well as a fast and fine-sounding sports coupe as long as you weren\u2019t troubled by the inevitable \u2018why didn\u2019t you get an M3 or an M4?\u2019 questions.\n\nDespite the arrival of the similar from a distance but more \u2018special\u2019 (and therefore somewhat more expensive) LC500, Lexus is still happily making the RC F and the changes they have made to it over the years have been relatively minor. That\u2019s fine because there\u2019s never really been anything wrong with it."
        ],
        "source_file": "c99d6f0c-4b4f-42b9-a93d-a682c9aa18a0"
    },
    {
        "input": "How has the RC F remained a fast, fine-sounding sports coupe amid the more exclusive LC500's introduction?",
        "actual_output": null,
        "expected_output": "The RC F has remained a fast, fine-sounding sports coupe because Lexus has continued to make minor, yet effective, updates to it over the years. Despite the introduction of the more exclusive and expensive LC500, the RC F has always been a solid performer with no significant flaws to address.",
        "context": [
            "The RC F stood up very well as a fast and fine-sounding sports coupe as long as you weren\u2019t troubled by the inevitable \u2018why didn\u2019t you get an M3 or an M4?\u2019 questions.\n\nDespite the arrival of the similar from a distance but more \u2018special\u2019 (and therefore somewhat more expensive) LC500, Lexus is still happily making the RC F and the changes they have made to it over the years have been relatively minor. That\u2019s fine because there\u2019s never really been anything wrong with it."
        ],
        "source_file": "c99d6f0c-4b4f-42b9-a93d-a682c9aa18a0"
    },
    {
        "input": "Enumerate the technological and safety advancements in a 2018 model with full optional features, including F 10th Anniversary specs.",
        "actual_output": null,
        "expected_output": "The 2018 model with full optional features, including the F 10th Anniversary specs, boasts several technological and safety advancements. These include optional sunroofs, Adaptive Cruise Control (ACC), and Pre-Crash Safety systems. Additionally, the F 10th Anniversary model features a Mark Levinson audio system, Adaptive Variable Suspension, and CFRP (Carbon Fiber Reinforced Plastic) roof and bonnet, all packaged in a distinctive Matt Grey finish with a blue leather interior.",
        "context": [
            "Sunroofs, Adaptive Cruise Control (ACC) and Pre-Crash Safety systems were all optional.\u00a0\n\nTo celebrate the F high-performance sub-brand\u2019s tenth birthday a 10th Anniversary model was inserted into the 2018 model-year range. These cars were finished in Matt Grey with a blue leather interior and had a packed spec which included the Mark Levinson audio and Adaptive Variable Suspension as well as the CFRP roof and bonnet."
        ],
        "source_file": "9f5457e6-150c-4455-a7a9-bdf975b226e7"
    },
    {
        "input": "What special characteristics and significance did the 2018 10th Anniversary model have, including its CFRP parts?",
        "actual_output": null,
        "expected_output": "The 2018 10th Anniversary model celebrated the F high-performance sub-brand's tenth birthday. It featured a distinctive Matt Grey finish with a blue leather interior. This model had a packed specification, including the Mark Levinson audio system, Adaptive Variable Suspension, and Carbon Fiber Reinforced Plastic (CFRP) roof and bonnet, highlighting its special characteristics and significance.",
        "context": [
            "Sunroofs, Adaptive Cruise Control (ACC) and Pre-Crash Safety systems were all optional.\u00a0\n\nTo celebrate the F high-performance sub-brand\u2019s tenth birthday a 10th Anniversary model was inserted into the 2018 model-year range. These cars were finished in Matt Grey with a blue leather interior and had a packed spec which included the Mark Levinson audio and Adaptive Variable Suspension as well as the CFRP roof and bonnet."
        ],
        "source_file": "9f5457e6-150c-4455-a7a9-bdf975b226e7"
    },
    {
        "input": "Analyze how the RC F's naturally aspirated V8, sharp coupe looks, and build quality make it a compelling alternative to the M3/M4, considering the limited opportunities to exploit the BMWs' sportiness fully.",
        "actual_output": null,
        "expected_output": "The RC F's naturally aspirated V8 offers a unique driving experience that many enthusiasts appreciate for its responsiveness and sound. Its sharp coupe design ensures it stands out visually, while the exceptional build quality guarantees a reliable and premium feel. These attributes make the RC F a compelling alternative to the M3/M4, especially considering that the full sporty potential of the BMWs can rarely be exploited in everyday driving conditions.",
        "context": [
            "The Japan-built RC F proves how shortsighted that approach can be. When you look objectively at the package \u2013\u00a0a wonderful naturally aspirated V8, sharp coupe looks, great build quality \u2013\u00a0it readily presents itself as an interesting alternative to an M3 or an M4. The BMWs are undoubtedly more sporty but the opportunities for using cars like that to the full extent are few and far between."
        ],
        "source_file": "5d84557a-287f-4c3b-873c-bd44eb0af868"
    },
    {
        "input": "Considering the RC F\u2019s nat. asp. V8, sharp coupe design, and excellent build quality, how does it compare to BMW M3/M4 in scenarios with limited sporty driving opp.?",
        "actual_output": null,
        "expected_output": "Considering the RC F\u2019s naturally aspirated V8, sharp coupe design, and excellent build quality, it serves as an interesting alternative to the BMW M3/M4 in scenarios with limited sporty driving opportunities. While the BMWs are more sporty, the RC F offers a compelling package that\u2019s enjoyable even when not driven to the extremes.",
        "context": [
            "The Japan-built RC F proves how shortsighted that approach can be. When you look objectively at the package \u2013\u00a0a wonderful naturally aspirated V8, sharp coupe looks, great build quality \u2013\u00a0it readily presents itself as an interesting alternative to an M3 or an M4. The BMWs are undoubtedly more sporty but the opportunities for using cars like that to the full extent are few and far between."
        ],
        "source_file": "5d84557a-287f-4c3b-873c-bd44eb0af868"
    },
    {
        "input": "Imagine a scenario where the Carbon's CFRP components and torque vectoring differential were removed. How would this affect its front-engined, RWD performance?",
        "actual_output": null,
        "expected_output": "If the Carbon's CFRP components and torque vectoring differential were removed, the car would likely experience reduced performance. The CFRP bonnet and roof contribute to weight reduction and a lower center of gravity, enhancing handling and agility. Without these, the vehicle would be heavier and less nimble. Additionally, the absence of the torque vectoring differential would diminish its ability to manage power distribution between the rear wheels, resulting in less precise cornering and reduced overall traction.",
        "context": [
            "The Carbon also had a CFRP bonnet and roof and a torque vectoring differential, a first in a front-engined, rear-wheel drive car. The TDV was available as an option on the straight RC F, as was the Carbon\u2019s 17-speaker Mark Levinson audio system.\n\nOddly, you could only get TVD on Levinson-equipped cars, but in the real world very few RC Fs didn\u2019t have the ML kit."
        ],
        "source_file": "ff69c6bb-0f48-4810-a8c6-007c668d535a"
    },
    {
        "input": "How did the inclusion of the CFRP bonnet, roof, and optional TVD with ML audio system distinguish the RC F?",
        "actual_output": null,
        "expected_output": "The inclusion of the CFRP bonnet and roof made the RC F lighter and more performance-oriented. The optional torque vectoring differential (TVD) with the Mark Levinson (ML) audio system further distinguished it by enhancing driving dynamics and providing a premium audio experience. These features set the RC F apart as a high-performance, luxury sports car.",
        "context": [
            "The Carbon also had a CFRP bonnet and roof and a torque vectoring differential, a first in a front-engined, rear-wheel drive car. The TDV was available as an option on the straight RC F, as was the Carbon\u2019s 17-speaker Mark Levinson audio system.\n\nOddly, you could only get TVD on Levinson-equipped cars, but in the real world very few RC Fs didn\u2019t have the ML kit."
        ],
        "source_file": "ff69c6bb-0f48-4810-a8c6-007c668d535a"
    },
    {
        "input": "Consider the auditory impact and sensory experience of driving an RC F with aftermarket headers in a tunnel.",
        "actual_output": null,
        "expected_output": "Driving an RC F with aftermarket headers in a tunnel would amplify the incredible auditory experience, making the sound even more brilliant and exhilarating. The combination of the engine's roar through the pipes and the enhanced acoustics of the tunnel would create an unmatched sensory thrill.",
        "context": [
            "On the plus side, those long ratios encouraged you to hang onto the gears, a very pleasurable experience indeed as the sound the RC F made through its pipes and under-dash Active Sound Control speaker in the top two modes especially was nothing short of brilliant, or incredible with a good set of aftermarket headers and/or backbox fitted. Nothing else sounded like it. OK, Mustang apart, there wasn\u2019t much competition in the non-turbo V8 class. \u00a0\n\nF models are the most expensive Lexuses to service."
        ],
        "source_file": "720f5de5-1614-475e-8fee-50036035b94f"
    },
    {
        "input": "Why do Lexus F models, featuring a unique non-turbo V8 sound and extended gear ratios, incur the highest service costs?",
        "actual_output": null,
        "expected_output": "Lexus F models incur the highest service costs due to their advanced engineering and specialized components, such as the unique non-turbo V8 engine and extended gear ratios, which require more meticulous maintenance and higher quality parts.",
        "context": [
            "On the plus side, those long ratios encouraged you to hang onto the gears, a very pleasurable experience indeed as the sound the RC F made through its pipes and under-dash Active Sound Control speaker in the top two modes especially was nothing short of brilliant, or incredible with a good set of aftermarket headers and/or backbox fitted. Nothing else sounded like it. OK, Mustang apart, there wasn\u2019t much competition in the non-turbo V8 class. \u00a0\n\nF models are the most expensive Lexuses to service."
        ],
        "source_file": "720f5de5-1614-475e-8fee-50036035b94f"
    },
    {
        "input": "If Lexus's blower mechanism and ML amp issues worsened significantly, how might their warranty policies adapt?",
        "actual_output": null,
        "expected_output": "If Lexus's blower mechanism and ML amp issues worsened significantly, their warranty policies might adapt by extending coverage periods, offering free repairs or replacements, and actively notifying owners about the potential issues. Given their history of good warranty claims, they would likely ensure customer satisfaction by addressing these problems promptly.",
        "context": [
            "Ironically that was often down to the blower mechanism itself heating up. Again, Lexus was good on warranty claims. The amplifier for the ML sound system sat in the boot and could play up when it got hot. They can be rebuilt.\n\nPH VERDICT\n\nFor many, \u2018Lexus\u2019 conjures up negativity. Folk will grudgingly accept the marque\u2019s peerless manufacturing reputation but then won\u2019t be able to get past the lounge-lizard image established by cars like the LS400."
        ],
        "source_file": "a613d398-fff1-487b-a898-777f79b6dafa"
    },
    {
        "input": "What are the cascading effects of the blower mechanism heating up on the ML sound system amplifier's functionality in Lexus cars?",
        "actual_output": null,
        "expected_output": "The blower mechanism heating up can cause the ML sound system amplifier, which is located in the boot, to malfunction when it gets hot. This can lead to issues with the amplifier's performance, but it can be rebuilt if necessary.",
        "context": [
            "Ironically that was often down to the blower mechanism itself heating up. Again, Lexus was good on warranty claims. The amplifier for the ML sound system sat in the boot and could play up when it got hot. They can be rebuilt.\n\nPH VERDICT\n\nFor many, \u2018Lexus\u2019 conjures up negativity. Folk will grudgingly accept the marque\u2019s peerless manufacturing reputation but then won\u2019t be able to get past the lounge-lizard image established by cars like the LS400."
        ],
        "source_file": "a613d398-fff1-487b-a898-777f79b6dafa"
    },
    {
        "input": "Compare the performance capabilities of the four- and six-cylinder engines in the 2014 Lexus RC F.",
        "actual_output": null,
        "expected_output": "The four- and six-cylinder engines in the 2014 Lexus RC F struggled with delivering serious performance due to the vehicle's weight. However, the RC F model specifically being discussed did not suffer from this issue, implying it featured a more capable powertrain.",
        "context": [
            "Launched at the 2013 Tokyo show for production in 2014 the Lexus RC F was a smartly styled coupe powered by a small range of four- and six-cylinder engines. Not all of these powertrains were up to the task of delivering serious performance in what was quite a weighty machine, but the RC F that we\u2019re looking at today didn\u2019t suffer from that problem."
        ],
        "source_file": "210790a5-79bb-410f-b371-8cd0613c3da4"
    },
    {
        "input": "How would the market's perception of the Lexus RC F's performance and styling in 2010 differ from its 2014 debut?",
        "actual_output": null,
        "expected_output": "In 2010, the market would not have had a perception of the Lexus RC F's performance and styling since it was not yet launched. When it debuted in 2014, the RC F was recognized for its smart styling and performance, particularly due to its capable powertrains that addressed the vehicle's weight.",
        "context": [
            "Launched at the 2013 Tokyo show for production in 2014 the Lexus RC F was a smartly styled coupe powered by a small range of four- and six-cylinder engines. Not all of these powertrains were up to the task of delivering serious performance in what was quite a weighty machine, but the RC F that we\u2019re looking at today didn\u2019t suffer from that problem."
        ],
        "source_file": "210790a5-79bb-410f-b371-8cd0613c3da4"
    },
    {
        "input": "What do \"Radical Cup,\" \"flagship,\" and Fuji Speedway suggest about RC F's development and V8 engine upgrades?",
        "actual_output": null,
        "expected_output": "\"Radical Cup,\" \"flagship,\" and Fuji Speedway suggest that the RC F was designed with a strong performance focus. \"Radical Cup\" implies a commitment to high performance, \"flagship\" indicates it was a top-tier model, and Fuji Speedway underscores its development at a premier racing facility. The V8 engine upgrades, including new internals and a higher compression ratio, further enhance its high-performance credentials, delivering 467hp at 7,100rpm.",
        "context": [
            "The F in RC F stood for Radical Cup, while the F stood for \u2018flagship\u2019 and Fuji Speedway where Lexus did most of its sporting car development. Released at the 2014 Detroit show for sales starting in the US in the later part of that year, the RC F had the IS F super-saloon\u2019s Yamaha-designed naturally aspirated 2UR-GSE 5.0 litre V8 but upgraded through new internals and a higher compression ratio to put out 467hp at a hammering 7,100rpm."
        ],
        "source_file": "d31d776d-4922-4b1b-8a79-6f8330b12896"
    },
    {
        "input": "How did Lexus's RC F debut at the 2014 Detroit show, featuring the upgraded 5.0L V8 with 467hp at 7,100rpm, and what were the key internal enhancements made to the IS F super-saloon\u2019s Yamaha-designed 2UR-GSE engine?",
        "actual_output": null,
        "expected_output": "Lexus's RC F debuted at the 2014 Detroit show, featuring an upgraded 5.0L V8 engine that produced 467hp at 7,100rpm. Key internal enhancements to the IS F super-saloon\u2019s Yamaha-designed 2UR-GSE engine included new internals and a higher compression ratio.",
        "context": [
            "The F in RC F stood for Radical Cup, while the F stood for \u2018flagship\u2019 and Fuji Speedway where Lexus did most of its sporting car development. Released at the 2014 Detroit show for sales starting in the US in the later part of that year, the RC F had the IS F super-saloon\u2019s Yamaha-designed naturally aspirated 2UR-GSE 5.0 litre V8 but upgraded through new internals and a higher compression ratio to put out 467hp at a hammering 7,100rpm."
        ],
        "source_file": "d31d776d-4922-4b1b-8a79-6f8330b12896"
    },
    {
        "input": "What other weight-saving features could complement ceramic brakes, CFRP parts, and titanium exhaust in the TVD?",
        "actual_output": null,
        "expected_output": "Other weight-saving features that could complement ceramic brakes, CFRP parts, and a titanium exhaust in the TVD include lightweight racing seats, a lithium-ion battery, and a simplified, stripped-out interior.",
        "context": [
            "This came with the TVD as standard along with weight-reducing items such as ceramic brakes, CFRP roof and bonnet, carbon fibre aero parts (including a front splitter and fixed rear wing), BBS 19-inch forged alloy wheels and a titanium exhaust. The total weight saving was a worthwhile 80kg. For one of the 50 allocated to the UK you would have been paying just over \u00a393,000."
        ],
        "source_file": "644a7939-aab9-49c5-89cf-083be02b08be"
    },
    {
        "input": "Considering the inclusion of ceramic brakes, CFRP parts, and a titanium exhaust, what is the total weight reduction achieved by the TVD package, and how does this reduction impact the vehicle's performance and value in the UK market?",
        "actual_output": null,
        "expected_output": "The TVD package achieves a total weight reduction of 80kg by including ceramic brakes, CFRP parts, and a titanium exhaust. This weight reduction enhances the vehicle's performance by improving handling, acceleration, and braking efficiency. In the UK market, this performance boost, coupled with the exclusivity of the package (only 50 units allocated), justifies the price of just over \u00a393,000, making it a valuable investment for enthusiasts.",
        "context": [
            "This came with the TVD as standard along with weight-reducing items such as ceramic brakes, CFRP roof and bonnet, carbon fibre aero parts (including a front splitter and fixed rear wing), BBS 19-inch forged alloy wheels and a titanium exhaust. The total weight saving was a worthwhile 80kg. For one of the 50 allocated to the UK you would have been paying just over \u00a393,000."
        ],
        "source_file": "644a7939-aab9-49c5-89cf-083be02b08be"
    },
    {
        "input": "If the intelligent transmission became even lazier, how would long gear ratios affect urban vs. highway driving?",
        "actual_output": null,
        "expected_output": "Long gear ratios would exacerbate the issue in urban driving by making the car feel sluggish and less responsive, especially below 3,000rpm. On highways, the impact would be less noticeable as higher speeds would naturally align better with the longer ratios.",
        "context": [
            "The ratios were quite long \u2013\u00a0nearly 80mph in 2nd and 110mph in 3rd \u2013 adding to the underlying sensation of there not being that much urge below 3,000rpm. If you spent a lot of time in towns the intelligent transmission would get lazy and begin to introduce noticeable delays or rethinks into the quick-downchange process."
        ],
        "source_file": "1a716ccc-766a-4a60-a88a-138b9fe6d3fa"
    },
    {
        "input": "How do the intelligent transmission's performance characteristics compare in high-speed driving vs. town driving?",
        "actual_output": null,
        "expected_output": "In high-speed driving, the intelligent transmission performs well, with long gear ratios allowing speeds of nearly 80mph in 2nd gear and 110mph in 3rd gear. However, in town driving, it can become lazy, causing noticeable delays or rethinks in the quick-downchange process.",
        "context": [
            "The ratios were quite long \u2013\u00a0nearly 80mph in 2nd and 110mph in 3rd \u2013 adding to the underlying sensation of there not being that much urge below 3,000rpm. If you spent a lot of time in towns the intelligent transmission would get lazy and begin to introduce noticeable delays or rethinks into the quick-downchange process."
        ],
        "source_file": "1a716ccc-766a-4a60-a88a-138b9fe6d3fa"
    },
    {
        "input": "With a budget of \u00a335k, compare the price ranges for cars under 60,000 miles and around 30,000 miles.",
        "actual_output": null,
        "expected_output": "With a budget of \u00a335k, you can find higher-mileage cars (under 60,000 miles) for under \u00a330,000. For cars with around 30,000 miles, you can secure one within your \u00a335k budget.",
        "context": [
            "That\u2019s fine because there\u2019s never really been anything wrong with it. The combination of that constancy and a reassuring reliability record means that you can fully tap into the F experience from behind the wheel of a low-priced early example without feeling short-changed.\n\nHow low? Well, as mentioned at the beginning, higher-mileage cars (but still with under 60,000 miles) can be found at under \u00a330,000. With a \u00a335k budget, you can be in something with half that mileage."
        ],
        "source_file": "e0d3c644-3dd9-4a8f-b2b6-6ab9677f27b6"
    },
    {
        "input": "How does the F experience differ between cars under \u00a330k with <60,000 miles and those around \u00a335k with half that mileage?",
        "actual_output": null,
        "expected_output": "The primary difference between F cars under \u00a330k with less than 60,000 miles and those around \u00a335k with half that mileage is the amount of wear and tear. Cars around \u00a335k with approximately 30,000 miles will likely have less wear, potentially offering a slightly fresher driving experience and possibly fewer maintenance issues compared to higher-mileage options. However, both options still allow you to fully enjoy the F experience due to the model's overall reliability and performance consistency.",
        "context": [
            "That\u2019s fine because there\u2019s never really been anything wrong with it. The combination of that constancy and a reassuring reliability record means that you can fully tap into the F experience from behind the wheel of a low-priced early example without feeling short-changed.\n\nHow low? Well, as mentioned at the beginning, higher-mileage cars (but still with under 60,000 miles) can be found at under \u00a330,000. With a \u00a335k budget, you can be in something with half that mileage."
        ],
        "source_file": "e0d3c644-3dd9-4a8f-b2b6-6ab9677f27b6"
    },
    {
        "input": "How do the 60k/6-year service costs for F models, exceeding \u00a31,000, compare to other Lexus models?",
        "actual_output": null,
        "expected_output": "The 60k/6-year service costs for F models, exceeding \u00a31,000, are significantly higher compared to other Lexus models.",
        "context": [
            "F models are the most expensive Lexuses to service. After the initial checkover at 5k miles/6 months, an intermediate now costs \u00a3415 and a full service \u00a3770. Replacement of the spark plugs and the non-oil fluids, like for the diff and brakes, is part of the 60k/6-year service, making that one more expensive at over \u00a31,000."
        ],
        "source_file": "b3629947-4c1b-4813-8de5-fe38cc922381"
    },
    {
        "input": "If a Lexus F model drove an additional 10k miles in one year, how would the service costs evolve over that period?",
        "actual_output": null,
        "expected_output": "If a Lexus F model drove an additional 10k miles in one year, the service costs would include an intermediate service at \u00a3415 and potentially a full service at \u00a3770. If the total mileage reached 60k miles within that year, the 60k/6-year service would cost over \u00a31,000 due to the replacement of spark plugs and non-oil fluids.",
        "context": [
            "F models are the most expensive Lexuses to service. After the initial checkover at 5k miles/6 months, an intermediate now costs \u00a3415 and a full service \u00a3770. Replacement of the spark plugs and the non-oil fluids, like for the diff and brakes, is part of the 60k/6-year service, making that one more expensive at over \u00a31,000."
        ],
        "source_file": "b3629947-4c1b-4813-8de5-fe38cc922381"
    },
    {
        "input": "If Lexus RC F prices doubled in 2023, how much would the Carbon model cost?",
        "actual_output": null,
        "expected_output": "If Lexus RC F prices doubled in 2023, the Carbon model would cost \u00a3167,000.",
        "context": [
            "Today, in mid-2023, the RC F is still part of the Lexus offering but prices for a new F now start from \u00a376.5k, or \u00a383.5k if you want the Carbon model. Used RC Fs are pretty thin on the ground and hold their value well. Early examples with 50-60,000 miles will still cost you around \u00a330,000. 2018-on phase two cars with 30,000 miles recorded are available from around \u00a343k."
        ],
        "source_file": "9677b772-4359-49ff-83f3-82511bbe4129"
    },
    {
        "input": "How would discontinuation of the Lexus RC F affect its used car value, given current pricing and rarity?",
        "actual_output": null,
        "expected_output": "Discontinuation of the Lexus RC F would likely increase its used car value, given the current pricing and rarity. With new models starting from \u00a376.5k and early examples with 50-60,000 miles still costing around \u00a330,000, the limited availability would make the RC F more desirable among enthusiasts and collectors, driving up demand and, consequently, prices.",
        "context": [
            "Today, in mid-2023, the RC F is still part of the Lexus offering but prices for a new F now start from \u00a376.5k, or \u00a383.5k if you want the Carbon model. Used RC Fs are pretty thin on the ground and hold their value well. Early examples with 50-60,000 miles will still cost you around \u00a330,000. 2018-on phase two cars with 30,000 miles recorded are available from around \u00a343k."
        ],
        "source_file": "9677b772-4359-49ff-83f3-82511bbe4129"
    },
    {
        "input": "If a delaminating fuel line failed entirely mid-drive, how would engine safety be compromised in the RC F?",
        "actual_output": null,
        "expected_output": "If a delaminating fuel line failed entirely mid-drive in the RC F, petrol could leak directly onto the engine, significantly increasing the risk of a fire and compromising engine safety.",
        "context": [
            "There was a recall for a delaminating fuel line which could cause petrol to leak directly onto the engine, and there was some trouble with the dampers in the high-pressure fuel pumps (there are two on the RC F) which \u2018chirp\u2019 when they start to go bad. Replacement pumps out of warranty were getting on for \u00a31,000 each."
        ],
        "source_file": "965d093c-71d5-47d7-96aa-36c3e8cb8c8e"
    },
    {
        "input": "Evaluate the causes behind the RC F's delaminating fuel line and high-pressure fuel pumps' damper issues, considering the recall implications and the substantial out-of-warranty replacement costs nearing \u00a31,000 each.",
        "actual_output": null,
        "expected_output": "The RC F's delaminating fuel line issue was serious enough to prompt a recall due to the risk of petrol leaking directly onto the engine, which could pose significant safety hazards. Additionally, the high-pressure fuel pumps had damper issues that caused a 'chirping' noise, indicating they were starting to fail. Out-of-warranty replacement costs for these pumps were substantial, nearing \u00a31,000 each. The recall highlights the importance of addressing these safety and performance issues promptly to avoid costly repairs and ensure vehicle safety.",
        "context": [
            "There was a recall for a delaminating fuel line which could cause petrol to leak directly onto the engine, and there was some trouble with the dampers in the high-pressure fuel pumps (there are two on the RC F) which \u2018chirp\u2019 when they start to go bad. Replacement pumps out of warranty were getting on for \u00a31,000 each."
        ],
        "source_file": "965d093c-71d5-47d7-96aa-36c3e8cb8c8e"
    },
    {
        "input": "What additional cost factors determined the launch price disparity between the standard RC F and the Carbon model in late 2014 UK?",
        "actual_output": null,
        "expected_output": "The launch price disparity between the standard RC F (\u00a359,995) and the Carbon model (\u00a367,995) in late 2014 UK was influenced by additional cost factors such as the inclusion of forged wheels, ceramic brakes, and TVD (Torque Vectoring Differential) in the Carbon model.",
        "context": [
            "If you missed out on the Track Edition you could pay \u00a39,750 to have a Track Pack fitted to your regular RC F. This had the forged wheels, ceramic brakes and TVD.\u00a0\n\nOn the RC F\u2019s release in the UK in late 2014 for deliveries in early 2015 the standard F was \u00a359,995 and the Carbon was \u00a367,995."
        ],
        "source_file": "9d13efee-d185-452a-9a94-6e4e0f3f7981"
    },
    {
        "input": "What is the price disparity between the standard RC F and the Carbon edition, and what enhancements, such as forged wheels, ceramic brakes, and TVD, justify this difference?",
        "actual_output": null,
        "expected_output": "The price disparity between the standard RC F (\u00a359,995) and the Carbon edition (\u00a367,995) is \u00a38,000. The enhancements that justify this difference include forged wheels, ceramic brakes, and TVD (Torque Vectoring Differential).",
        "context": [
            "If you missed out on the Track Edition you could pay \u00a39,750 to have a Track Pack fitted to your regular RC F. This had the forged wheels, ceramic brakes and TVD.\u00a0\n\nOn the RC F\u2019s release in the UK in late 2014 for deliveries in early 2015 the standard F was \u00a359,995 and the Carbon was \u00a367,995."
        ],
        "source_file": "9d13efee-d185-452a-9a94-6e4e0f3f7981"
    },
    {
        "input": "How would advanced camshaft profiling and VVT-iE impact RC F's 7,300rpm redline, 54hp gain, and mpg?",
        "actual_output": null,
        "expected_output": "Advanced camshaft profiling and VVT-iE contribute to the RC F's increased redline of 7,300rpm and a 54hp gain by optimizing valve timing and improving engine efficiency. Additionally, the use of an Atkinson cycle mode helps boost fuel economy, with some owners reporting mpg figures in the high 30s, which is impressive for a naturally aspirated V8.",
        "context": [
            "New camshaft profiling with revised VVT-iE variable valve timing and titanium valves helped to lift the redline to 7,300rpm and deliver 54hp more than the IS F. Unusually the RC F went into \u2018Atkinson cycle\u2019 mode when pottering to boost economy. Some owners have reported high-restraint mpg figures in the high 30s which is pretty amazing for an old-school naturally aspirated V8."
        ],
        "source_file": "2ef6e471-e798-4300-9e3d-d6a886ccb9f7"
    },
    {
        "input": "How do the RC F's revised camshaft profiling, VVT-iE system, and Atkinson cycle mode enhance its fuel economy and elevate its redline to 7,300rpm?",
        "actual_output": null,
        "expected_output": "The RC F's revised camshaft profiling and VVT-iE variable valve timing system elevate its redline to 7,300rpm and boost its power by 54hp compared to the IS F. The Atkinson cycle mode enhances fuel economy when driving at lower speeds, with some owners reporting mpg figures in the high 30s. This combination allows for both improved performance and efficiency in an old-school naturally aspirated V8.",
        "context": [
            "New camshaft profiling with revised VVT-iE variable valve timing and titanium valves helped to lift the redline to 7,300rpm and deliver 54hp more than the IS F. Unusually the RC F went into \u2018Atkinson cycle\u2019 mode when pottering to boost economy. Some owners have reported high-restraint mpg figures in the high 30s which is pretty amazing for an old-school naturally aspirated V8."
        ],
        "source_file": "2ef6e471-e798-4300-9e3d-d6a886ccb9f7"
    },
    {
        "input": "How did Lexus USA's Warranty Enhancement for exterior carbon pieces differ from Lexus GB's response involving high replacement costs for British owners?",
        "actual_output": null,
        "expected_output": "Lexus USA issued a Warranty Enhancement to address issues with exterior carbon pieces, while Lexus GB did not offer the same support. Instead, British owners were quoted high replacement costs, such as \u00a33,000 for a rear spoiler and \u00a31,800 for dash trim and a driver's door card, even with a goodwill discount.",
        "context": [
            "Similar issues were reported on exterior carbon pieces. After some initial head-scratching, Lexus USA issued a Warranty Enhancement for this but Lexus GB weren\u2019t as helpful for British owners who began to notice this happening to their cars, saying that US examples weren\u2019t relevant and quoting one UK owner \u00a33,000 for a replacement rear spoiler and \u00a31,800 (including a goodwill discount) for two pieces of dash trim and a driver\u2019s door card."
        ],
        "source_file": "91dc3e8b-9a7f-4539-b3fa-e6a67cd4669c"
    },
    {
        "input": "Assess the divergent approaches of Lexus USA and Lexus GB on exterior carbon issues, including respective replacement costs and customer support differences.",
        "actual_output": null,
        "expected_output": "Lexus USA issued a Warranty Enhancement to address exterior carbon issues, providing support for affected owners. In contrast, Lexus GB was less accommodating, dismissing the relevance of US cases and quoting high replacement costs: \u00a33,000 for a rear spoiler and \u00a31,800 for dash trim and a driver\u2019s door card, even with a goodwill discount. This highlights significant differences in customer support and financial burden for British owners compared to their US counterparts.",
        "context": [
            "Similar issues were reported on exterior carbon pieces. After some initial head-scratching, Lexus USA issued a Warranty Enhancement for this but Lexus GB weren\u2019t as helpful for British owners who began to notice this happening to their cars, saying that US examples weren\u2019t relevant and quoting one UK owner \u00a33,000 for a replacement rear spoiler and \u00a31,800 (including a goodwill discount) for two pieces of dash trim and a driver\u2019s door card."
        ],
        "source_file": "91dc3e8b-9a7f-4539-b3fa-e6a67cd4669c"
    },
    {
        "input": "How does the RC F's consistent value and high owner retention influence the budget for a low-mileage unit?",
        "actual_output": null,
        "expected_output": "The RC F's consistent value and high owner retention mean that with a \u00a335k budget, you can likely secure a low-mileage unit, given that prices have remained stable and there is limited availability, suggesting strong demand and appreciation among current owners.",
        "context": [
            "With a \u00a335k budget, you can be in something with half that mileage. RC F values have been pretty much static for the last four years. This, along with the fact that there were just two RC Fs for sale on PH Classifieds at the time of going to press, and very few elsewhere, tells you something about the bond that RC F owners can form with their cars."
        ],
        "source_file": "8875866e-84e9-4237-92c1-443bfceee96e"
    },
    {
        "input": "If RC F values dropped significantly, how would this impact owner loyalty and the availability of RC Fs within a \u00a335k budget, considering their previous static values and limited market presence?",
        "actual_output": null,
        "expected_output": "If RC F values dropped significantly, it could potentially impact owner loyalty negatively, as the bond formed with their cars might weaken due to the perceived depreciation. Additionally, the availability of RC Fs within a \u00a335k budget could increase, as more owners might be willing to sell their vehicles in a declining market, leading to more listings compared to the previously static values and limited market presence.",
        "context": [
            "With a \u00a335k budget, you can be in something with half that mileage. RC F values have been pretty much static for the last four years. This, along with the fact that there were just two RC Fs for sale on PH Classifieds at the time of going to press, and very few elsewhere, tells you something about the bond that RC F owners can form with their cars."
        ],
        "source_file": "8875866e-84e9-4237-92c1-443bfceee96e"
    },
    {
        "input": "Compare the 0-62mph times and mechanical features of the rear-drive F and other Lexus V8 production coupes.",
        "actual_output": null,
        "expected_output": "The rear-drive F, with its eight-speed torque converter Sports Direct Shift auto gearbox, achieves a 0-62mph time of 4.5 seconds. It features a Torsen mechanical limited-slip diff, aero-optimised underbody panels, and an active rear spoiler made of carbon fibre-reinforced plastic in the RC F Carbon. Compared to other Lexus V8 production coupes, the rear-drive F stands out as the most powerful, though specific 0-62mph times and mechanical features of other models are not detailed in the provided context.",
        "context": [
            "That was enough to make it Lexus\u2019s most powerful V8 production coupe ever.\u00a0\n\nWith an in-house built eight-speed torque converter Sports Direct Shift auto gearbox attached, the rear-drive F was good for a 0-62mph time of 4.5 seconds. Along with all the expected-for-Lexus driver aids there was a Torsen mechanical limited-slip diff, aero-optimised underbody panels and an active rear spoiler which, in the RC F Carbon, was made of carbon fibre-reinforced plastic."
        ],
        "source_file": "d86200a2-5786-4914-bf1e-3d9afb764707"
    },
    {
        "input": "How do the performance-enhancing features of the Lexus V8 RC F coupe and RC F Carbon differ?",
        "actual_output": null,
        "expected_output": "The performance-enhancing features of the Lexus V8 RC F coupe and RC F Carbon are largely similar, with both models featuring an in-house built eight-speed torque converter Sports Direct Shift auto gearbox, a Torsen mechanical limited-slip diff, aero-optimised underbody panels, and an active rear spoiler. However, the RC F Carbon specifically includes an active rear spoiler made of carbon fibre-reinforced plastic, which is a distinguishing feature that may contribute to weight reduction and improved aerodynamics.",
        "context": [
            "That was enough to make it Lexus\u2019s most powerful V8 production coupe ever.\u00a0\n\nWith an in-house built eight-speed torque converter Sports Direct Shift auto gearbox attached, the rear-drive F was good for a 0-62mph time of 4.5 seconds. Along with all the expected-for-Lexus driver aids there was a Torsen mechanical limited-slip diff, aero-optimised underbody panels and an active rear spoiler which, in the RC F Carbon, was made of carbon fibre-reinforced plastic."
        ],
        "source_file": "d86200a2-5786-4914-bf1e-3d9afb764707"
    },
    {
        "input": "How do the 19-inch forged aluminium wheels with twin ten spokes on the RC F Carbon compare to the five pairs of double thin machine-finish spokes on the standard RC F, considering their staggered tyre sizes of 255 front and 275 rear, along with Brembo brakes (380mm/6-piston front, 345mm/4-piston rear)?",
        "actual_output": null,
        "expected_output": "The 19-inch forged aluminium wheels on the RC F Carbon feature a twin ten-spoke design, compared to the five pairs of double thin machine-finish spokes on the standard RC F. Both models have staggered tyre sizes of 255 front and 275 rear, and are equipped with Brembo brakes (380mm/6-piston front, 345mm/4-piston rear). Some owners use spacers to enhance the visual appeal by filling out the arches more effectively.",
        "context": [
            "Both RC F models came with 19-inch forged aluminium wheels, the Carbon having twin sets of ten spokes, the standard car having five pairs of double thin machine-finish spokes. Tyres were staggered, 255 front and 275 rear. Brakes were by Brembo, 380mm/6-piston front and 345mm/4-piston rear. Spacers have been put in by a few owners to help the wheels to fill out the arches more satisfyingly."
        ],
        "source_file": "0ad9a121-2dbd-4644-9d91-5dad51f41e50"
    },
    {
        "input": "Assess the RC F models\u2019 braking and wheel systems, highlighting Brembo specs and spacer-induced arch aesthetics.",
        "actual_output": null,
        "expected_output": "The RC F models feature robust braking and wheel systems. Both models are equipped with 19-inch forged aluminium wheels, with the Carbon model sporting twin sets of ten spokes, while the standard car has five pairs of double thin machine-finish spokes. The tyres are staggered at 255 front and 275 rear. For brakes, both models utilize Brembo systems with 380mm/6-piston calipers at the front and 345mm/4-piston calipers at the rear, ensuring strong stopping power. Some owners have added spacers to enhance the visual appeal by better filling out the wheel arches.",
        "context": [
            "Both RC F models came with 19-inch forged aluminium wheels, the Carbon having twin sets of ten spokes, the standard car having five pairs of double thin machine-finish spokes. Tyres were staggered, 255 front and 275 rear. Brakes were by Brembo, 380mm/6-piston front and 345mm/4-piston rear. Spacers have been put in by a few owners to help the wheels to fill out the arches more satisfyingly."
        ],
        "source_file": "0ad9a121-2dbd-4644-9d91-5dad51f41e50"
    },
    {
        "input": "Have owners reported HVAC servo motor issues at ~25,000 miles, alongside heated/ventilated seat malfunctions?",
        "actual_output": null,
        "expected_output": "Yes, some owners have reported HVAC servo motor malfunctions at around 25,000 miles, which affected the passenger side vent. Additionally, there have been issues with sections of the heated/ventilated seat becoming very hot when the cooling function was engaged, often due to the blower mechanism heating up.",
        "context": [
            "It wasn\u2019t a massively fulfilling exercise as the whole system looked old, there was very little intuitiveness to it and the sat nav wasn\u2019t great.\u00a0\n\nSome owners have had an HVAC servo motor malfunction, usually at around 25,000 miles, which prevented the passenger side vent from blowing cold air. Others have experienced a section of the heated/ventilated seat becoming very hot when the cooling function was engaged. Ironically that was often down to the blower mechanism itself heating up."
        ],
        "source_file": "87492e41-47f5-47ba-b5df-dddc7d034a53"
    },
    {
        "input": "If the sat nav system were redesigned, how might HVAC servo motor issues at ~25,000 miles and heated/ventilated seat malfunctions manifest?",
        "actual_output": null,
        "expected_output": "Redesigning the sat nav system would not directly address HVAC servo motor issues or heated/ventilated seat malfunctions. These problems are related to mechanical and electrical components of the HVAC and seat systems, rather than the navigation system. The HVAC servo motor issues and seat malfunctions would likely continue to manifest around 25,000 miles and during the use of the cooling function, respectively, unless those specific components are also redesigned and improved.",
        "context": [
            "It wasn\u2019t a massively fulfilling exercise as the whole system looked old, there was very little intuitiveness to it and the sat nav wasn\u2019t great.\u00a0\n\nSome owners have had an HVAC servo motor malfunction, usually at around 25,000 miles, which prevented the passenger side vent from blowing cold air. Others have experienced a section of the heated/ventilated seat becoming very hot when the cooling function was engaged. Ironically that was often down to the blower mechanism itself heating up."
        ],
        "source_file": "87492e41-47f5-47ba-b5df-dddc7d034a53"
    },
    {
        "input": "How do driving styles affect achieving the official combined fuel consumption of 26.2mpg in a Lexus RC F?",
        "actual_output": null,
        "expected_output": "Driving styles significantly affect achieving the official combined fuel consumption of 26.2mpg in a Lexus RC F. While a gentle run can yield up to 38mpg and normal Eco mode driving can achieve around 30mpg, driving enthusiastically makes it challenging to reach the official figure of 26.2mpg.",
        "context": [
            "After the expiry of the 3-year/60,000 mile new car warranty you could buy new 12-month/10,000 mile Lexus \u2018activated\u2019 warranties at each service until the RC F reached the 10-year/100,000 mile mark.\u00a0\n\nOne owner claimed to have achieved 38mpg on a gentle run, and 30mpg was more than doable in normal Eco mode motoring, but hitting the official combined fuel consumption figure of 26.2mpg was difficult when driving enthusiastically."
        ],
        "source_file": "3e7dec6c-07e1-4e6e-8b25-450a68df3d71"
    },
    {
        "input": "Compare the impacts of extended Lexus warranties and fuel consumption challenges on long-term ownership costs.",
        "actual_output": null,
        "expected_output": "Extended Lexus warranties can provide peace of mind and potentially lower repair costs over the long term, as they offer coverage up to 10 years or 100,000 miles. This can be particularly beneficial for high-mileage drivers or those who plan to keep their vehicle for an extended period.\n\nOn the other hand, fuel consumption challenges can increase long-term ownership costs. While achieving 38mpg on a gentle run is possible, and 30mpg in normal Eco mode is feasible, driving more enthusiastically makes it hard to meet the official combined fuel consumption figure of 26.2mpg. This discrepancy in fuel efficiency can lead to higher fuel expenses over time, especially if the car is driven in a manner that does not optimize fuel economy.\n\nIn summary, while extended warranties can help manage repair costs, fuel consumption challenges can lead to higher ongoing fuel expenses, impacting overall long-term ownership costs.",
        "context": [
            "After the expiry of the 3-year/60,000 mile new car warranty you could buy new 12-month/10,000 mile Lexus \u2018activated\u2019 warranties at each service until the RC F reached the 10-year/100,000 mile mark.\u00a0\n\nOne owner claimed to have achieved 38mpg on a gentle run, and 30mpg was more than doable in normal Eco mode motoring, but hitting the official combined fuel consumption figure of 26.2mpg was difficult when driving enthusiastically."
        ],
        "source_file": "3e7dec6c-07e1-4e6e-8b25-450a68df3d71"
    },
    {
        "input": "How do the costs of out-of-warranty replacement pumps compare with Lexus's reputation and high-mileage car issues?",
        "actual_output": null,
        "expected_output": "Out-of-warranty replacement pumps cost around \u00a31,000 each, which is a significant expense. However, Lexus has a strong reputation for quickly resolving issues and has generally not faced major problems with carbon buildup due to their engines being both port- and direct-injected, even in higher-mileage cars.",
        "context": [
            "Replacement pumps out of warranty were getting on for \u00a31,000 each.\u00a0\n\nWe have heard of heavier-than-normal oil usage on higher-mileage cars but carbon buildup hasn\u2019t been an issue because the engine is both port- and direct-injected. Lexus has an excellent reputation for quickly resolving what few complaints they have had. \u00a0\n\nThe eight-speed torque converter auto had five modes from Eco to Sport S+, with a sixth Custom setting arriving in the 2018 refresh."
        ],
        "source_file": "9e6cbf1a-18b2-4d61-b2ff-f66f5ba32d8e"
    },
    {
        "input": "Analyze the impact of Lexus's prompt complaint resolution practices on the customer experience, considering their tech advances like multi-mode driving systems.",
        "actual_output": null,
        "expected_output": "Lexus's prompt complaint resolution practices significantly enhance customer experience by quickly addressing any issues, thereby maintaining customer satisfaction and trust. Coupled with their technological advancements, such as the eight-speed torque converter auto with multiple driving modes (including a Custom setting in 2018), Lexus ensures a smooth and adaptable driving experience. This combination of responsive service and innovative tech reinforces their reputation for reliability and customer care.",
        "context": [
            "Replacement pumps out of warranty were getting on for \u00a31,000 each.\u00a0\n\nWe have heard of heavier-than-normal oil usage on higher-mileage cars but carbon buildup hasn\u2019t been an issue because the engine is both port- and direct-injected. Lexus has an excellent reputation for quickly resolving what few complaints they have had. \u00a0\n\nThe eight-speed torque converter auto had five modes from Eco to Sport S+, with a sixth Custom setting arriving in the 2018 refresh."
        ],
        "source_file": "9e6cbf1a-18b2-4d61-b2ff-f66f5ba32d8e"
    },
    {
        "OpenAI_Average_Rank": 1.1025641025641026,
        "OpenAI_Reciprocal_Rank": 0.9572649572649573,
        "OpenAI_Time_Elapsed": 30.28730869293213
    },
    {
        "MiniLM_Average_Rank": 2.6923076923076925,
        "MiniLM_Reciprocal_Rank": 0.753716833275657,
        "MiniLM_Time_Elapsed": 4.316757917404175
    },
    {
        "BGE_Average_Rank": 1.435897435897436,
        "BGE_Reciprocal_Rank": 0.9441485864562787,
        "BGE_Time_Elapsed": 9.305084466934204
    }
]