[
    {
        "input": "What specific issues have U.S. Lexus owners faced with cracking and delaminating dashboards and trim panels?",
        "actual_output": null,
        "expected_output": null,
        "context": [
            "The boot was usefully capacious but we\u2019re not suggesting that as an alternative.\u00a0\n\nLexus went for a simplistic dash design which you might think was either a design masterpiece or a bit dull. The instrument panel was inspired though and great to watch as it went through its party pieces.\u00a0One thing you\u2019d think there\u2019d be little dispute about was the quality of Lexus materials and the way they were bonded together but American owners in particular have reported problems with cracking/delaminating dashboards and trim panels."
        ],
        "source_file": "61bebeca-7f15-4598-9b41-26180a946001"
    },
    {
        "input": "What impact does the mix of Lexus's simplistic dash design and material issues have on longevity and user satisfaction?",
        "actual_output": null,
        "expected_output": null,
        "context": [
            "The boot was usefully capacious but we\u2019re not suggesting that as an alternative.\u00a0\n\nLexus went for a simplistic dash design which you might think was either a design masterpiece or a bit dull. The instrument panel was inspired though and great to watch as it went through its party pieces.\u00a0One thing you\u2019d think there\u2019d be little dispute about was the quality of Lexus materials and the way they were bonded together but American owners in particular have reported problems with cracking/delaminating dashboards and trim panels."
        ],
        "source_file": "61bebeca-7f15-4598-9b41-26180a946001"
    },
    {
        "input": "How does the RC F's performance, comfort, build quality, and reliability vary between daily driving and track use?",
        "actual_output": null,
        "expected_output": null,
        "context": [
            "The RC F\u2019s performance envelope was smaller but you could see that as a positive: lower limits are more easily approached and they\u2019re still big enough on an RC F to deliver an engaging drive.\u00a0\n\nOn top of that the F was comfy, beautifully made, sounded great and very rarely gave you any trouble, all attributes you could appreciate on a 24/7 basis and not just when you were caning it around a track."
        ],
        "source_file": "cdae58ce-a35c-4d8d-8b25-b9a2d0f54ae9"
    },
    {
        "input": "Considering the RC F's halved performance limits, how do its craftsmanship and reliability influence driving pleasure and daily usability?",
        "actual_output": null,
        "expected_output": null,
        "context": [
            "The RC F\u2019s performance envelope was smaller but you could see that as a positive: lower limits are more easily approached and they\u2019re still big enough on an RC F to deliver an engaging drive.\u00a0\n\nOn top of that the F was comfy, beautifully made, sounded great and very rarely gave you any trouble, all attributes you could appreciate on a 24/7 basis and not just when you were caning it around a track."
        ],
        "source_file": "cdae58ce-a35c-4d8d-8b25-b9a2d0f54ae9"
    },
    {
        "input": "How do aftermarket headers and extended gear ratios enhance the RC F's auditory output and driving dynamics?",
        "actual_output": null,
        "expected_output": null,
        "context": [
            "On the plus side, those long ratios encouraged you to hang onto the gears, a very pleasurable experience indeed as the sound the RC F made through its pipes and under-dash Active Sound Control speaker in the top two modes especially was nothing short of brilliant, or incredible with a good set of aftermarket headers and/or backbox fitted. Nothing else sounded like it. OK, Mustang apart, there wasn\u2019t much competition in the non-turbo V8 class. \u00a0\n\nF models are the most expensive Lexuses to service."
        ],
        "source_file": "2fc44059-79af-4c00-aef2-3f744623316e"
    },
    {
        "input": "How does the RC F's distinctive sound quality with aftermarket mods and high servicing costs compare to the Mustang?",
        "actual_output": null,
        "expected_output": null,
        "context": [
            "On the plus side, those long ratios encouraged you to hang onto the gears, a very pleasurable experience indeed as the sound the RC F made through its pipes and under-dash Active Sound Control speaker in the top two modes especially was nothing short of brilliant, or incredible with a good set of aftermarket headers and/or backbox fitted. Nothing else sounded like it. OK, Mustang apart, there wasn\u2019t much competition in the non-turbo V8 class. \u00a0\n\nF models are the most expensive Lexuses to service."
        ],
        "source_file": "2fc44059-79af-4c00-aef2-3f744623316e"
    },
    {
        "input": "How do Lexus' warranty service and manufacturing reputation compare to the heat-related amplifier issues in the RC F?",
        "actual_output": null,
        "expected_output": null,
        "context": [
            "Again, Lexus was good on warranty claims. The amplifier for the ML sound system sat in the boot and could play up when it got hot. They can be rebuilt.\n\nPH VERDICT\n\nFor many, \u2018Lexus\u2019 conjures up negativity. Folk will grudgingly accept the marque\u2019s peerless manufacturing reputation but then won\u2019t be able to get past the lounge-lizard image established by cars like the LS400.\u00a0\n\nThe Japan-built RC F proves how shortsighted that approach can be."
        ],
        "source_file": "08edfd6f-ece0-49f1-af58-b1ad908ced52"
    },
    {
        "input": "Compare the RC F's and LS400's reputations regarding image and manufacturing standards.",
        "actual_output": null,
        "expected_output": null,
        "context": [
            "Again, Lexus was good on warranty claims. The amplifier for the ML sound system sat in the boot and could play up when it got hot. They can be rebuilt.\n\nPH VERDICT\n\nFor many, \u2018Lexus\u2019 conjures up negativity. Folk will grudgingly accept the marque\u2019s peerless manufacturing reputation but then won\u2019t be able to get past the lounge-lizard image established by cars like the LS400.\u00a0\n\nThe Japan-built RC F proves how shortsighted that approach can be."
        ],
        "source_file": "08edfd6f-ece0-49f1-af58-b1ad908ced52"
    },
    {
        "input": "Assess the unpredictability and high replacement costs (~\u00a320,000) of a TVD compared to a mechanical differential, considering their suitability for regular versus track use.",
        "actual_output": null,
        "expected_output": null,
        "context": [
            "but some of those who tried it found the multiplate-clutch TVD to be less predictable than the mech diff. If for whatever reason you needed to replace the TVD that would be big money, figures of \u00a320,000 being mentioned, so unless you were going to be tracking the car all the time you were often better off without it.\u00a0\n\nPost-refresh cars with the adaptive suspension rode better over big road changes."
        ],
        "source_file": "7251382a-862d-42ec-9200-1d00969aaff9"
    },
    {
        "input": "How do the costs and predictability of a \u00a320,000 multiplate-clutch TVD and mech diff compare, considering track use and road adaptability?",
        "actual_output": null,
        "expected_output": null,
        "context": [
            "but some of those who tried it found the multiplate-clutch TVD to be less predictable than the mech diff. If for whatever reason you needed to replace the TVD that would be big money, figures of \u00a320,000 being mentioned, so unless you were going to be tracking the car all the time you were often better off without it.\u00a0\n\nPost-refresh cars with the adaptive suspension rode better over big road changes."
        ],
        "source_file": "7251382a-862d-42ec-9200-1d00969aaff9"
    },
    {
        "input": "How do price and reliability of F cars compare between higher and lower mileage examples?",
        "actual_output": null,
        "expected_output": null,
        "context": [
            "That\u2019s fine because there\u2019s never really been anything wrong with it. The combination of that constancy and a reassuring reliability record means that you can fully tap into the F experience from behind the wheel of a low-priced early example without feeling short-changed.\n\nHow low? Well, as mentioned at the beginning, higher-mileage cars (but still with under 60,000 miles) can be found at under \u00a330,000. With a \u00a335k budget, you can be in something with half that mileage."
        ],
        "source_file": "2f5880a4-eb64-4240-88e6-7dc015812a8c"
    },
    {
        "input": "How does the reliability record of a \u00a335k car with ~30,000 miles compare to sub-\u00a330k cars with up to 60,000 miles?",
        "actual_output": null,
        "expected_output": null,
        "context": [
            "That\u2019s fine because there\u2019s never really been anything wrong with it. The combination of that constancy and a reassuring reliability record means that you can fully tap into the F experience from behind the wheel of a low-priced early example without feeling short-changed.\n\nHow low? Well, as mentioned at the beginning, higher-mileage cars (but still with under 60,000 miles) can be found at under \u00a330,000. With a \u00a335k budget, you can be in something with half that mileage."
        ],
        "source_file": "2f5880a4-eb64-4240-88e6-7dc015812a8c"
    },
    {
        "input": "Compare the operational nuances and intervention thresholds of Sport vs. Expert modes in Lexus\u2019s VDIM system.",
        "actual_output": null,
        "expected_output": null,
        "context": [
            "New Sport and Expert modes were added to Lexus\u2019s VDIM system to give it four modes in all, Expert only butting in if it sensed the car was about to do a pirouette. There wasn\u2019t much connection through the electronic steering, and you\u2019d definitely prefer the Track Edition for circuits, but the regular car was fine for ambling (if not so much gambling) on public roads."
        ],
        "source_file": "05b95243-7f9d-4e2a-8617-e02f9ba2d16f"
    },
    {
        "input": "Analyze the impact on handling and track performance of Lexus's VDIM system by removing Sport mode, considering the roles of Expert mode and the Track Edition's suitability for circuits.",
        "actual_output": null,
        "expected_output": null,
        "context": [
            "New Sport and Expert modes were added to Lexus\u2019s VDIM system to give it four modes in all, Expert only butting in if it sensed the car was about to do a pirouette. There wasn\u2019t much connection through the electronic steering, and you\u2019d definitely prefer the Track Edition for circuits, but the regular car was fine for ambling (if not so much gambling) on public roads."
        ],
        "source_file": "05b95243-7f9d-4e2a-8617-e02f9ba2d16f"
    },
    {
        "input": "How does a Seibon carbon bonnet and proper wheelarch sealers reduce rust risk in high salt regions?",
        "actual_output": null,
        "expected_output": null,
        "context": [
            "If a car you\u2019re thinking of buying doesn\u2019t have the carbon bonnet and you\u2019re sad about that, fret not, aftermarket alternatives are available from the likes of Seibon. Some RC Fs had poorly-applied rear wheelarch sealer which could lead to water ingress and eventual rust, especially in high salt-use regions (step forward UK)\n\nINTERIOR\u00a0\n\nThe RC F driving position didn\u2019t suit everybody."
        ],
        "source_file": "9b93ee8c-618b-45b8-9dbd-0df7f61bfa22"
    },
    {
        "input": "Compare the issues of rear wheelarch sealer application and availability of aftermarket carbon bonnets.",
        "actual_output": null,
        "expected_output": null,
        "context": [
            "If a car you\u2019re thinking of buying doesn\u2019t have the carbon bonnet and you\u2019re sad about that, fret not, aftermarket alternatives are available from the likes of Seibon. Some RC Fs had poorly-applied rear wheelarch sealer which could lead to water ingress and eventual rust, especially in high salt-use regions (step forward UK)\n\nINTERIOR\u00a0\n\nThe RC F driving position didn\u2019t suit everybody."
        ],
        "source_file": "9b93ee8c-618b-45b8-9dbd-0df7f61bfa22"
    },
    {
        "input": "Given a \u00a335k budget, if RC F prices become volatile, what might one predict for an RC F with half the current mileage considering their static values and scarcity?",
        "actual_output": null,
        "expected_output": null,
        "context": [
            "With a \u00a335k budget, you can be in something with half that mileage. RC F values have been pretty much static for the last four years. This, along with the fact that there were just two RC Fs for sale on PH Classifieds at the time of going to press, and very few elsewhere, tells you something about the bond that RC F owners can form with their cars."
        ],
        "source_file": "a20a50cc-aaca-44cb-965f-20b6dfff4850"
    },
    {
        "input": "What if RC F owners all sold their cars at once? How would market value and availability change?",
        "actual_output": null,
        "expected_output": null,
        "context": [
            "With a \u00a335k budget, you can be in something with half that mileage. RC F values have been pretty much static for the last four years. This, along with the fact that there were just two RC Fs for sale on PH Classifieds at the time of going to press, and very few elsewhere, tells you something about the bond that RC F owners can form with their cars."
        ],
        "source_file": "a20a50cc-aaca-44cb-965f-20b6dfff4850"
    },
    {
        "input": "How do VDIM's Sport S and Sport S+ modes differ in gear selection, braking response, and engine speed?",
        "actual_output": null,
        "expected_output": null,
        "context": [
            "In Sport S+ the Sport mode of the car\u2019s VDIM (Vehicle Dynamics Integrated Management) system was activated. One level below Sport S+ was Sport S which used G-sensor information to pick the best gear for fast driving, automatically downshifting during hard braking and holding a low gear for good corner exits. Sport S+ sped up downshifts and kept the engine running at higher speeds."
        ],
        "source_file": "0a1ac37f-66ea-4d5b-ba09-0cb415ad99a1"
    },
    {
        "input": "How do Sport S and Sport S+ modes utilize G-sensor data in gear selection and engine speed to enhance driving experience?",
        "actual_output": null,
        "expected_output": null,
        "context": [
            "In Sport S+ the Sport mode of the car\u2019s VDIM (Vehicle Dynamics Integrated Management) system was activated. One level below Sport S+ was Sport S which used G-sensor information to pick the best gear for fast driving, automatically downshifting during hard braking and holding a low gear for good corner exits. Sport S+ sped up downshifts and kept the engine running at higher speeds."
        ],
        "source_file": "0a1ac37f-66ea-4d5b-ba09-0cb415ad99a1"
    },
    {
        "input": "Contrast the impact of seat base height and high dashtop on taller individuals' comfort with fitting child seats in the rear.",
        "actual_output": null,
        "expected_output": null,
        "context": [
            "Taller folk found the seat bases to be too high, especially with the sunroof fitted, promoting a hunched, bent-neck posture. The dashtop also seemed quite high. Humans don\u2019t really fit in the rear seats. You could get a child seat in there but belting the little \u2018un in wasn\u2019t that easy. The boot was usefully capacious but we\u2019re not suggesting that as an alternative."
        ],
        "source_file": "f457869c-1509-4c6f-b776-6a00cf0bed72"
    },
    {
        "input": "If taller adults had to regularly use the rear seats, how might seat height and child seat installation issues impact their posture and comfort?",
        "actual_output": null,
        "expected_output": null,
        "context": [
            "Taller folk found the seat bases to be too high, especially with the sunroof fitted, promoting a hunched, bent-neck posture. The dashtop also seemed quite high. Humans don\u2019t really fit in the rear seats. You could get a child seat in there but belting the little \u2018un in wasn\u2019t that easy. The boot was usefully capacious but we\u2019re not suggesting that as an alternative."
        ],
        "source_file": "f457869c-1509-4c6f-b776-6a00cf0bed72"
    },
    {
        "input": "What if the RC F's warranty was halved and driving enthusiastically reduced fuel efficiency? How would this impact long-term ownership?",
        "actual_output": null,
        "expected_output": null,
        "context": [
            "After the expiry of the 3-year/60,000 mile new car warranty you could buy new 12-month/10,000 mile Lexus \u2018activated\u2019 warranties at each service until the RC F reached the 10-year/100,000 mile mark.\u00a0\n\nOne owner claimed to have achieved 38mpg on a gentle run, and 30mpg was more than doable in normal Eco mode motoring, but hitting the official combined fuel consumption figure of 26.2mpg was difficult when driving enthusiastically."
        ],
        "source_file": "0bc6ac6e-ce8c-43d1-a8ac-e7a63176f287"
    },
    {
        "input": "What are the implications of Eco mode driving on reaching 30mpg compared to the official 26.2mpg figure?",
        "actual_output": null,
        "expected_output": null,
        "context": [
            "After the expiry of the 3-year/60,000 mile new car warranty you could buy new 12-month/10,000 mile Lexus \u2018activated\u2019 warranties at each service until the RC F reached the 10-year/100,000 mile mark.\u00a0\n\nOne owner claimed to have achieved 38mpg on a gentle run, and 30mpg was more than doable in normal Eco mode motoring, but hitting the official combined fuel consumption figure of 26.2mpg was difficult when driving enthusiastically."
        ],
        "source_file": "0bc6ac6e-ce8c-43d1-a8ac-e7a63176f287"
    },
    {
        "input": "If Sport S+ allowed instantaneous downshifts from 7th to 2nd gear, how would it compare to using manual mode for performance driving?",
        "actual_output": null,
        "expected_output": null,
        "context": [
            "Sport S+ sped up downshifts and kept the engine running at higher speeds.\n\nThe box shifted well for a non-dual-clutcher, with a throttle blip between paddle downshifts and the ability to hold onto a gear. In the right circumstances, the box would drop fairly instantaneously from 7th to 2nd, but really you were better off using it in manual mode."
        ],
        "source_file": "f7ad43e8-a9a1-4742-8001-c88c1779b1ae"
    },
    {
        "input": "How does Sport S+ mode's rapid downshifts and throttle blips compare to the precision of a dual-clutch system?",
        "actual_output": null,
        "expected_output": null,
        "context": [
            "Sport S+ sped up downshifts and kept the engine running at higher speeds.\n\nThe box shifted well for a non-dual-clutcher, with a throttle blip between paddle downshifts and the ability to hold onto a gear. In the right circumstances, the box would drop fairly instantaneously from 7th to 2nd, but really you were better off using it in manual mode."
        ],
        "source_file": "f7ad43e8-a9a1-4742-8001-c88c1779b1ae"
    },
    {
        "input": "Imagine a scenario where both the HVAC servo motor and heated seat blower malfunction simultaneously. How would this dual failure affect passenger comfort and Lexus's warranty response?",
        "actual_output": null,
        "expected_output": null,
        "context": [
            "It wasn\u2019t a massively fulfilling exercise as the whole system looked old, there was very little intuitiveness to it and the sat nav wasn\u2019t great.\u00a0\n\nSome owners have had an HVAC servo motor malfunction, usually at around 25,000 miles, which prevented the passenger side vent from blowing cold air. Others have experienced a section of the heated/ventilated seat becoming very hot when the cooling function was engaged. Ironically that was often down to the blower mechanism itself heating up. Again, Lexus was good on warranty claims."
        ],
        "source_file": "b8c2a4c0-aab9-4469-a999-749999155c9a"
    },
    {
        "input": "What specific warranty actions did Lexus undertake for HVAC servo motor malfunctions and heated seat blower issues at 25,000 miles?",
        "actual_output": null,
        "expected_output": null,
        "context": [
            "It wasn\u2019t a massively fulfilling exercise as the whole system looked old, there was very little intuitiveness to it and the sat nav wasn\u2019t great.\u00a0\n\nSome owners have had an HVAC servo motor malfunction, usually at around 25,000 miles, which prevented the passenger side vent from blowing cold air. Others have experienced a section of the heated/ventilated seat becoming very hot when the cooling function was engaged. Ironically that was often down to the blower mechanism itself heating up. Again, Lexus was good on warranty claims."
        ],
        "source_file": "b8c2a4c0-aab9-4469-a999-749999155c9a"
    },
    {
        "input": "How would the RC F's UK road presence differ with a Euro badge and positive car journo review?",
        "actual_output": null,
        "expected_output": null,
        "context": [
            "If, like the vast majority of owners, you were planning on using it on roads rather than tracks it made a lot of sense. A different maker\u2019s badge, one more clearly associated with Euro thoroughbreds, would surely have made the RC F a much more common sight on UK roads. Well, that and a slightly less negative review by a certain globally-known car journo which effectively put the brakes on early sales here."
        ],
        "source_file": "86a4d9a0-4858-4f7f-8c3b-4252d647543f"
    },
    {
        "input": "If a renowned car journo had given a glowing review, would the RC F with a Euro badge dominate UK roads?",
        "actual_output": null,
        "expected_output": null,
        "context": [
            "If, like the vast majority of owners, you were planning on using it on roads rather than tracks it made a lot of sense. A different maker\u2019s badge, one more clearly associated with Euro thoroughbreds, would surely have made the RC F a much more common sight on UK roads. Well, that and a slightly less negative review by a certain globally-known car journo which effectively put the brakes on early sales here."
        ],
        "source_file": "86a4d9a0-4858-4f7f-8c3b-4252d647543f"
    },
    {
        "input": "Imagine if the 60k/6-year service costs doubled; how would this affect overall service costs, including intermediate and full services, and the replacement schedule for non-oil fluids in F models?",
        "actual_output": null,
        "expected_output": null,
        "context": [
            "F models are the most expensive Lexuses to service. After the initial checkover at 5k miles/6 months, an intermediate now costs \u00a3415 and a full service \u00a3770. Replacement of the spark plugs and the non-oil fluids, like for the diff and brakes, is part of the 60k/6-year service, making that one more expensive at over \u00a31,000."
        ],
        "source_file": "213f5260-65a0-4012-8b17-9afc7ad9aee6"
    },
    {
        "input": "How do the service costs for initial checkover, intermediate, and 60k/6-year for Lexus F models compare?",
        "actual_output": null,
        "expected_output": null,
        "context": [
            "F models are the most expensive Lexuses to service. After the initial checkover at 5k miles/6 months, an intermediate now costs \u00a3415 and a full service \u00a3770. Replacement of the spark plugs and the non-oil fluids, like for the diff and brakes, is part of the 60k/6-year service, making that one more expensive at over \u00a31,000."
        ],
        "source_file": "213f5260-65a0-4012-8b17-9afc7ad9aee6"
    },
    {
        "input": "How does the three-mode TVD's engagement and locking on throttle input compare to the Torsen diff's \u00a34,000 option?",
        "actual_output": null,
        "expected_output": null,
        "context": [
            "The switchable three-mode torque-vectoring differential that was standard on the Track Edition was available as a \u00a34,000 option to the Torsen mechanical limited-slip diff on the standard RC F. TVD gave a useful sensation of \u2018centredness\u2019 on initial turn-in and it provided the most natural experience in Track setting, engaging and locking the diff on any kind of throttle input and allowing you to control a drift on the right-hand pedal,"
        ],
        "source_file": "4f82b96b-0656-474a-aaad-447ee52ac6d5"
    },
    {
        "input": "How does the RC F's switchable three-mode TVD differ from the standard Torsen LSD in driving dynamics, particularly regarding initial turn-in, natural Track setting feel, and throttle-controlled drift?",
        "actual_output": null,
        "expected_output": null,
        "context": [
            "The switchable three-mode torque-vectoring differential that was standard on the Track Edition was available as a \u00a34,000 option to the Torsen mechanical limited-slip diff on the standard RC F. TVD gave a useful sensation of \u2018centredness\u2019 on initial turn-in and it provided the most natural experience in Track setting, engaging and locking the diff on any kind of throttle input and allowing you to control a drift on the right-hand pedal,"
        ],
        "source_file": "4f82b96b-0656-474a-aaad-447ee52ac6d5"
    },
    {
        "input": "Compare the effects of lengthy gear ratios and intelligent transmission behavior on speed dynamics in 2nd vs. 3rd gear.",
        "actual_output": null,
        "expected_output": null,
        "context": [
            "The ratios were quite long \u2013\u00a0nearly 80mph in 2nd and 110mph in 3rd \u2013 adding to the underlying sensation of there not being that much urge below 3,000rpm. If you spent a lot of time in towns the intelligent transmission would get lazy and begin to introduce noticeable delays or rethinks into the quick-downchange process."
        ],
        "source_file": "38726696-c1be-475d-93d5-62bfd0af8311"
    },
    {
        "input": "How do lengthy gear ratios and low rpm performance, such as nearly 80mph in 2nd gear and 110mph in 3rd gear, impact the transmission's quick-downshift response in urban driving conditions?",
        "actual_output": null,
        "expected_output": null,
        "context": [
            "The ratios were quite long \u2013\u00a0nearly 80mph in 2nd and 110mph in 3rd \u2013 adding to the underlying sensation of there not being that much urge below 3,000rpm. If you spent a lot of time in towns the intelligent transmission would get lazy and begin to introduce noticeable delays or rethinks into the quick-downchange process."
        ],
        "source_file": "38726696-c1be-475d-93d5-62bfd0af8311"
    },
    {
        "input": "Compare the RC F's camshaft profiling, Atkinson cycle mode, and VVT-iE in enhancing fuel efficiency.",
        "actual_output": null,
        "expected_output": null,
        "context": [
            "New camshaft profiling with revised VVT-iE variable valve timing and titanium valves helped to lift the redline to 7,300rpm and deliver 54hp more than the IS F. Unusually the RC F went into \u2018Atkinson cycle\u2019 mode when pottering to boost economy. Some owners have reported high-restraint mpg figures in the high 30s which is pretty amazing for an old-school naturally aspirated V8."
        ],
        "source_file": "6adaaa2f-45e3-42f2-99ab-215668753691"
    },
    {
        "input": "How do VVT-iE, Atkinson cycle, and titanium valves enhance the RC F's performance and fuel efficiency?",
        "actual_output": null,
        "expected_output": null,
        "context": [
            "New camshaft profiling with revised VVT-iE variable valve timing and titanium valves helped to lift the redline to 7,300rpm and deliver 54hp more than the IS F. Unusually the RC F went into \u2018Atkinson cycle\u2019 mode when pottering to boost economy. Some owners have reported high-restraint mpg figures in the high 30s which is pretty amazing for an old-school naturally aspirated V8."
        ],
        "source_file": "6adaaa2f-45e3-42f2-99ab-215668753691"
    },
    {
        "input": "Analyze how substituting RC F\u2019s pistons, conrods, and crankshaft with IS F\u2019s components impacts its fuel system, dual intakes, and head porting efficiency.",
        "actual_output": null,
        "expected_output": null,
        "context": [
            "ENGINE & GEARBOX\n\nThe RC F version of the 5.0 V8 engine was significantly different to the IS F\u2019s. The pistons, conrods and crankshaft were all new, as were the wider throttled fuel injection system, dual length intakes and improved head porting."
        ],
        "source_file": "f521944f-c99d-4852-b18e-28589057489f"
    },
    {
        "input": "Analyze the advancements in the RC F\u2019s 5.0 V8 engine components and their impact on performance relative to the IS F\u2019s version.",
        "actual_output": null,
        "expected_output": null,
        "context": [
            "ENGINE & GEARBOX\n\nThe RC F version of the 5.0 V8 engine was significantly different to the IS F\u2019s. The pistons, conrods and crankshaft were all new, as were the wider throttled fuel injection system, dual length intakes and improved head porting."
        ],
        "source_file": "f521944f-c99d-4852-b18e-28589057489f"
    },
    {
        "input": "Compare the economic implications of \u00a31,000 replacement pumps, oil usage, and Lexus\u2019s complaint resolution efficiency.",
        "actual_output": null,
        "expected_output": null,
        "context": [
            "Replacement pumps out of warranty were getting on for \u00a31,000 each.\u00a0\n\nWe have heard of heavier-than-normal oil usage on higher-mileage cars but carbon buildup hasn\u2019t been an issue because the engine is both port- and direct-injected. Lexus has an excellent reputation for quickly resolving what few complaints they have had. \u00a0\n\nThe eight-speed torque converter auto had five modes from Eco to Sport S+, with a sixth Custom setting arriving in the 2018 refresh."
        ],
        "source_file": "7e6673d9-9798-47d9-8802-f865c611b402"
    },
    {
        "input": "How does Lexus address high-mileage oil usage, costly replacement pumps, and maintain swift complaint resolution?",
        "actual_output": null,
        "expected_output": null,
        "context": [
            "Replacement pumps out of warranty were getting on for \u00a31,000 each.\u00a0\n\nWe have heard of heavier-than-normal oil usage on higher-mileage cars but carbon buildup hasn\u2019t been an issue because the engine is both port- and direct-injected. Lexus has an excellent reputation for quickly resolving what few complaints they have had. \u00a0\n\nThe eight-speed torque converter auto had five modes from Eco to Sport S+, with a sixth Custom setting arriving in the 2018 refresh."
        ],
        "source_file": "7e6673d9-9798-47d9-8802-f865c611b402"
    },
    {
        "input": "Compare Lexus USA's warranty enhancements for exterior carbon issues with Lexus GB's response and associated costs.",
        "actual_output": null,
        "expected_output": null,
        "context": [
            "Similar issues were reported on exterior carbon pieces. After some initial head-scratching, Lexus USA issued a Warranty Enhancement for this but Lexus GB weren\u2019t as helpful for British owners who began to notice this happening to their cars, saying that US examples weren\u2019t relevant and quoting one UK owner \u00a33,000 for a replacement rear spoiler and \u00a31,800 (including a goodwill discount) for two pieces of dash trim and a driver\u2019s door card."
        ],
        "source_file": "c3076423-cf20-4273-9232-0b353fdf9b1a"
    },
    {
        "input": "How do Lexus USA and Lexus GB's responses to exterior carbon issues compare, and what are the impacts on owners?",
        "actual_output": null,
        "expected_output": null,
        "context": [
            "Similar issues were reported on exterior carbon pieces. After some initial head-scratching, Lexus USA issued a Warranty Enhancement for this but Lexus GB weren\u2019t as helpful for British owners who began to notice this happening to their cars, saying that US examples weren\u2019t relevant and quoting one UK owner \u00a33,000 for a replacement rear spoiler and \u00a31,800 (including a goodwill discount) for two pieces of dash trim and a driver\u2019s door card."
        ],
        "source_file": "c3076423-cf20-4273-9232-0b353fdf9b1a"
    },
    {
        "input": "If fuel line delamination and high-pressure pump damper failures occurred simultaneously, how might these issues amplify risks and financial burdens?",
        "actual_output": null,
        "expected_output": null,
        "context": [
            "There was a recall for a delaminating fuel line which could cause petrol to leak directly onto the engine, and there was some trouble with the dampers in the high-pressure fuel pumps (there are two on the RC F) which \u2018chirp\u2019 when they start to go bad. Replacement pumps out of warranty were getting on for \u00a31,000 each."
        ],
        "source_file": "4635d1ca-a324-42bc-8ed3-990313503523"
    },
    {
        "input": "Compare the financial impact and potential risks of delaminating fuel lines versus failing high-pressure fuel pumps.",
        "actual_output": null,
        "expected_output": null,
        "context": [
            "There was a recall for a delaminating fuel line which could cause petrol to leak directly onto the engine, and there was some trouble with the dampers in the high-pressure fuel pumps (there are two on the RC F) which \u2018chirp\u2019 when they start to go bad. Replacement pumps out of warranty were getting on for \u00a31,000 each."
        ],
        "source_file": "4635d1ca-a324-42bc-8ed3-990313503523"
    },
    {
        "input": "If Lexus introduced a turbocharged V8 in the RC F, how might it affect its allure against BMW's advanced M cars?",
        "actual_output": null,
        "expected_output": null,
        "context": [
            "Relative to the new generation of heavily turbocharged M cars from BMW \u2013\u00a0the M4 was 300kg lighter than the Lexus \u2013 the F felt decidedly old-generation, but that didn\u2019t really matter to many of those who wanted an RC F for other reasons, i.e.\u00a0its easygoing nature, superb finish and build quality and purposeful V8 shout.\u00a0\n\nIf it did matter, then the Track Edition (or Performance Package) version launched at the 2019 Detroit show was the one for you."
        ],
        "source_file": "beeb8bd4-ec50-48aa-b072-61aec9ee3d35"
    },
    {
        "input": "Compare the RC F\u2019s easygoing nature, build quality, and V8 with BMW's turbocharged M cars' performance.",
        "actual_output": null,
        "expected_output": null,
        "context": [
            "Relative to the new generation of heavily turbocharged M cars from BMW \u2013\u00a0the M4 was 300kg lighter than the Lexus \u2013 the F felt decidedly old-generation, but that didn\u2019t really matter to many of those who wanted an RC F for other reasons, i.e.\u00a0its easygoing nature, superb finish and build quality and purposeful V8 shout.\u00a0\n\nIf it did matter, then the Track Edition (or Performance Package) version launched at the 2019 Detroit show was the one for you."
        ],
        "source_file": "beeb8bd4-ec50-48aa-b072-61aec9ee3d35"
    },
    {
        "input": "Can enhancing RC F's V8 and craftsmanship elevate it beyond the BMW M3/M4, considering their sporty nature?",
        "actual_output": null,
        "expected_output": null,
        "context": [
            "The Japan-built RC F proves how shortsighted that approach can be. When you look objectively at the package \u2013\u00a0a wonderful naturally aspirated V8, sharp coupe looks, great build quality \u2013\u00a0it readily presents itself as an interesting alternative to an M3 or an M4. The BMWs are undoubtedly more sporty but the opportunities for using cars like that to the full extent are few and far between."
        ],
        "source_file": "b8ce7e62-0033-4a66-abf3-f41ae80ee659"
    },
    {
        "input": "Considering the limited opportunities to utilize high performance, how do RC F\u2019s V8, design, and quality compare to M3/M4?",
        "actual_output": null,
        "expected_output": null,
        "context": [
            "The Japan-built RC F proves how shortsighted that approach can be. When you look objectively at the package \u2013\u00a0a wonderful naturally aspirated V8, sharp coupe looks, great build quality \u2013\u00a0it readily presents itself as an interesting alternative to an M3 or an M4. The BMWs are undoubtedly more sporty but the opportunities for using cars like that to the full extent are few and far between."
        ],
        "source_file": "b8ce7e62-0033-4a66-abf3-f41ae80ee659"
    },
    {
        "input": "How do the prices of new Lexus RC F models and the \u00a383.5k Carbon version compare to 2018-on used models?",
        "actual_output": null,
        "expected_output": null,
        "context": [
            "Today, in mid-2023, the RC F is still part of the Lexus offering but prices for a new F now start from \u00a376.5k, or \u00a383.5k if you want the Carbon model. Used RC Fs are pretty thin on the ground and hold their value well. Early examples with 50-60,000 miles will still cost you around \u00a330,000. 2018-on phase two cars with 30,000 miles recorded are available from around \u00a343k."
        ],
        "source_file": "187db2d5-cb40-4124-8d2f-3e84d72f24e1"
    },
    {
        "input": "How would doubling RC F production, considering mid-2023 prices, impact early and 2018-on phase two models?",
        "actual_output": null,
        "expected_output": null,
        "context": [
            "Today, in mid-2023, the RC F is still part of the Lexus offering but prices for a new F now start from \u00a376.5k, or \u00a383.5k if you want the Carbon model. Used RC Fs are pretty thin on the ground and hold their value well. Early examples with 50-60,000 miles will still cost you around \u00a330,000. 2018-on phase two cars with 30,000 miles recorded are available from around \u00a343k."
        ],
        "source_file": "187db2d5-cb40-4124-8d2f-3e84d72f24e1"
    },
    {
        "input": "Could offering features like sunroofs, ACC, and Pre-Crash Safety systems standard, influence buyer preferences similar to the 10th Anniversary model?",
        "actual_output": null,
        "expected_output": null,
        "context": [
            "Sunroofs, Adaptive Cruise Control (ACC) and Pre-Crash Safety systems were all optional.\u00a0\n\nTo celebrate the F high-performance sub-brand\u2019s tenth birthday a 10th Anniversary model was inserted into the 2018 model-year range. These cars were finished in Matt Grey with a blue leather interior and had a packed spec which included the Mark Levinson audio and Adaptive Variable Suspension as well as the CFRP roof and bonnet."
        ],
        "source_file": "5abfe2ad-03d1-4617-ac95-c35e5060c234"
    },
    {
        "input": "Compare the features of the 10th Anniversary model with standard optional features, focusing on audio, suspension, and roof/bonnet.",
        "actual_output": null,
        "expected_output": null,
        "context": [
            "Sunroofs, Adaptive Cruise Control (ACC) and Pre-Crash Safety systems were all optional.\u00a0\n\nTo celebrate the F high-performance sub-brand\u2019s tenth birthday a 10th Anniversary model was inserted into the 2018 model-year range. These cars were finished in Matt Grey with a blue leather interior and had a packed spec which included the Mark Levinson audio and Adaptive Variable Suspension as well as the CFRP roof and bonnet."
        ],
        "source_file": "5abfe2ad-03d1-4617-ac95-c35e5060c234"
    },
    {
        "input": "If the RC F's weight doubled, how would this impact its low-speed ride quality with adaptive suspension and specific spring rates?",
        "actual_output": null,
        "expected_output": null,
        "context": [
            "Post-refresh cars with the adaptive suspension rode better over big road changes. The low-speed ride could feel lumpy in any RC F, however, the car\u2019s weight very much conditioning the choice of spring rates. Both RC F models came with 19-inch forged aluminium wheels, the Carbon having twin sets of ten spokes, the standard car having five pairs of double thin machine-finish spokes. Tyres were staggered, 255 front and 275 rear."
        ],
        "source_file": "7527305a-5db6-4642-8912-396f4388d48f"
    },
    {
        "input": "Analyze how the adaptive suspension, distinct wheel designs, and staggered tyre setup collectively influence ride comfort and handling in the RC F Carbon compared to the standard model.",
        "actual_output": null,
        "expected_output": null,
        "context": [
            "Post-refresh cars with the adaptive suspension rode better over big road changes. The low-speed ride could feel lumpy in any RC F, however, the car\u2019s weight very much conditioning the choice of spring rates. Both RC F models came with 19-inch forged aluminium wheels, the Carbon having twin sets of ten spokes, the standard car having five pairs of double thin machine-finish spokes. Tyres were staggered, 255 front and 275 rear."
        ],
        "source_file": "7527305a-5db6-4642-8912-396f4388d48f"
    },
    {
        "input": "What would be the performance and prestige differences between a hybrid V8 Lexus coupe and the current V8 model, considering factors like drivetrain, materials, and technological enhancements?",
        "actual_output": null,
        "expected_output": null,
        "context": [
            "That was enough to make it Lexus\u2019s most powerful V8 production coupe ever.\u00a0\n\nWith an in-house built eight-speed torque converter Sports Direct Shift auto gearbox attached, the rear-drive F was good for a 0-62mph time of 4.5 seconds. Along with all the expected-for-Lexus driver aids there was a Torsen mechanical limited-slip diff, aero-optimised underbody panels and an active rear spoiler which, in the RC F Carbon, was made of carbon fibre-reinforced plastic."
        ],
        "source_file": "b91727be-34a1-4fef-9363-0c81bd5af422"
    },
    {
        "input": "How do the active rear spoiler and the Torsen mechanical limited-slip diff each affect the RC F Carbon's 0-62mph acceleration?",
        "actual_output": null,
        "expected_output": null,
        "context": [
            "That was enough to make it Lexus\u2019s most powerful V8 production coupe ever.\u00a0\n\nWith an in-house built eight-speed torque converter Sports Direct Shift auto gearbox attached, the rear-drive F was good for a 0-62mph time of 4.5 seconds. Along with all the expected-for-Lexus driver aids there was a Torsen mechanical limited-slip diff, aero-optimised underbody panels and an active rear spoiler which, in the RC F Carbon, was made of carbon fibre-reinforced plastic."
        ],
        "source_file": "b91727be-34a1-4fef-9363-0c81bd5af422"
    },
    {
        "input": "If the RC F's adaptive suspension were replaced with a lighter system, how might this affect its performance given its existing power and weight constraints?",
        "actual_output": null,
        "expected_output": null,
        "context": [
            "A phase two RC F was shown at the Paris show in 2018 for sales in 2019. New one-piece headlights and all-LED rear lights sharpened up the look although WLTP regs made these cars marginally less powerful at 458hp. Adaptive suspension became standard and a Plus Pack was offered incorporating the Levinson stereo.\n\nThe F\u2019s biggest problem was its high 1.8-tonne-plus weight combined with \u2018toppy\u2019 power and torque."
        ],
        "source_file": "8bf9f234-cfa2-45ab-b3ed-9df6f0c0a4fb"
    },
    {
        "input": "How does the RC F's performance with adaptive suspension, 458hp engine, and WLTP regs compare to its 1.8-tonne weight?",
        "actual_output": null,
        "expected_output": null,
        "context": [
            "A phase two RC F was shown at the Paris show in 2018 for sales in 2019. New one-piece headlights and all-LED rear lights sharpened up the look although WLTP regs made these cars marginally less powerful at 458hp. Adaptive suspension became standard and a Plus Pack was offered incorporating the Levinson stereo.\n\nThe F\u2019s biggest problem was its high 1.8-tonne-plus weight combined with \u2018toppy\u2019 power and torque."
        ],
        "source_file": "8bf9f234-cfa2-45ab-b3ed-9df6f0c0a4fb"
    },
    {
        "input": "Analyze the prevalence of cabin noises in the RC F, such as occasional seat back squeaks, in relation to the practicality of its trackpad-based infotainment system.",
        "actual_output": null,
        "expected_output": null,
        "context": [
            "Creaks or rattles were generally, not to say literally, unheard of in an RC F cabin, but you might hear the occasional squeak from the seat back during adjustment.\n\nRemember trackpads? You might even still use one on your \u2018puter at home but whether you would want one in a car is another question. Lexus thought you did so that\u2019s part of what you have to use in the RC F to access your infotainment."
        ],
        "source_file": "a7bf5a4e-bd53-4a8e-930e-2fe3c7e2ef3f"
    },
    {
        "input": "What trackpad input method does the Lexus RC F's infotainment use, and are seat back adjustments prone to squeaks?",
        "actual_output": null,
        "expected_output": null,
        "context": [
            "Creaks or rattles were generally, not to say literally, unheard of in an RC F cabin, but you might hear the occasional squeak from the seat back during adjustment.\n\nRemember trackpads? You might even still use one on your \u2018puter at home but whether you would want one in a car is another question. Lexus thought you did so that\u2019s part of what you have to use in the RC F to access your infotainment."
        ],
        "source_file": "a7bf5a4e-bd53-4a8e-930e-2fe3c7e2ef3f"
    },
    {
        "input": "How did ceramic brakes, CFRP roof/bonnet, carbon fibre aero parts, BBS alloy wheels, and titanium exhaust achieve 80kg weight reduction in a car priced at over \u00a393,000?",
        "actual_output": null,
        "expected_output": null,
        "context": [
            "This came with the TVD as standard along with weight-reducing items such as ceramic brakes, CFRP roof and bonnet, carbon fibre aero parts (including a front splitter and fixed rear wing), BBS 19-inch forged alloy wheels and a titanium exhaust. The total weight saving was a worthwhile 80kg. For one of the 50 allocated to the UK you would have been paying just over \u00a393,000."
        ],
        "source_file": "9642ed19-f401-44f0-87e3-ce9fea86e1d4"
    },
    {
        "input": "How would replacing lightweight ceramic brakes, CFRP components, and titanium exhaust with heavier alternatives impact both vehicle performance and the overall cost, including the 80kg weight savings and the \u00a393,000 price point?",
        "actual_output": null,
        "expected_output": null,
        "context": [
            "This came with the TVD as standard along with weight-reducing items such as ceramic brakes, CFRP roof and bonnet, carbon fibre aero parts (including a front splitter and fixed rear wing), BBS 19-inch forged alloy wheels and a titanium exhaust. The total weight saving was a worthwhile 80kg. For one of the 50 allocated to the UK you would have been paying just over \u00a393,000."
        ],
        "source_file": "9642ed19-f401-44f0-87e3-ce9fea86e1d4"
    },
    {
        "input": "How do the RC F\u2019s aero-stabilising fins, cooling fans, and auto-deploy wing enhance high-speed chase performance?",
        "actual_output": null,
        "expected_output": null,
        "context": [
            "BODYWORK\n\nThere was plenty going on with the RC F\u2019s body, with loads of interesting details and features like aero-stabilising fins in the door frames and rear light assemblies, cooling fans behind the three-LED headlight units and vents in nifty places. The rear wing automatically deployed at 50mph and went down at 25mph but you could manually toggle it up and down in Sainsburys car park if you wanted to."
        ],
        "source_file": "5538d921-481f-47a2-9113-e33168a1681a"
    },
    {
        "input": "How do RC F\u2019s auto-deploy/retract wing speeds compare to manual toggling in a parking lot?",
        "actual_output": null,
        "expected_output": null,
        "context": [
            "BODYWORK\n\nThere was plenty going on with the RC F\u2019s body, with loads of interesting details and features like aero-stabilising fins in the door frames and rear light assemblies, cooling fans behind the three-LED headlight units and vents in nifty places. The rear wing automatically deployed at 50mph and went down at 25mph but you could manually toggle it up and down in Sainsburys car park if you wanted to."
        ],
        "source_file": "5538d921-481f-47a2-9113-e33168a1681a"
    },
    {
        "input": "Compare the RC F's 5.0L V8 performance with and without the Radical Cup and Fuji Speedway's development influences.",
        "actual_output": null,
        "expected_output": null,
        "context": [
            "The F in RC F stood for Radical Cup, while the F stood for \u2018flagship\u2019 and Fuji Speedway where Lexus did most of its sporting car development. Released at the 2014 Detroit show for sales starting in the US in the later part of that year, the RC F had the IS F super-saloon\u2019s Yamaha-designed naturally aspirated 2UR-GSE 5.0 litre V8 but upgraded through new internals and a higher compression ratio to put out 467hp at a hammering 7,100rpm."
        ],
        "source_file": "20db01f4-dc75-4efd-a3aa-69bf4a2ce708"
    },
    {
        "input": "What if the RC F\u2019s 5.0L V8 had been turbocharged? How might its performance and market reception change?",
        "actual_output": null,
        "expected_output": null,
        "context": [
            "The F in RC F stood for Radical Cup, while the F stood for \u2018flagship\u2019 and Fuji Speedway where Lexus did most of its sporting car development. Released at the 2014 Detroit show for sales starting in the US in the later part of that year, the RC F had the IS F super-saloon\u2019s Yamaha-designed naturally aspirated 2UR-GSE 5.0 litre V8 but upgraded through new internals and a higher compression ratio to put out 467hp at a hammering 7,100rpm."
        ],
        "source_file": "20db01f4-dc75-4efd-a3aa-69bf4a2ce708"
    },
    {
        "input": "How did the introduction of the 2014 Track Edition, with its \u00a39,750 Track Pack, impact the pricing of the standard and Carbon RC F models (\u00a359,995 and \u00a367,995 respectively)?",
        "actual_output": null,
        "expected_output": null,
        "context": [
            "If you missed out on the Track Edition you could pay \u00a39,750 to have a Track Pack fitted to your regular RC F. This had the forged wheels, ceramic brakes and TVD.\u00a0\n\nOn the RC F\u2019s release in the UK in late 2014 for deliveries in early 2015 the standard F was \u00a359,995 and the Carbon was \u00a367,995."
        ],
        "source_file": "ad52aef0-06c9-4754-b0e3-d4ce545cf8b3"
    },
    {
        "input": "If the Track Edition had never existed, how would the inclusion of the Track Pack affect the price and features of the standard RC F and the Carbon models in the UK release?",
        "actual_output": null,
        "expected_output": null,
        "context": [
            "If you missed out on the Track Edition you could pay \u00a39,750 to have a Track Pack fitted to your regular RC F. This had the forged wheels, ceramic brakes and TVD.\u00a0\n\nOn the RC F\u2019s release in the UK in late 2014 for deliveries in early 2015 the standard F was \u00a359,995 and the Carbon was \u00a367,995."
        ],
        "source_file": "ad52aef0-06c9-4754-b0e3-d4ce545cf8b3"
    },
    {
        "input": "How do the RC F's double wishbone front and multi-link rear suspensions contribute to its handling on tough roads?",
        "actual_output": null,
        "expected_output": null,
        "context": [
            "High teens or low 20s were the norm.\n\nCHASSIS\n\nDouble wishbone front and a multi-link rear was the RC F\u2019s tried and tested suspension mix, with the front arms made of forged aluminium. Even so, the RC F wasn\u2019t a small or light car. You could never describe it as agile, but hard development yards put in by Lexus at Fuji and the N\u00fcrburgring went a long way towards keeping it tidy enough even on difficult roads."
        ],
        "source_file": "3b884827-dc8f-4c04-96fc-3e75782b4236"
    },
    {
        "input": "How does RC F's handling with extensive track testing compare to its potential performance without such testing?",
        "actual_output": null,
        "expected_output": null,
        "context": [
            "High teens or low 20s were the norm.\n\nCHASSIS\n\nDouble wishbone front and a multi-link rear was the RC F\u2019s tried and tested suspension mix, with the front arms made of forged aluminium. Even so, the RC F wasn\u2019t a small or light car. You could never describe it as agile, but hard development yards put in by Lexus at Fuji and the N\u00fcrburgring went a long way towards keeping it tidy enough even on difficult roads."
        ],
        "source_file": "3b884827-dc8f-4c04-96fc-3e75782b4236"
    },
    {
        "input": "How do CFRP bonnet, TVD, and ML audio system contribute to the Carbon's performance and desirability?",
        "actual_output": null,
        "expected_output": null,
        "context": [
            "The Carbon also had a CFRP bonnet and roof and a torque vectoring differential, a first in a front-engined, rear-wheel drive car. The TDV was available as an option on the straight RC F, as was the Carbon\u2019s 17-speaker Mark Levinson audio system.\n\nOddly, you could only get TVD on Levinson-equipped cars, but in the real world very few RC Fs didn\u2019t have the ML kit."
        ],
        "source_file": "a0303b43-6877-440a-be81-03969eb3a375"
    },
    {
        "input": "How does the RC F integrate CFRP components, a 17-speaker Mark Levinson audio system, and TVD?",
        "actual_output": null,
        "expected_output": null,
        "context": [
            "The Carbon also had a CFRP bonnet and roof and a torque vectoring differential, a first in a front-engined, rear-wheel drive car. The TDV was available as an option on the straight RC F, as was the Carbon\u2019s 17-speaker Mark Levinson audio system.\n\nOddly, you could only get TVD on Levinson-equipped cars, but in the real world very few RC Fs didn\u2019t have the ML kit."
        ],
        "source_file": "a0303b43-6877-440a-be81-03969eb3a375"
    },
    {
        "input": "If the tyre sizes were reversed, 275 front and 255 rear, how would that affect handling and brake performance, considering the Brembo brake dimensions and the use of wheel spacers?",
        "actual_output": null,
        "expected_output": null,
        "context": [
            "Tyres were staggered, 255 front and 275 rear. Brakes were by Brembo, 380mm/6-piston front and 345mm/4-piston rear. Spacers have been put in by a few owners to help the wheels to fill out the arches more satisfyingly."
        ],
        "source_file": "afe807aa-cc6b-409e-b91b-08aa6a29212e"
    },
    {
        "input": "How do staggered tyres and Brembo brakes compare to spacers in enhancing wheel arch aesthetics?",
        "actual_output": null,
        "expected_output": null,
        "context": [
            "Tyres were staggered, 255 front and 275 rear. Brakes were by Brembo, 380mm/6-piston front and 345mm/4-piston rear. Spacers have been put in by a few owners to help the wheels to fill out the arches more satisfyingly."
        ],
        "source_file": "afe807aa-cc6b-409e-b91b-08aa6a29212e"
    },
    {
        "input": "Outline the 2013 Lexus RC F launch timing, evaluate its engine options, and analyze performance variations considering its weight.",
        "actual_output": null,
        "expected_output": null,
        "context": [
            "Launched at the 2013 Tokyo show for production in 2014 the Lexus RC F was a smartly styled coupe powered by a small range of four- and six-cylinder engines. Not all of these powertrains were up to the task of delivering serious performance in what was quite a weighty machine, but the RC F that we\u2019re looking at today didn\u2019t suffer from that problem."
        ],
        "source_file": "0609cad0-0d5d-40fd-ae79-f1b40417f2a6"
    },
    {
        "input": "How would increasing the weight of the 2014 Lexus RC F chassis further impact its engine performance, considering the existing limitations of its four- and six-cylinder engines and its smart styling?",
        "actual_output": null,
        "expected_output": null,
        "context": [
            "Launched at the 2013 Tokyo show for production in 2014 the Lexus RC F was a smartly styled coupe powered by a small range of four- and six-cylinder engines. Not all of these powertrains were up to the task of delivering serious performance in what was quite a weighty machine, but the RC F that we\u2019re looking at today didn\u2019t suffer from that problem."
        ],
        "source_file": "0609cad0-0d5d-40fd-ae79-f1b40417f2a6"
    },
    {
        "input": "Discuss the RC F's longevity, minor updates, and cost-effectiveness versus the more 'special' and expensive LC500.",
        "actual_output": null,
        "expected_output": null,
        "context": [
            "The RC F stood up very well as a fast and fine-sounding sports coupe as long as you weren\u2019t troubled by the inevitable \u2018why didn\u2019t you get an M3 or an M4?\u2019 questions.\n\nDespite the arrival of the similar from a distance but more \u2018special\u2019 (and therefore somewhat more expensive) LC500, Lexus is still happily making the RC F and the changes they have made to it over the years have been relatively minor. That\u2019s fine because there\u2019s never really been anything wrong with it."
        ],
        "source_file": "90241dab-7769-4e2c-b2cd-231af9a19d57"
    },
    {
        "input": "How would a major upgrade to the RC F affect its comparison to the LC500 in terms of uniqueness and value?",
        "actual_output": null,
        "expected_output": null,
        "context": [
            "The RC F stood up very well as a fast and fine-sounding sports coupe as long as you weren\u2019t troubled by the inevitable \u2018why didn\u2019t you get an M3 or an M4?\u2019 questions.\n\nDespite the arrival of the similar from a distance but more \u2018special\u2019 (and therefore somewhat more expensive) LC500, Lexus is still happily making the RC F and the changes they have made to it over the years have been relatively minor. That\u2019s fine because there\u2019s never really been anything wrong with it."
        ],
        "source_file": "90241dab-7769-4e2c-b2cd-231af9a19d57"
    }
]