[
    {
        "input": "If Retry Interval halved and Max Retries doubled, what are their new default values in milliseconds?",
        "actual_output": null,
        "expected_output": null,
        "context": [
            "The default value is 5.\n\nRetry Interval on Connection Error\n\nUsed in conjunction with the Max Retries on Connection Error property. This is the amount of time (in milliseconds) the connector waits before trying to establish a connection to the source if there was a connection problem during the previous attempt. \n\nThe default value is 10,000 ms (10 seconds)."
        ],
        "source_file": "03e78f30-72ed-41e5-be13-a29c5f5caa6a"
    },
    {
        "input": "What are the potential security vulnerabilities of directoryManagerPassword when SSL_ALL is disabled?",
        "actual_output": null,
        "expected_output": null,
        "context": [
            "Use SSL_ALL for \u201cAlways use SSL\u201d, and PLAIN for \u201cNever use SSL\u201d.\n\nUpdating Passwords\n\nThe properties containing a password value are: directoryManagerPassword, kerberosServicePassword, and computerAccountPassword. Updating any of these properties requires the super user (e.g. cn=directory manager) credentials. \n\nThe credentials can be passed interactively in the command like shown in the example below."
        ],
        "source_file": "e179c1d8-fbe9-434a-8109-75f3282d7503"
    },
    {
        "input": "Assess the impact on data completeness and query performance when using solely Inner Joins versus Left Joins.",
        "actual_output": null,
        "expected_output": null,
        "context": [
            "Figure 2. 10: Example of a Left Join \n\nInner Join \n\nIn an Inner Join, the primary entries (from the starting point for the join) are joined with matching secondary objects. Only entries that can be joined (the intersection) are possible candidates to be returned to the client (if it matches the original filter in the client request). The entry(s) that are returned are comprised of attributes from the primary object and any joined secondary objects. \n\n\n\nFigure 2."
        ],
        "source_file": "5a49a4ed-58f5-437d-946a-e29c8355c985"
    },
    {
        "input": "If ZooKeeper unexpectedly enters read-only mode, can RadiantOne still process search operations and return LDAP error 53 for write attempts?",
        "actual_output": null,
        "expected_output": null,
        "context": [
            "This allows RadiantOne to continue to process search operations even when the ZooKeeper quorum is lost. However, RadiantOne will deny any write operations by returning LDAP error code 53: Unwilling to Perform to the client. Also, no configuration changes can be made while ZooKeeper is in read-only mode. Administrators cannot login to the Control Panel during this time."
        ],
        "source_file": "6dd75d47-9b2b-40a4-97e0-29c722c05a53"
    },
    {
        "input": "Compare the functions of the Settings tab in managing server certificates and the Tasks tab in handling scheduler notifications.",
        "actual_output": null,
        "expected_output": null,
        "context": [
            "Settings\n\nThe server name and server certificates can be managed from the Settings tab.\n\nTasks\n\nThe Tasks tab allows you to start and stop the scheduler and manage defined tasks. When you perform various actions in the tools or wizards, like importing an LDIF file to initialize a persistent cache for example, a notification appears alerting you that the task has been defined and added to the scheduler. These tasks can be viewed and updated in the task list section of the Tasks tab."
        ],
        "source_file": "ba8d600f-e62d-4a48-968e-ef2edfa5c64e"
    },
    {
        "input": "How does disabling \"Request All Attributes\" mode affect attribute publication and operational attributes in LDAP/AD?",
        "actual_output": null,
        "expected_output": null,
        "context": [
            "If this mode is disabled, the connector publishes the same set of attributes regardless of event type.\n\nRequest All Attributes\n\nThe \u201cRequest all Attributes\u201d property is enabled by default. When a connector picks up changed entries, the default behavior is to request and publish all attributes of the entry. For LDAP/Active Directory sources, this does not include operational attributes. If you want operational attributes returned, use the Operational Attributes property."
        ],
        "source_file": "459ce0a9-0622-4636-b969-b9eac39bf800"
    },
    {
        "input": "Imagine a scenario where the -verbose flag is enabled. How does this detailed logging affect the refresh process for entries with status 2?",
        "actual_output": null,
        "expected_output": null,
        "context": [
            "-status <status>\n\n\tThe value of the 'status' attribute for the entries to be refreshed. By default, all entries with a status value equal to 2 are refreshed.\n\n-verbose\n\n\tIndicates if the command should log details of its progress."
        ],
        "source_file": "b9536f28-569d-425a-89e3-73a7f5309c90"
    },
    {
        "input": "Compare the roles of filters and interception scripts in optimizing hierarchical container views and content object population.",
        "actual_output": null,
        "expected_output": null,
        "context": [
            "Joins with heterogeneous objects (objects from other sources/schemas). \n\nUsing filters to condition the entries that populate the content object. \n\nSearch options for case-sensitive databases. \n\nAdvanced Options. \n\nInterception scripts to customize operations performed against the content object. \n\nPerformance optimizations. \n\nWorking with Container Objects \n\nUse a Container object when you want to create hierarchical virtual views containing many sub-levels. \n\nTo create container objects: \n\nSelect a Label or Container object in the pane on the left."
        ],
        "source_file": "0f90f503-f43a-4fec-a31f-897940468c19"
    },
    {
        "input": "Is the 'updatable' property of a database attribute modifiable to true/false in response to policy changes?",
        "actual_output": null,
        "expected_output": null,
        "context": [
            "-updatable <updatable>\n\nThe 'updatable' property value for an attribute. Accepted values are: true, false.\n\nREST (ADAP) Example\n\nIn the following example, a request is made to update the properties of the LOGIN attribute of a content node for a database proxy view."
        ],
        "source_file": "40f556d9-f0fd-4183-aae7-a75ed230dd1f"
    },
    {
        "input": "How do you replicate a principal server's user login to a mirrored server using SID?",
        "actual_output": null,
        "expected_output": null,
        "context": [
            "For SQL Server backends, make sure the database connector user exists on the mirrored server. User logins created on a database server are at the instance level and are not automatically propagated to mirrored instances (because mirroring works at the database level). \n\nThe method to fix the problem of the database connector user not existing on the mirrored server is to create a login in the mirrored server using the same SID of the user which already exists in the principal server. \n\nTo find the user\u2019s sid,"
        ],
        "source_file": "07dd2092-5593-48bf-90b1-ce22472ef897"
    },
    {
        "input": "How does deploying a 3-node cluster compare to a 5-node cluster using 'radiantOneFullDeployment' templates?",
        "actual_output": null,
        "expected_output": null,
        "context": [
            "amazonaws.com/radiantlogic-us-gov-west-1/fid-3.0/templates/radiantOneFullDeployment3N.yaml\n\n5-node cluster \n\nhttps://s3-us-gov-west-1.amazonaws.com/radiantlogic-us-gov-west-1/fid-3.0/templates/radiantOneFullDeployment5N.yaml"
        ],
        "source_file": "7999e879-4d69-4b87-ac9a-df2d2c094904"
    },
    {
        "input": "Imagine a scenario where both mappings are applied simultaneously. How would the file generation be impacted?",
        "actual_output": null,
        "expected_output": null,
        "context": [
            "Finally two mappings are specified; one replaces all instances of \u201cmyCompany\u201d with \u201cRadiantLogic\u201d. The other mapping replaces all instances of \u201callow\u201d with \u201cdeny\u201d. It generates the files \u201copenDJClassic.ldif\u201d and \u201copenDJGlobal.ldif\u201d in the folder \u201cC://genldif\u201d."
        ],
        "source_file": "56a5b9b1-7a96-4bac-a14b-8b33deb5894d"
    },
    {
        "input": "How do 'hidden' values and EMAIL syntax interact with default instance naming in RadiantOne?",
        "actual_output": null,
        "expected_output": null,
        "context": [
            "Example: EMAIL=lastname+\"@radiant.com\". Note: applies only to computed attributes. For information on parsing options for the values in this argument, see Parsing Command Argument Strings.\n\n-hidden <hidden>\n\nThe 'hidden' property value for an attribute. Accepted values are: true, false.\n\n-instance <instance>\n\nThe name of the RadiantOne instance. If not specified, the default instance named vds_server is used."
        ],
        "source_file": "e982d91c-51df-4370-88a5-ef8b0397faa8"
    },
    {
        "input": "Evaluate how RadiantOne's leader-follower block replication's automatic handling and speed surpass traditional LDAP multi-master replication, considering the role of the Universal Directory (HDAP) store in this process.",
        "actual_output": null,
        "expected_output": null,
        "context": [
            "Each RadiantOne node in a cluster contains a replica of the Universal Directory (HDAP) store and the advantage of clustering here is that block/physical replication is handled automatically across them and is much faster than traditional LDAP multi-master replication. \n\nIntra Cluster Block Replication\n\nWithin a cluster, block replication flows from the RadiantOne leader node to follower nodes. However, each node that may become the RadiantOne leader node can replicate Universal Directory (HDAP) store changes out to other nodes."
        ],
        "source_file": "37ba2f93-654c-4453-8c58-740676131ed3"
    },
    {
        "input": "Imagine a scenario where the includedBranches property needs updating for multiple connectors. How would you use 'vdsconfig.bat' to set it for 'o_sead_pcache_proxy__dc_seradiant_dc_dom__seradiantad'?",
        "actual_output": null,
        "expected_output": null,
        "context": [
            "E.g. C:\\radiantone\\vds\\bin>vdsconfig.bat set-connector-property -connectorname o_sead_pcache_proxy__dc_seradiant_dc_dom__seradiantad -propertyid includedBranches -propertyvalue \u201c[\\\"cn=users,dc=seradiant,dc=dom\\\",\\\"cn=domain groups,dc=seradiant,dc=dom\\\"]\u201d\n\nREST (ADAP) Example\n\nIn the following example,"
        ],
        "source_file": "654c993e-3770-4d15-9dc9-ea62209cb2f0"
    },
    {
        "input": "What if RadiantOne's expvds option faced an unexpected ACI format? How would it translate and generate LDIF files?",
        "actual_output": null,
        "expected_output": null,
        "context": [
            "Parameters are written in a command line. \n\nRadiantOne v6 ACI Migration\n\nWith the expvds option, the utility searches RadiantOne for old ACI format and translates them into a format that is compatible with RadiantOne v7. Next, it creates the following LDIF files in the drive path indicated in the command."
        ],
        "source_file": "6d72c746-54d9-411d-b84b-7c24a5c2bf5f"
    },
    {
        "input": "If deploying multiple environments simultaneously, how would VPC limits affect RadiantOne and Zookeeper setups?",
        "actual_output": null,
        "expected_output": null,
        "context": [
            "The templates require 1 VPC per environment (can use an existing one or a new one will be created), 1 or 3 t3.small instances for the bastion/remote desktop gateway servers, up to 5 instances  per RadiantOne cluster, and up to 5 m5.large instances for the Zookeeper ensemble.\n\nIMPORTANT NOTE \u2013 Check your Amazon VPC limits to ensure you have the resources available. Otherwise, the RadiantOne installation will fail."
        ],
        "source_file": "6ec5c7ad-c8dd-4bfc-ac69-5c02ceafa891"
    },
    {
        "input": "How does the connector's runtime server retrieval from the replication vector differ from failover selection using RadiantOne-defined servers and up-to-dateness vector timestamp?",
        "actual_output": null,
        "expected_output": null,
        "context": [
            "10.replication.aspx\n\nAt run-time, the connector retrieves the entire list of servers defined in the replication vector and reduces the number of possible failover candidates based on failover servers defined in the RadiantOne data source (if any). The list of potential failover servers is stored at each polling interval. When the current server fails, and retries are exhausted, the connector decides to switch to the closest candidate by selecting the server with the maximum timestamp from the up-to-dateness vector."
        ],
        "source_file": "f024ccbb-59ff-47b8-93e6-161c577e7c08"
    },
    {
        "input": "Imagine the file location was lost. How would you recreate the mapping properties file with correct attribute classes?",
        "actual_output": null,
        "expected_output": null,
        "context": [
            "Record the saved location of this file as it is required for the migration command. \n\nCreating the Mapping Properties File\n\nNext, the mapping properties file must be created. This file contains the mappings between the attribute classes from IBM to the corresponding attributes in RadiantOne. There five attribute classes: critical, system, restricted, normal and sensitive.\n\nIn a file editor\u2019s main menu, select File  New.\n\nPaste the following into the Notepad file."
        ],
        "source_file": "e43896b1-5926-40f8-a2df-396922750114"
    },
    {
        "input": "Compare how credentials checking manages different authentication mechanisms with handling hashed/encrypted passwords and varying schema elements.",
        "actual_output": null,
        "expected_output": null,
        "context": [
            "Credentials checking is the process of verifying the presented credentials. Just as different repositories support different schemas and naming which posed a challenge during the identification phase, they also support different authentication mechanisms which are the challenge of the credentials checking step.  \n\nSee diagram below.\n\n\n\n\n\nFigure 2. 5: Credentials Checking\n\n\n\nPasswords may be hashed or encrypted and different schema elements may be used to store the user\u2019s credentials (userPassword vs. unicodePwd)."
        ],
        "source_file": "0a71504b-a27c-4827-84d3-5167eea9b611"
    },
    {
        "input": "How do enabled and disabled Interception Scripts differ in their impact on security and hierarchy during a Schema Manager update?",
        "actual_output": null,
        "expected_output": null,
        "context": [
            "an Interception Script\t31\n\n\tDisabling an Interception Script\t32\n\nHierarchy Builder\t32\n\nChapter 3: Schema Manager\t36\n\nConcepts\t36\n\nPrimary Key\t36\n\nDisplay Name\t37\n\nDerived View\t37\n\nRelationships\t38\n\nConnection String\t38\n\nRecursive Relationships\t38\n\nUsing the Schema Manager\t39\n\nDisplaying Objects and Relationships\t39\n\nThe Schema Manager Process\t40\n\n\tCapturing Metadata\t41\n\n\tLDAP-Accessible Backend\t41\n\n\tHandling Auxiliary"
        ],
        "source_file": "c84f288b-e37e-40e1-a290-e6620d0e3ae8"
    },
    {
        "input": "Where can one find the utility for product info on Linux if $RLI_HOME/bin/advanced/runVDSUtility is misconfigured?",
        "actual_output": null,
        "expected_output": null,
        "context": [
            "On Linux platforms, the utility is located at: $RLI_HOME/bin/advanced/runVDSUtility\n\nREST (ADAP) Example \n\nIn the following example, a request is made to display product information passing the command arguments described above."
        ],
        "source_file": "046ca32f-17b2-4e42-910f-1cc0735e5a59"
    },
    {
        "input": "Compare the Schema Manager's default behavior and its override options in metadata capture and translation.",
        "actual_output": null,
        "expected_output": null,
        "context": [
            "Figure 3. 5: Schema Manager View of Objects and Relationships\n\nThe Schema Manager Process \n\nThe Schema Manager captures the metadata from different data sources, including databases and directories, and stores it in canonical format (XML). Once captured, the metadata can be translated and mapped into object classes and attributes for the RadiantOne namespace. The step of mapping from metadata to RadiantOne object classes and attributes has a default behavior that can be overridden to further refine the mapping process."
        ],
        "source_file": "fc80a845-bc3e-4162-95d1-27c3a7631586"
    },
    {
        "input": "If a case-sensitive database suddenly became case-insensitive, how would UPPER's role and performance change?",
        "actual_output": null,
        "expected_output": null,
        "context": [
            "The UPPER is generated here for case sensitive databases. If your database is not case sensitive, then the UPPER can be removed (along with the corresponding set of parentheses). If your database is case sensitive, then you must make sure that the attribute that is indexed (and is used in the link parameter) uses UPPER case. Otherwise, performance of the virtual view is unpredictable. \n\n\n\n\n\nFigure 4."
        ],
        "source_file": "1c7a319f-a558-4504-a1e3-a5e2ba69f2ae"
    },
    {
        "input": "How do multiple RadiantOne nodes in a cluster ensure fault tolerance, and what roles do the Application and Data Source Access Layers play?",
        "actual_output": null,
        "expected_output": null,
        "context": [
            "Related Material\n\nRadiantOne Identity Service Wizards Guide\n\n\n\n\n\n\nChapter 6 - High Availability and Performance\n\nHigh Availability and Fault Tolerance\n\nThe recommended approach to achieve high availability and fault tolerance is to deploy multiple RadiantOne nodes running in a cluster. Once the desired architecture is put in place, two additional layers must be addressed. These layers were introduced in the Product Overview section in this guide and are known as the Application Layer and the Data Source Access Layer."
        ],
        "source_file": "52ed38fe-dd78-4abe-abe2-d6b424395392"
    },
    {
        "input": "How do multi-valued LDAP attributes, like multiple job titles, affect data structuring, identity management, and attribute analysis?",
        "actual_output": null,
        "expected_output": null,
        "context": [
            "Entries with Multiple Values - Since LDAP entries can support multi-valued attributes, this indicates the number of entries which contain more than one value for the analyzed attribute. For example, let\u2019s say an identity (uid=Aggie Newcombe) has 2 title values, one is \u201cGuru Inside Sales Manager\u201d and another is \u201cAccount Manager\u201d (shown below)."
        ],
        "source_file": "5df26a04-561f-4e10-a6e4-39081740dd8e"
    },
    {
        "input": "How would relocating to Silicon Valley compare to staying in Novato, CA, for Radiant Logic's competitive edge?",
        "actual_output": null,
        "expected_output": null,
        "context": [
            "Radiant Logic, Inc.   |   75 Rowland Way, Suite 300   |   Novato, CA 94945   |   877.727.6442   |   415.209.6800   |   radiantlogic.com  |  Page 1 of 1"
        ],
        "source_file": "bcd64803-6a29-4937-ad4b-8c7d6dd91e06"
    },
    {
        "input": "Explain the roles of TCP 135, TCP 139, and TCP/UDP 389 in CPLDS sync password retrieval operations.",
        "actual_output": null,
        "expected_output": null,
        "context": [
            "Ou Level:\n\nRead all properties.\n\nIn order for the CPLDS sync process to get the passwords from the Active Directory user accounts, the following firewall ports must be opened between the Active Directory server and the RadiantOne machine. Check with your Active Directory administrator to confirm these ports.\n\n\n\nPORTS\n\nPURPOSE\n\nTCP 135\n\nRPC\n\nTCP 139\n\nNetBIOS\n\nTCP and UDP 389\n\nLDAP \n\n*This could be used by FID to get the user information."
        ],
        "source_file": "8bee9ed9-7884-41e1-9de0-c912c7904dfb"
    },
    {
        "input": "Explain the steps required to list backup IDs and how the default server instance is involved.",
        "actual_output": null,
        "expected_output": null,
        "context": [
            "If this is not specified, the default instance named vds_server is used.\n\n-list\n\nOption used to print out the list of backup ids for the given naming context. Use this option first to get the list of backup ids as you must pass the backupid when you restore if you want to restore to a specific point in time.\n\nREST (ADAP) Example\n\nIn the following example, a request is made to restore a RadiantOne Universal Directory store from a backup in the tmp directory."
        ],
        "source_file": "7d5b9543-8207-4825-aa5c-a8a43c7dac75"
    },
    {
        "input": "Compare the impact of \"Always Requested\" and \"Ignored Attributes\" settings on LDAP and HDAP operational attributes.",
        "actual_output": null,
        "expected_output": null,
        "context": [
            "These attributes are typically known as operational attributes and you must ask for them specifically by name. If you would like the Worker process to always request specific operational attributes you can set them in Always Requested Attributes.\n\n(Optional) To exclude attributes from the LDAP backend prior to the comparison with the RadiantOne Universal Directory (HDAP) store, enter a comma-separated list of attributes in the Ignored Attributes setting."
        ],
        "source_file": "95ab22d8-17ec-4de7-9e1a-c59c4146a2a3"
    },
    {
        "input": "How do the Main Control Panel, Schema Manager, and SCIMv2 objects each contribute to configuring a persistent cache?",
        "actual_output": null,
        "expected_output": null,
        "context": [
            "Use the Main Control Panel -> Directory Namespace tab for this. For details on this process, please see the RadiantOne Namespace Configuration Guide. For details on configuring a persistent cache, please see the RadiantOne Deployment and Tuning Guide. Once a persistent cache is defined, use the Schema Manager to extract the schema (LDAP type of backend now that the virtual view is in persistent cache).  Make sure the SCIMv2 objects/attributes are in the RadiantOne schema before using Schema Manager."
        ],
        "source_file": "51c48729-a295-4aae-ae67-0fd28340a005"
    },
    {
        "input": "How does RadiantOne handle successive failures of enabled sources resulting in a bind failed error?",
        "actual_output": null,
        "expected_output": null,
        "context": [
            "If it fails, then the next is tried and so forth. If all enabled sources have been tried without success, RadiantOne returns a bind failed error to the client.\n\nComputed Attributes \n\nIf the entries in virtual view should include attributes that are derived from existing attributes, you can use Computed Attributes. Computed attributes can be based on attributes from the primary object, secondary objects (from joins), and/or previously computed attributes."
        ],
        "source_file": "ba81e49f-e1ce-4bfa-8a3b-88fd2ac0d734"
    },
    {
        "input": "How do the steps to add a unique data source name compare to configuring the 'url' property for RSA SecurID?",
        "actual_output": null,
        "expected_output": null,
        "context": [
            "On the right, click ADD.\n\nEnter a unique data source name.\n\nIn the Custom Properties section, click Add.\n\nEnter the property name: url  (make sure to use all lowercase)\n\nFor the value of the url property, enter the url required to connect to your RSA SecurID Rest service. E.g. http://rsa.auth.server:8080/auth/authn\n\nClick OK.\n\nIn the Custom Properties section, click Add."
        ],
        "source_file": "8a32e7b9-48d4-4917-beb5-213a44fcf4cf"
    },
    {
        "input": "Analyze the impact of the selected branch on both the naming convention and the export timing of the file.",
        "actual_output": null,
        "expected_output": null,
        "context": [
            "The export file name is based on the selected branch in the virtual namespace. \n\nNote \u2013 avoid using invalid characters (< > : \" / \\ | ? or *) in the file name.\n\n\n\nFigure 2. 3: The Create New Dataset Option\n\nClick Next. \n\nWait for the message \u201cDataset exported successfully\u201d. The time to export the data into an LDIF file varies depending on the number of entries in the naming context being exported.\n\n\n\nFigure 2. 4: Exporting the Dataset\n\nClick ."
        ],
        "source_file": "2638ac99-23c3-4728-b1e8-925f05dab425"
    },
    {
        "input": "Evaluate how valid numeric values and SQL filters ensure timestamp connector processes relevant changes, and the impact of invalid, non-numeric values.",
        "actual_output": null,
        "expected_output": null,
        "context": [
            "If the value is set to be more than 0, then only the entries between last_cursor and current_time \u2013 processing_delay are processed by the connector. If an invalid, non-numeric value is set for this property, the connector stops.\n\nSQL Filter\n\nSQL filter is used as part of the request for entries captured by the timestamp connector. Only changes that match the filter are published by the connector. \n\nA SQL filter is either a single expression or several single expressions joined by binary operators and brackets ( )."
        ],
        "source_file": "cdda310d-d102-41d7-96bf-9e09aa265305"
    },
    {
        "input": "How does RadiantOne's schema mapping facilitate the integration of multiple legacy data sources for enterprises?",
        "actual_output": null,
        "expected_output": null,
        "context": [
            "Figure 3. 2: Bind Order Example\n\n\n\nObject and Attribute Mapping\n\nProviding schema compatibility between the application and data source has been a source of pain for any enterprise working with large sets of data on one side, and providing support for new applications on the other.  RadiantOne addresses these issues by taking existing schemas (from multiple sources), and mapping them into a common schema which is delivered to the application in a format it understands and expects."
        ],
        "source_file": "fcdea257-ab17-478c-a676-24a3efe3f021"
    },
    {
        "input": "What are the detailed steps to remove an existing join for inetOrgPerson on an LDAP proxy within the RadiantOne namespace?",
        "actual_output": null,
        "expected_output": null,
        "context": [
            "Required when used on merged backends.\n\nREST (ADAP) Example \n\nIn the following example, a request is made to delete an existing join associated with a primary object (e.g. inetOrgPerson) on an LDAP proxy view mounted at o=ldapproxy in the RadiantOne namespace."
        ],
        "source_file": "5e53c0c5-674f-4e38-a5f3-30c6f889a52f"
    },
    {
        "input": "Analyze the implications of updating 'directoryManagerPassword' interactively versus utilizing the -pwdfile flag for security and operational ease.",
        "actual_output": null,
        "expected_output": null,
        "context": [
            "Property 'directoryManagerPassword' has been modified.\n\nConfiguration has been updated successfully.\n\nIf you do not want to pass the directory manager credentials interactively, you can save the password into a file and use the -pwdfile flag in the command.  The -value property sets the new password and the directory manager credentials are passed in a file named pwd.txt in the example below.\n\nNote \u2013 for security, the password value is shown as **** in <RLI_HOME>/logs/vdsconfig.log."
        ],
        "source_file": "42914e3e-667c-416d-bf26-89f48680e48a"
    },
    {
        "input": "How does a 1-day max password age affect login failures and the frequency of password changes?",
        "actual_output": null,
        "expected_output": null,
        "context": [
            "A value of 1d would indicate a maximum password age of 1 day.\n\n-pwdMaxFailure <pwdMaxFailure>\n\nThe maximum number of login failures to allow, before lockout occurs. The default is 0.\n\n-pwdMinAge <pwdMinAge>\n\nThe amount of time that must elapse between modifications to the password. Default is 0 (meaning no limit is enforced)."
        ],
        "source_file": "54a4e948-bcb7-446e-9961-8b506fbf7083"
    },
    {
        "input": "Imagine you need to create a complex data view. How might View Designer and Schema Manager collaborate to achieve this?",
        "actual_output": null,
        "expected_output": null,
        "context": [
            "Chapter 4: View Designer\n\nThe View Designer tab is used to build virtual views from backend sources whose schemas have been extracted on the Schema Manager tab. This modeling tool allows you to design and try out multiple views of data. Views can be designed from backend LDAP directories, databases accessible via JDBC, and any data source accessible through SCIMv2, or a Java API (web service\u2026etc.)."
        ],
        "source_file": "d1763f3c-2825-4761-9450-8ea0f7986604"
    },
    {
        "input": "If pwdExpireWarning and pwdLockoutDuration were ignored for 30 days, what security risks might escalate?",
        "actual_output": null,
        "expected_output": null,
        "context": [
            "<pwdEnableNotContainNames>]\n[-pwdExpireWarning <pwdExpireWarning>] \n[-pwdFailureCountInterval <pwdFailureCountInterval>] \n[-pwdGraceAuthNLimit <pwdGraceAuthNLimit>]\n[-pwdIdleLockoutInterval <pwdIdleLockoutInterval>]  [-pwdInHistory <pwdInHistory>] \n[-pwdLockoutDuration <pwdLockoutDuration>] \n[-pwdLogonTimeSyncInterval <pwdLogonTimeSyncInterval>] \n[-pwdMaxAge"
        ],
        "source_file": "b3ac7add-e05a-44d2-a3da-3bfc2029bea8"
    },
    {
        "input": "If Computed Attributes used a triangle icon instead of an orange square, how might this alter UI comprehension?",
        "actual_output": null,
        "expected_output": null,
        "context": [
            "Computed Attributes are displayed with a orange square icon in the Origin column. \n\nThe diagram below depicts a computed attribute named login that can be computed based on the attributes: givenName, sn, and uid. \n\n\n\nFigure 2. 14: Computed Attribute Example \n\nThe diagram below depicts a computed attribute example where the value is comprised of attributes coming from both the primary and secondary objects. \n\n\n\nFigure 2."
        ],
        "source_file": "2b696360-df68-4268-9fb2-1598c5fd7da9"
    },
    {
        "input": "What are the steps in SSL settings for configuring client cert/PIV card auth and using test-cert-mapping?",
        "actual_output": null,
        "expected_output": null,
        "context": [
            "For details on how to do this, see the Namespace Configuration Guide. \n\nSupport for client certificate/PIV card authentication and client certificate DN Mapping is configured from Main Control Panel, Settings tab, Security section, SSL.\n\n\n\nUse the test-cert-mapping command to determine if a match exists between a certificate\u2019s subject (or SAN) and a client certificate DN mapping. \n\nset-attrenc-key\t\n\nThis command sets the encryption cipher and key used for attribute encryption/decryption."
        ],
        "source_file": "be8f1b2d-cabc-46e7-a08a-f3046f1b3d0b"
    },
    {
        "input": "How do you convert a .PEM key to .PPK, close Puttygen, and import it into Pageant via the System tray, ensuring Pageant.exe is running?",
        "actual_output": null,
        "expected_output": null,
        "context": [
            "Puttygen converts the .PEM format to .PPK format.\n\nAfter you convert the private key, close Puttygen and run Pageant (pageant.exe). \n\nTo import the PuTTY-formatted key into Pageant, right-click the Pageant icon in the System tray and choose \u201cView Keys\u201d."
        ],
        "source_file": "8d68a951-5117-4c60-9b39-9ade1eee594e"
    },
    {
        "input": "Imagine setting up a RadiantOne instance; how would you specify the primary backend and full DN?",
        "actual_output": null,
        "expected_output": null,
        "context": [
            "This should be an ordered comma-separated list of source ids. Use the value MAIN to designate the primary backend. Use the join ID to designate other bind sources. Example: MAIN,joinid1,joinid2\n\n-namingcontext <namingcontext>\n\n[required argument] The full DN of the node or naming context.\n\n-instance <instance>\n\nThe name of the RadiantOne instance. If not specified, the default instance named vds_server is used."
        ],
        "source_file": "3de7da13-157e-443b-b584-e4eb96ea1919"
    },
    {
        "input": "Compare setting the bind order for vds_server using REST (ADAP) to other configuration methods.",
        "actual_output": null,
        "expected_output": null,
        "context": [
            "If not specified, the default instance named vds_server is used.\n\nREST (ADAP) Example\n\nIn the following example, a request is made to set the bind order for employees=*,dc=db. \n\nhttps://<rli_server_name>:8090/adap/util?action=vdsconfig&commandname=set-content-bindorder&bindorder=vdappemployees-user,vdappemployees-inetorgperson,main&namingcontext=employees=*,dc=db"
        ],
        "source_file": "f0dd99f4-b967-4b11-bf7e-57bffdf3728f"
    },
    {
        "input": "Analyze the impact of high data volatility and volume on the efficacy of memory cache with a TTL refresh strategy.",
        "actual_output": null,
        "expected_output": null,
        "context": [
            "If the volatility of the underlying data store is high, and the volume of data is significant, then a memory cache with a time-to-live refresh strategy alone will be very difficult to put in place and will not guarantee an accurate \u201cimage\u201d or will generate excessive refresh volume negating the advantages of the cache. As a result, providing guaranteed performance is difficult if not impossible."
        ],
        "source_file": "9f615150-d4fb-4bde-9b5d-f35687d6b47e"
    },
    {
        "input": "Which specific parameters, including join profile name, full DN of node, and primary object, must be automated for correct execution?",
        "actual_output": null,
        "expected_output": null,
        "context": [
            "[-primaryattr <primaryattr>] [-scope <scope>] [-secondaryattr <secondaryattr>] [-secondaryoc <secondaryoc>] [-sizelimit <sizelimit>]\n\nCommand Arguments:\n\n-joinid <joinid>\n\n[required] The join profile name for the join to be added.\n\n-namingcontext <namingcontext>\n\n[required] The full DN of the node or naming context.\n\n-primaryobject <primaryobject>\n\n[required] The name of the primary object."
        ],
        "source_file": "78aaca8c-a5e2-49db-b934-7912496b0aac"
    },
    {
        "input": "What are the steps for using 'set-logging-property' cmd with 'key', 'path', opt 'instance', and 'value' args?",
        "actual_output": null,
        "expected_output": null,
        "context": [
            "https://<rli_server_name>:8090/adap/util?action=vdsconfig&commandname=get-logging-property&key=access.log.file.maxSize&path=zk:log4j2-vds.json\n\nset-logging-property\n\nThis command updates a logging configuration. \n\nUsage:\n\nset-logging-property -key <key> -path <path> [-instance <instance>] [-value <value>]\n\nCommand Arguments:\n\n-key <key>\n\n[required] The logging property key."
        ],
        "source_file": "eae254b4-e21a-4e96-9a43-8cb8379c85ec"
    },
    {
        "input": "Imagine a scenario where a critical security flaw is discovered. How does blue-green deployment ensure RadiantOne service continuity?",
        "actual_output": null,
        "expected_output": null,
        "context": [
            "You will need the Administrator password you took note of in step 4 above.\n\nExtend Existing Deployment\n\nYou can install multiple clusters in the same environment. This allows for a blue-green deployment where one cluster is actively serving clients (ELB directs traffic to it) while the other is available for patching/upgrading/testing. This makes patching and upgrading RadiantOne easier."
        ],
        "source_file": "a1c348dc-0bdd-45f0-8266-5b07d911fd59"
    },
    {
        "input": "How do the encryption and file naming conventions of LDIFZ files differ from standard LDIF files?",
        "actual_output": null,
        "expected_output": null,
        "context": [
            "If you have defined an LDIF Encryption Key from Main Control Panel -> Settings -> Security -> Attribute Encryption (LDIFZ Encryption Key section), indicate an ldifz suffix on the file name to import (e.g. myfile.ldifz). LDIFZ is a zipped and encrypted file format used to prevent the data in the file from being read."
        ],
        "source_file": "0572665b-c19a-44bf-b436-476bc9a8f63d"
    },
    {
        "input": "Explain how changes in RDN accuracy affect both the rebuilding process and the final MetaTree structure.",
        "actual_output": null,
        "expected_output": null,
        "context": [
            "r.s.s.LDAPServerParameter:2285 - . MetaTree built\n\n2018-05-07 16:35:43 INFO  c.r.s.s.LDAPServerParameter:2269 - . Re-building MetaTree\n\n2018-05-07 16:35:43 INFO  c.r.s.s.LDAPServerParameter:2285 - . MetaTree built\n\nThe RDN has been modified for the label node."
        ],
        "source_file": "6cd9aca8-86d5-42de-b565-7152faee93ad"
    },
    {
        "input": "If the connector's polling interval was drastically reduced, how would this affect change detection during downtime and what permissions are necessary for the connector user?",
        "actual_output": null,
        "expected_output": null,
        "context": [
            "The connector polls the changelog based on the changelog polling interval parameter. The connector internally keeps track of the last processed change and only processes new changes. If the connector is shut down (either deliberately or due to failure) it can read the changelog and capture all changes that occurred while the connector was offline. \n\nA special user (that represents the \u201cconnector\u201d user) must exist in the directory. This user must have sufficient rights for detecting changes (reading the changelog)."
        ],
        "source_file": "01060e8f-3390-4f69-ba9a-c52cb7ffb372"
    },
    {
        "input": "What complications might occur with importing an unreviewed LDIF file containing multiple base DNs using expedir parameters?",
        "actual_output": null,
        "expected_output": null,
        "context": [
            "The LDIF file should be reviewed for accuracy to ensure the automatic translation is as expected. Finally, the LDIF file can be imported into RadiantOne.\n\nParameters\n\nThe expedir option requires the following parameters.\n\n-b\n\nThis parameter specifies a base DN under which to look for ACI. \n\nOnly one Base DN value is allowed per command. If you want to specify multiple base DNs, the aciUtil.bat command must be run multiple times."
        ],
        "source_file": "39f9674a-7cb4-405f-a004-759b2fdb717c"
    },
    {
        "input": "Compare the effects of RadiantOne leader changes on search stability, considering scope, size, and time limits.",
        "actual_output": null,
        "expected_output": null,
        "context": [
            "-leader\n\nIndicates that the search should be performed on the current RadiantOne leader. \n\n-scope <scope>\n\nThe scope of the search. If this argument is not specified, the search defaults to base scope. Accepted values: base, one, sub.\n\n-sizelimit <sizelimit>\n\nThe size limit for the search.\n\n-timelimit <timelimit>\n\nThe time limit for the search, in milliseconds."
        ],
        "source_file": "85163def-2bf2-4fe5-a0f6-742ea2f28362"
    },
    {
        "input": "Contrast the use of joins and links in virtual views, emphasizing their reliance on attributes and common keys.",
        "actual_output": null,
        "expected_output": null,
        "context": [
            "Virtual Views Combining Objects from Heterogeneous Sources\n\nVirtual views that are comprised of objects and attributes from multiple heterogeneous data sources are built using links and/or joins.  Whenever a virtual view needs to contain information from more than one data source, the design options are:\n\n\n\nExtend the entries from the primary source with attributes from other sources that the same users exist in.  This is accomplished using joins.\n\nCondition the virtual hierarchy based on a relationship (common key) between objects across data sources.  This is accomplished using links."
        ],
        "source_file": "e97c14f1-ee62-476a-8560-3d52534f4d62"
    },
    {
        "input": "How would modifying the Administration Location CIDR IP impact SSH access to Azure Linux jumpbox (port 22) and HTTPS access to Windows RD Gateway (port 443)?",
        "actual_output": null,
        "expected_output": null,
        "context": [
            "Azure virtual machines can communicate in between each other on any port.\n\n\tOn Linux, the jumpbox is accessible on port 22 (SSH)\u00a0from the CIDR IP provided in the parameter Administration Location of the resource creation process.\n\n\tOn\u00a0Windows, the\u00a0Remove Desktop Gateway\u00a0is accessible on port\u00a0443 (HTTPS)\u00a0from the CIDR IP provided in the parameter Administration Location of the Cloud Formation Stack."
        ],
        "source_file": "10701ae4-55a7-4880-81c5-a2636a7c998d"
    },
    {
        "input": "How do ELB's high availability and auto-scaling features maintain traffic distribution without a correct DNS Name?",
        "actual_output": null,
        "expected_output": null,
        "context": [
            "On the Description tab in the Basic Configuration section, you can see the DNS Name for the ELB. This is what client applications should point to, to access the RadiantOne service.\n\n\n\nSome of the features of ELB are:\n\nHigh Availability - You can distribute incoming traffic across your RadiantOne nodes in a single Availability Zone or multiple Availability Zones. ELB automatically scales its request handling capacity in response to incoming application traffic."
        ],
        "source_file": "0cd8bf3e-c3f3-4d66-8865-b72a78af22c8"
    },
    {
        "input": "What specific details about your system and issue should you provide to expedite technical support's assistance?",
        "actual_output": null,
        "expected_output": null,
        "context": [
            "Technical Support\n\nBefore contacting Customer Support, please make sure you have the following information:\n\nVersion of RadiantOne\n\nType of computer you are using including operating system\n\nThe license number for the software\n\nA description of your problem including error numbers if appropriate\n\nTechnical support can be reached using any of the following options:\n\nWebsite: https://support.radiantlogic.com   \n\nE-mail: support@radiantlogic."
        ],
        "source_file": "0212317d-cda8-43ed-aa9c-684e72886c9b"
    },
    {
        "input": "How do operations selection and entity designation differ when using SSL, TLS, and Mutual Authentication?",
        "actual_output": null,
        "expected_output": null,
        "context": [
            "Select the desired condition in the drop-down list.\n\nOperations: Read, Search, Add, Delete, Compare, Write, Self Write, Proxy, Move (current DN), Move (future DN)\n\nApply To: Who the access permission is applying to: specific IP addresses, public, all authenticated users, self, parent, users, groups, or users associated in a specific tree/branch.\n\nSSL, TLS, and Mutual Authentication\n\nTo keep identity information private over network links, RadiantOne supports TLS."
        ],
        "source_file": "6cf9c14d-9b02-4c52-9eb6-4b4e99a197d4"
    },
    {
        "input": "How do attribute-based authorization policies differ from group-based policies in managing access to backend data stores?",
        "actual_output": null,
        "expected_output": null,
        "context": [
            "Virtual groups are created, and the members are populated from different backend data stores.\n\n\n\nFigure 2. 10: Dynamic Group Example\n\nAttribute-based Authorization\n\nAs discussed in the previous section, some applications base their authorization policies on group memberships whereas others may implement authorization rules based on specific attribute values.  If all the attributes an application needs to base authorization decisions on were contained in one data source, there is typically no problem of reaching this information."
        ],
        "source_file": "41b624e8-5d5e-4fdd-819e-962f2745687e"
    },
    {
        "input": "How does disabling \"enableVdsConfigAuth\" in vdsconfig utility affect command execution vs. using RadiantOne super user credentials?",
        "actual_output": null,
        "expected_output": null,
        "context": [
            "In this context, the RadiantOne super user credentials are required. If you want to enforce that credentials are required to execute any command in the vdsconfig utility, add \"enableVdsConfigAuth\" : true to the vds_server.conf settings in Zookeeper. To change this setting:\n\nFrom the Main Control Panel, switch to Expert Mode.\n\nGo to the Zookeeper tab and navigate to /radiantone/<version>/<cluster_name>/config/vds_server.conf."
        ],
        "source_file": "67f2c03e-e5a3-47e2-9931-2312ac49eec4"
    },
    {
        "input": "What roles do pkey, rdnattr, and RDN value play in an LDAP Object Class?",
        "actual_output": null,
        "expected_output": null,
        "context": [
            "-objectclass\n\nThe LDAP Object Class for the object.\n\n-pkey \n\nThe list of primary key attribute(s) for the object.\n\n-rdnattr\n\nThe attribute(s) that will be used for the RDN value for the object\n\n-rdnname\n\nThe name of the RDN for the object."
        ],
        "source_file": "5d383cfe-22aa-4a23-9c9a-69f04e03d8d8"
    },
    {
        "input": "Where are the ACI migration tools found, and what credential requirements are outlined in Chapter 1?",
        "actual_output": null,
        "expected_output": null,
        "context": [
            "Both tools are located at <RLI_HOME>\\bin\\advanced.\n\nHow the Manual is Organized\n\nChapter 1: Overview \n\nThis chapter provides a general review of the ACI migration process and describes credential requirements related to the process."
        ],
        "source_file": "2969ddbd-393b-4d4f-aaaf-e8fb2922bcde"
    },
    {
        "input": "How does modifying the cursor attribute in RadiantOne differ for database changelog connectors compared to other connectors?",
        "actual_output": null,
        "expected_output": null,
        "context": [
            "Connect to RadiantOne with an administrator that has permissions to modify entries in cn=registry and browse to the configuration for your capture connector: cn=cursor,<pipelineID>,cn=registry\n\nEdit the cursor attribute and enter the value to indicate the point from which the connector should capture changes from. An example for a database changelog connector is shown below."
        ],
        "source_file": "225e33fa-345a-472c-b2a9-24c75a6fe2df"
    },
    {
        "input": "What cmd args are necessary for 'init-hdap-store' to determine the RadiantOne leader?",
        "actual_output": null,
        "expected_output": null,
        "context": [
            "For information on determining the RadiantOne leader, refer to the RadiantOne System Administration Guide.\n\nUsage:\n\ninit-hdap-store -ldif <ldif> -namingcontext <namingcontext>[-instance <instance>] [-interactive]\n\nCommand Arguments:\n\n-ldif <ldif>\n\n[required] The path to the LDIF file used for initializing.\n\n-namingcontext <namingcontext>\n\n [required] The name of the naming context."
        ],
        "source_file": "e7b91e08-b69d-4dea-b793-a8a10e7c3a2d"
    },
    {
        "input": "How does integrating new attrs into LDAP Proxy Primary Objects impact list, add, update, delete, and join functionalities?",
        "actual_output": null,
        "expected_output": null,
        "context": [
            "Proxy Primary Object Attributes\t74\n\n\tlist-ldap-primary-attr\t75\n\n\tadd-ldap-primary-attr\t76\n\n\tupdate-ldap-primary-attr\t78\n\n\tdelete-ldap-primary-attr\t79\n\nJoins on LDAP Primary Objects\t80\n\n\tlist-ldap-xjoin\t81\n\n\tadd-ldap-xjoin\t82\n\nExamples\t84\n\n\tupdate-ldap-xjoin\t85\n\n\tdelete-ldap-xjoin\t87\n\nBind Order on LDAP Proxy"
        ],
        "source_file": "7d6bae79-b8fd-4bd7-a50c-9a0b67159c19"
    },
    {
        "input": "Outline the steps involved in migrating ACI from OpenDJ, SunOne/Oracle ODSEE, and RadiantOne v6 to v7 using aciUtils.bat (.sh) on Unix.",
        "actual_output": null,
        "expected_output": null,
        "context": [
            "Chapter 2: OpenDJ, SunOne/Oracle ODSEE and RadiantOne v6 ACI Migration\n\nThis chapter describes how to migrate OpenDJ, SunOne/Oracle ODSEE and RadiantOne v6 ACI to RadiantOne v7 using the aciUtils.bat (.sh on Unix systems) tool."
        ],
        "source_file": "d9b21627-f042-4a37-b7db-92d71421a1fd"
    },
    {
        "input": "How should one manipulate join conditions and apply a priority weight of 1792 to conceal an attribute?",
        "actual_output": null,
        "expected_output": null,
        "context": [
            "These attributes are not returned in the joined entry. \n\n\n\nFigure 2. 7: Marking Attribute as Hidden\n\nIMPORTANT NOTE \u2013 if you edit the join condition manually, and want to make an attribute returned from a joined object hidden, add a value of 1792 to the priority weight you have set."
        ],
        "source_file": "5af4a2ef-5901-4123-8fba-029513d60e7f"
    },
    {
        "input": "How does omitting -primaryobject and not specifying -instance influence the default instance's role in the command execution?",
        "actual_output": null,
        "expected_output": null,
        "context": [
            "-primaryobject <primaryobject>\n\n[required] The name of the primary object.\n\n-instance <instance>\n\nThe name of the RadiantOne instance. If not specified, the default instance named vds_server is used.\n\n-joinid <joinid> \n\nThe join profile name for an existing join. If this option is specified, the command displays the join URL associated with that ID.\n\n-mergedatasource <mergedatasource>\n\nThe data source name for the merge tree backend."
        ],
        "source_file": "30ab7a25-41b0-4ac9-8ba6-ed4d5ac89fac"
    },
    {
        "input": "How can a virtual view be structured to facilitate hierarchical delegated administration and flat user authentication?",
        "actual_output": null,
        "expected_output": null,
        "context": [
            "The goal is to design the views of data that applications expect to see. Some applications may work best with a very hierarchical view of data (for delegated administration for example), while a flat view works well for others (a unique list of users for authentication as an example).\n\nThere are two aspects to focus on:\n\nThe structure of the virtual view (how deep of a hierarchy you need)."
        ],
        "source_file": "bc5a4c26-f50c-4bfc-bf24-29f819781225"
    },
    {
        "input": "If a new attribute type was introduced in RadiantOne, how would 'Main', 'Computed', and join attributes be classified using REST (ADAP) with the default instance vds_server?",
        "actual_output": null,
        "expected_output": null,
        "context": [
            "For primary backend attributes use 'Main'. For computed attributes use 'Computed'. For join attributes, use the join ID.\n\n-instance <instance>\n\nThe name of the RadiantOne instance. If not specified, the default instance named vds_server is used.\n\nREST (ADAP) Example \n\nIn the following example, a request is made to delete the LOGIN attribute from a database proxy view."
        ],
        "source_file": "22d0bdb0-f0bc-4f6f-88ce-e49fd3744346"
    },
    {
        "input": "What impact might a misconfiguration in the properties files have on the extraction, conversion, and import of IBM Tivoli Directory ACI to RadiantOne v7?",
        "actual_output": null,
        "expected_output": null,
        "context": [
            "These files were configured in the Preparing Properties Files section. \n\nExample\n\nibmAciMigration.bat C:\\genldif\\config.properties C:\\genldif\\mapping.properties\n\nThe utility extracts and converts the IBM Tivoli Directory ACI to an ACI format compatible with RadiantOne v7 in the location specified by the outputFile value (this was configured in the Creating the Configuration Properties File section). The ACI are now ready to be imported into RadiantOne manually."
        ],
        "source_file": "86d3aa7f-cd93-4d00-9bba-267a8110a957"
    },
    {
        "input": "When mapping db columns to LDAP attributes, how do default and individual attribute mappings differ procedurally?",
        "actual_output": null,
        "expected_output": null,
        "context": [
            "Figure 3. 29: Change Mapping for Objects\n\nSelect the object class from the drop-down list that you want mapped to the database object. \n\nWhen mapping database columns to LDAP attributes, you can apply a default mapping, map each attribute individually based on the object class definition selected in step 3, or manually enter your own mapped attribute name. To map to an existing LDAP attribute, select the corresponding LDAP attribute from the drop-down list."
        ],
        "source_file": "13ad4b10-bf90-4ed6-8a9f-09692036265a"
    },
    {
        "input": "What command syntax fetches 'Class' for 'employees' in 'northwind2' using vdsconfig.bat?",
        "actual_output": null,
        "expected_output": null,
        "context": [
            "To get this property with the get-node-property command, you would use the following:\n\nC:\\radiantone\\vds\\bin>vdsconfig.bat get-node-property -dn employees,dv=northwind2,o=vds -prop Class\n\nUsing RLI home : C:\\radiantone\\vds\n\nUsing Java home : C:\\radiantone\\vds\\jdk\\jre\n\nLoading module BASICS\n\n2018-04-06 15:43:34 INFO  c.r."
        ],
        "source_file": "f94ee5e5-5a84-4c39-a316-584550a7d246"
    },
    {
        "OpenAI_Average_Rank_Vector": 1.6533333333333333,
        "OpenAI_Reciprocal_Rank_Vector": 0.8498047138047139,
        "OpenAI_Time_Elapsed_Vector": 46.96485686302185
    },
    {
        "BGE_Average_Rank_Vector": 2.7333333333333334,
        "BGE_Reciprocal_Rank_Vector": 0.8516647114686332,
        "BGE_Time_Elapsed_Vector": 18.452503204345703
    },
    {
        "FTS_Average_Rank": 3.2666666666666666,
        "FTS_Reciprocal_Rank": 0.7670322689588306,
        "FTS_Time_Elapsed": 46.257818937301636
    },
    {
        "OpenAI_Average_Rank_Hybrid": 1.36,
        "OpenAI_Reciprocal_Rank_Hybrid": 0.890793650793651,
        "OpenAI_Time_Elapsed_Hybrid": 88.69544172286987
    },
    {
        "BGE_Average_Rank_Hybrid": 2.12,
        "BGE_Reciprocal_Rank_Hybrid": 0.9073484162895927,
        "BGE_Time_Elapsed_Hybrid": 50.72920751571655
    },
    {
        "OpenAI_Average_Rank_CrossEncoder": 1.3466666666666667,
        "OpenAI_Reciprocal_Rank_CrossEncoder": 0.887037037037037,
        "OpenAI_Time_Elapsed_CrossEncoder": 115.74979758262634
    },
    {
        "BGE_Average_Rank_CrossEncoder": 1.36,
        "BGE_Reciprocal_Rank_CrossEncoder": 0.8859259259259259,
        "BGE_Time_Elapsed_CrossEncoder": 70.57322192192078
    }
]